TIPO DE MEJORAMIENTO,INGRESOS MENSUALES,LOCALIDAD,SECTOR,CICLO DE VIDA,GRUPO POBLACIONAL,ENTIDAD DISTRITAL QUE ASIGNA EL SUBSIDIO,NIVEL EDUCATIVO,SEXO,ESTADO CIVIL,OCUPACIÓN,ÉTNICO,VALOR_SUBSIDIO
SANEAMIENTO BÁSICO,Menor a 1 SMMLV,Localidad 2 - Virgen y Turistica,URBANO,ADULTO MAYOR (60 o más),Ninguno,CORVIVIENDA,Básica primaria (1.o - 5.o),Mujer,Soltero(a),Trabajador Independiente,Ninguno,15600000.0
SANEAMIENTO BÁSICO,No tiene,Localidad 2 - Virgen y Turistica,URBANO,ADULTO MAYOR (60 o más),Pobreza Extrema,CORVIVIENDA,Básica primaria (1.o - 5.o),Mujer,Casado(a),Ama de Casa/Cuidador,Ninguno,15600000.0
SANEAMIENTO BÁSICO,Menor a 1 SMMLV,Localidad 2 - Virgen y Turistica,URBANO,ADULTO MAYOR (60 o más),Pobreza Extrema,CORVIVIENDA,Básica primaria (1.o - 5.o),Mujer,Unión libre,Ama de Casa/Cuidador,Ninguno,15600000.0
SANEAMIENTO BÁSICO,Entre 1 y 2 SMMLV,Localidad 2 - Virgen y Turistica,URBANO,ADULTO MAYOR (60 o más),Ninguno,CORVIVIENDA,Básica primaria (1.o - 5.o),Hombre,Casado(a),Sin actividad,Ninguno,15600000.0
SANEAMIENTO BÁSICO,Entre 1 y 2 SMMLV,Localidad 2 - Virgen y Turistica,URBANO,ADULTEZ (29-59),Pobreza Extrema,CORVIVIENDA,Básica primaria (1.o - 5.o),Hombre,Unión libre,Trabajador Independiente,Ninguno,15600000.0
SANEAMIENTO BÁSICO,Menor a 1 SMMLV,Localidad 2 - Virgen y Turistica,URBANO,ADULTEZ (29-59),Pobreza Extrema,CORVIVIENDA,Básica primaria (1.o - 5.o),Mujer,Unión libre,Desempleado,Ninguno,15600000.0
SANEAMIENTO BÁSICO,Menor a 1 SMMLV,Localidad 2 - Virgen y Turistica,URBANO,ADULTO MAYOR (60 o más),Pobreza Extrema,CORVIVIENDA,Preescolar,Mujer,Unión libre,Desempleado,Ninguno,15600000.0
SANEAMIENTO BÁSICO,Menor a 1 SMMLV,Localidad 2 - Virgen y Turistica,URBANO,ADULTEZ (29-59),Pobreza Extrema,CORVIVIENDA,Básica primaria (1.o - 5.o),Mujer,Unión libre,Trabajador Independiente,Ninguno,15600000.0
SANEAMIENTO BÁSICO,Menor a 1 SMMLV,Localidad 2 - Virgen y Turistica,URBANO,JUVENTUD (18-28),Pobreza Extrema,CORVIVIENDA,Básica secundaria (6.o - 9.o),Hombre,Unión libre,Trabajador Independiente,Ninguno,15600000.0
SANEAMIENTO BÁSICO,Menor a 1 SMMLV,Localidad 2 - Virgen y Turistica,URBANO,ADULTO MAYOR (60 o más),Pobreza Extrema,CORVIVIENDA,Básica primaria (1.o - 5.o),Hombre,Unión libre,Desempleado,Ninguno,15600000.0
SANEAMIENTO BÁSICO,Menor a 1 SMMLV,Localidad 2 - Virgen y Turistica,URBANO,ADULTEZ (29-59),Ninguno,CORVIVIENDA,Básica secundaria (6.o - 9.o),Mujer,Unión libre,Ama de Casa/Cuidador,Ninguno,15600000.0
SANEAMIENTO BÁSICO,Menor a 1 SMMLV,Localidad 2 - Virgen y Turistica,URBANO,ADULTEZ (29-59),Pobreza Extrema,CORVIVIENDA,Básica secundaria (6.o - 9.o),Mujer,Unión libre,Desempleado,Ninguno,15600000.0
SANEAMIENTO BÁSICO,Menor a 1 SMMLV,Localidad 2 - Virgen y Turistica,URBANO,ADULTO MAYOR (60 o más),Pobreza Extrema,CORVIVIENDA,Básica primaria (1.o - 5.o),Mujer,Viudo(a),Ama de Casa/Cuidador,Ninguno,15600000.0
SANEAMIENTO BÁSICO,Menor a 1 SMMLV,Localidad 2 - Virgen y Turistica,URBANO,ADULTO MAYOR (60 o más),Pobreza Extrema,CORVIVIENDA,Básica primaria (1.o - 5.o),Mujer,Unión libre,Desempleado,Ninguno,15600000.0
SANEAMIENTO BÁSICO,Menor a 1 SMMLV,Localidad 2 - Virgen y Turistica,URBANO,ADULTEZ (29-59),Pobreza Extrema,CORVIVIENDA,Básica primaria (1.o - 5.o),Hombre,Unión libre,Trabajador Independiente,Ninguno,15600000.0
SANEAMIENTO BÁSICO,No tiene,Localidad 2 - Virgen y Turistica,URBANO,ADULTO MAYOR (60 o más),Pobreza Extrema,CORVIVIENDA,Básica secundaria (6.o - 9.o),Mujer,Unión libre,Ama de Casa/Cuidador,Ninguno,15600000.0
SANEAMIENTO BÁSICO,Menor a 1 SMMLV,Localidad 2 - Virgen y Turistica,URBANO,ADULTEZ (29-59),Pobreza Extrema,CORVIVIENDA,Básica secundaria (6.o - 9.o),Hombre,Unión libre,Trabajador Independiente,Ninguno,15600000.0
SANEAMIENTO BÁSICO,Menor a 1 SMMLV,Localidad 2 - Virgen y Turistica,URBANO,ADULTEZ (29-59),Ninguno,CORVIVIENDA,Técnico o tecnológico (1 - 4),Mujer,Casado(a),Ama de Casa/Cuidador,Ninguno,15600000.0
SANEAMIENTO BÁSICO,Menor a 1 SMMLV,Localidad 2 - Virgen y Turistica,URBANO,ADULTO MAYOR (60 o más),Pobreza Extrema,CORVIVIENDA,Básica primaria (1.o - 5.o),Mujer,Separado(a) o divorciado(a),Ama de Casa/Cuidador,Ninguno,15600000.0
SANEAMIENTO BÁSICO,Menor a 1 SMMLV,Localidad 2 - Virgen y Turistica,URBANO,ADULTEZ (29-59),Pobreza Extrema,CORVIVIENDA,Básica secundaria (6.o - 9.o),Mujer,Unión libre,Trabajador Independiente,Ninguno,15600000.0
SANEAMIENTO BÁSICO,Menor a 1 SMMLV,Localidad 2 - Virgen y Turistica,URBANO,ADULTEZ (29-59),Ninguno,CORVIVIENDA,Básica primaria (1.o - 5.o),Mujer,Unión libre,Trabajador Independiente,Ninguno,15600000.0
SANEAMIENTO BÁSICO,Menor a 1 SMMLV,Localidad 2 - Virgen y Turistica,URBANO,ADULTO MAYOR (60 o más),Pobreza Extrema,CORVIVIENDA,Básica primaria (1.o - 5.o),Hombre,Unión libre,Trabajador Independiente,Ninguno,15600000.0
SANEAMIENTO BÁSICO,Menor a 1 SMMLV,Localidad 2 - Virgen y Turistica,URBANO,ADULTO MAYOR (60 o más),Víctima Conflicto Armado,CORVIVIENDA,Básica primaria (1.o - 5.o),Mujer,Unión libre,Ama de Casa/Cuidador,Ninguno,15600000.0
SANEAMIENTO BÁSICO,Menor a 1 SMMLV,Localidad 2 - Virgen y Turistica,URBANO,ADULTO MAYOR (60 o más),Ninguno,CORVIVIENDA,Básica secundaria (6.o - 9.o),Hombre,Unión libre,Trabajador Independiente,Ninguno,15600000.0
SANEAMIENTO BÁSICO,Menor a 1 SMMLV,Localidad 2 - Virgen y Turistica,URBANO,ADULTEZ (29-59),Pobreza Extrema,CORVIVIENDA,Técnico o tecnológico (1 - 4),Mujer,Unión libre,Trabajador Independiente,Ninguno,15600000.0
SANEAMIENTO BÁSICO,No tiene,Localidad 2 - Virgen y Turistica,URBANO,ADULTO MAYOR (60 o más),Pobreza Extrema,CORVIVIENDA,Básica primaria (1.o - 5.o),Mujer,Viudo(a),Ama de Casa/Cuidador,Ninguno,15600000.0
SANEAMIENTO BÁSICO,Menor a 1 SMMLV,Localidad 2 - Virgen y Turistica,URBANO,ADULTO MAYOR (60 o más),Pobreza Extrema,CORVIVIENDA,Básica secundaria (6.o - 9.o),Hombre,Unión libre,Trabajador Independiente,Ninguno,15600000.0
SANEAMIENTO BÁSICO,Menor a 1 SMMLV,Localidad 2 - Virgen y Turistica,URBANO,ADULTO MAYOR (60 o más),Ninguno,CORVIVIENDA,Básica secundaria (6.o - 9.o),Mujer,Separado(a) o divorciado(a),Ama de Casa/Cuidador,Ninguno,15600000.0
SANEAMIENTO BÁSICO,Menor a 1 SMMLV,Localidad 2 - Virgen y Turistica,URBANO,ADULTO MAYOR (60 o más),Pobreza Extrema,CORVIVIENDA,Básica primaria (1.o - 5.o),Mujer,Soltero(a),Ama de Casa/Cuidador,Ninguno,15600000.0
SANEAMIENTO BÁSICO,Menor a 1 SMMLV,Localidad 2 - Virgen y Turistica,URBANO,ADULTEZ (29-59),Pobreza Extrema,CORVIVIENDA,Básica primaria (1.o - 5.o),Hombre,Unión libre,Desempleado,Ninguno,15600000.0
SANEAMIENTO BÁSICO,Menor a 1 SMMLV,Localidad 2 - Virgen y Turistica,URBANO,ADULTO MAYOR (60 o más),Ninguno,CORVIVIENDA,Básica secundaria (6.o - 9.o),Mujer,Unión libre,Ama de Casa/Cuidador,Ninguno,15600000.0
SANEAMIENTO BÁSICO,Menor a 1 SMMLV,Localidad 2 - Virgen y Turistica,URBANO,ADULTO MAYOR (60 o más),Pobreza Extrema,CORVIVIENDA,Básica primaria (1.o - 5.o),Mujer,Casado(a),Sin actividad,Ninguno,15600000.0
SANEAMIENTO BÁSICO,Entre 1 y 2 SMMLV,Localidad 2 - Virgen y Turistica,URBANO,ADULTO MAYOR (60 o más),Ninguno,CORVIVIENDA,Básica primaria (1.o - 5.o),Mujer,Unión libre,Ama de Casa/Cuidador,Ninguno,15600000.0
SANEAMIENTO BÁSICO,Entre 1 y 2 SMMLV,Localidad 2 - Virgen y Turistica,URBANO,ADULTEZ (29-59),Pobreza Extrema,CORVIVIENDA,Media (10.o - 13.o),Hombre,Unión libre,Empleado,Ninguno,15600000.0
SANEAMIENTO BÁSICO,Menor a 1 SMMLV,Localidad 2 - Virgen y Turistica,URBANO,ADULTO MAYOR (60 o más),Ninguno,CORVIVIENDA,Básica secundaria (6.o - 9.o),Mujer,Viudo(a),Sin actividad,Ninguno,15600000.0
SANEAMIENTO BÁSICO,No tiene,Localidad 2 - Virgen y Turistica,URBANO,ADULTEZ (29-59),Pobreza Extrema,CORVIVIENDA,Básica primaria (1.o - 5.o),Mujer,Unión libre,Ama de Casa/Cuidador,Ninguno,15600000.0
SANEAMIENTO BÁSICO,Menor a 1 SMMLV,Localidad 2 - Virgen y Turistica,URBANO,ADULTEZ (29-59),Víctima Conflicto Armado por Desplazamiento Forzado,CORVIVIENDA,Básica secundaria (6.o - 9.o),Mujer,Unión libre,Trabajador Independiente,Ninguno,15600000.0
SANEAMIENTO BÁSICO,Menor a 1 SMMLV,Localidad 2 - Virgen y Turistica,URBANO,JUVENTUD (18-28),Pobreza Extrema,CORVIVIENDA,Básica secundaria (6.o - 9.o),Hombre,Soltero(a),Desempleado,Ninguno,15600000.0
SANEAMIENTO BÁSICO,Menor a 1 SMMLV,Localidad 2 - Virgen y Turistica,URBANO,ADULTO MAYOR (60 o más),Pobreza Extrema,CORVIVIENDA,Básica secundaria (6.o - 9.o),Mujer,Unión libre,Trabajador Independiente,Ninguno,15600000.0
SANEAMIENTO BÁSICO,Menor a 1 SMMLV,Localidad 2 - Virgen y Turistica,URBANO,ADULTEZ (29-59),Pobreza Extrema,CORVIVIENDA,Básica secundaria (6.o - 9.o),Mujer,Casado(a),Ama de Casa/Cuidador,Ninguno,15600000.0
SANEAMIENTO BÁSICO,Menor a 1 SMMLV,Localidad 2 - Virgen y Turistica,URBANO,ADULTEZ (29-59),Víctima Conflicto Armado,CORVIVIENDA,Básica secundaria (6.o - 9.o),Hombre,Separado(a) o divorciado(a),Trabajador Independiente,Ninguno,15600000.0
SANEAMIENTO BÁSICO,Entre 1 y 2 SMMLV,Localidad 2 - Virgen y Turistica,URBANO,ADULTO MAYOR (60 o más),Ninguno,CORVIVIENDA,Básica secundaria (6.o - 9.o),Mujer,Soltero(a),Ama de Casa/Cuidador,Ninguno,15600000.0
SANEAMIENTO BÁSICO,Menor a 1 SMMLV,Localidad 2 - Virgen y Turistica,URBANO,ADULTEZ (29-59),Pobreza Extrema,CORVIVIENDA,Básica primaria (1.o - 5.o),Mujer,Soltero(a),Ama de Casa/Cuidador,Ninguno,15600000.0
SANEAMIENTO BÁSICO,Menor a 1 SMMLV,Localidad 2 - Virgen y Turistica,URBANO,ADULTEZ (29-59),Pobreza Extrema,CORVIVIENDA,Básica secundaria (6.o - 9.o),Mujer,Soltero(a),Desempleado,Ninguno,15600000.0
SANEAMIENTO BÁSICO,Menor a 1 SMMLV,Localidad 2 - Virgen y Turistica,URBANO,JUVENTUD (18-28),Damnificados,CORVIVIENDA,Básica secundaria (6.o - 9.o),Mujer,Soltero(a),Desempleado,Ninguno,15600000.0
SANEAMIENTO BÁSICO,Menor a 1 SMMLV,Localidad 2 - Virgen y Turistica,URBANO,JUVENTUD (18-28),Pobreza Extrema,CORVIVIENDA,Básica secundaria (6.o - 9.o),Mujer,Soltero(a),Desempleado,Ninguno,15600000.0
SANEAMIENTO BÁSICO,Menor a 1 SMMLV,Localidad 2 - Virgen y Turistica,URBANO,ADULTEZ (29-59),Pobreza Extrema,CORVIVIENDA,Básica secundaria (6.o - 9.o),Mujer,Soltero(a),Trabajador Independiente,Ninguno,15600000.0
SANEAMIENTO BÁSICO,Menor a 1 SMMLV,Localidad 2 - Virgen y Turistica,URBANO,ADULTEZ (29-59),Ninguno,CORVIVIENDA,Básica primaria (1.o - 5.o),Mujer,Viudo(a),Ama de Casa/Cuidador,Ninguno,15600000.0
SANEAMIENTO BÁSICO,Menor a 1 SMMLV,Localidad 2 - Virgen y Turistica,URBANO,ADULTEZ (29-59),Ninguno,CORVIVIENDA,Básica secundaria (6.o - 9.o),Mujer,Separado(a) o divorciado(a),Ama de Casa/Cuidador,Ninguno,15600000.0
SANEAMIENTO BÁSICO,Menor a 1 SMMLV,Localidad 2 - Virgen y Turistica,URBANO,ADULTO MAYOR (60 o más),Pobreza Extrema,CORVIVIENDA,Básica primaria (1.o - 5.o),Hombre,Separado(a) o divorciado(a),Trabajador Independiente,Ninguno,15600000.0
SANEAMIENTO BÁSICO,Menor a 1 SMMLV,Localidad 2 - Virgen y Turistica,URBANO,ADULTO MAYOR (60 o más),Ninguno,CORVIVIENDA,Básica primaria (1.o - 5.o),Mujer,Soltero(a),Sin actividad,Ninguno,15600000.0
SANEAMIENTO BÁSICO,Menor a 1 SMMLV,Localidad 2 - Virgen y Turistica,URBANO,ADULTEZ (29-59),Damnificados,CORVIVIENDA,Básica secundaria (6.o - 9.o),Mujer,Unión libre,Ama de Casa/Cuidador,Ninguno,15600000.0
SANEAMIENTO BÁSICO,Menor a 1 SMMLV,Localidad 2 - Virgen y Turistica,URBANO,ADULTEZ (29-59),Pobreza Extrema,CORVIVIENDA,Básica secundaria (6.o - 9.o),Mujer,Unión libre,Ama de Casa/Cuidador,Ninguno,15600000.0
SANEAMIENTO BÁSICO,Menor a 1 SMMLV,Localidad 2 - Virgen y Turistica,URBANO,ADULTO MAYOR (60 o más),Pobreza Extrema,CORVIVIENDA,Básica primaria (1.o - 5.o),Mujer,Casado(a),Ama de Casa/Cuidador,Ninguno,15600000.0
SANEAMIENTO BÁSICO,Menor a 1 SMMLV,Localidad 2 - Virgen y Turistica,URBANO,ADULTO MAYOR (60 o más),Ninguno,CORVIVIENDA,Básica primaria (1.o - 5.o),Mujer,Separado(a) o divorciado(a),Ama de Casa/Cuidador,Ninguno,15600000.0
SANEAMIENTO BÁSICO,Menor a 1 SMMLV,Localidad 2 - Virgen y Turistica,URBANO,ADULTEZ (29-59),Víctima Conflicto Armado,CORVIVIENDA,Técnico o tecnológico (1 - 4),Mujer,Soltero(a),Trabajador Independiente,Ninguno,15600000.0
SANEAMIENTO BÁSICO,Menor a 1 SMMLV,Localidad 2 - Virgen y Turistica,URBANO,ADULTO MAYOR (60 o más),Pobreza Extrema,CORVIVIENDA,Básica secundaria (6.o - 9.o),Mujer,Unión libre,Ama de Casa/Cuidador,Ninguno,15600000.0
SANEAMIENTO BÁSICO,Menor a 1 SMMLV,Localidad 2 - Virgen y Turistica,URBANO,JUVENTUD (18-28),Damnificados,CORVIVIENDA,Media (10.o - 13.o),Hombre,Unión libre,Desempleado,Ninguno,15600000.0
SANEAMIENTO BÁSICO,No tiene,Localidad 2 - Virgen y Turistica,URBANO,ADULTO MAYOR (60 o más),Pobreza Extrema,CORVIVIENDA,Básica primaria (1.o - 5.o),Mujer,Unión libre,Ama de Casa/Cuidador,Ninguno,15600000.0
SANEAMIENTO BÁSICO,Menor a 1 SMMLV,Localidad 2 - Virgen y Turistica,URBANO,ADULTEZ (29-59),Ninguno,CORVIVIENDA,Básica primaria (1.o - 5.o),Mujer,Soltero(a),Ama de Casa/Cuidador,Ninguno,15600000.0
SANEAMIENTO BÁSICO,Menor a 1 SMMLV,Localidad 2 - Virgen y Turistica,URBANO,ADULTO MAYOR (60 o más),Pobreza Extrema,CORVIVIENDA,Media (10.o - 13.o),Hombre,Unión libre,Ama de Casa/Cuidador,Ninguno,15600000.0
SANEAMIENTO BÁSICO,Menor a 1 SMMLV,Localidad 2 - Virgen y Turistica,URBANO,ADULTEZ (29-59),Ninguno,CORVIVIENDA,Básica primaria (1.o - 5.o),Mujer,Unión libre,Ama de Casa/Cuidador,Ninguno,15600000.0
SANEAMIENTO BÁSICO,Menor a 1 SMMLV,Localidad 2 - Virgen y Turistica,URBANO,ADULTO MAYOR (60 o más),Pobreza Extrema,CORVIVIENDA,Básica primaria (1.o - 5.o),Hombre,Unión libre,Ama de Casa/Cuidador,Ninguno,15600000.0
SANEAMIENTO BÁSICO,Menor a 1 SMMLV,Localidad 2 - Virgen y Turistica,URBANO,ADULTO MAYOR (60 o más),Ninguno,CORVIVIENDA,Básica secundaria (6.o - 9.o),Mujer,Separado(a) o divorciado(a),Ama de Casa/Cuidador,Ninguno,15600000.0
SANEAMIENTO BÁSICO,Menor a 1 SMMLV,Localidad 2 - Virgen y Turistica,URBANO,ADULTEZ (29-59),Pobreza Extrema,CORVIVIENDA,Media (10.o - 13.o),Mujer,Casado(a),Trabajador Independiente,"Negro(a), mulato(a), afrodescendiente, afrocolombiano(a)",15600000.0
SANEAMIENTO BÁSICO,Menor a 1 SMMLV,Localidad 2 - Virgen y Turistica,URBANO,ADULTO MAYOR (60 o más),Ninguno,CORVIVIENDA,Básica primaria (1.o - 5.o),Mujer,Casado(a),Ama de Casa/Cuidador,Ninguno,15600000.0
SANEAMIENTO BÁSICO,No tiene,Localidad 2 - Virgen y Turistica,URBANO,ADULTO MAYOR (60 o más),Ninguno,CORVIVIENDA,Básica primaria (1.o - 5.o),Mujer,Casado(a),Ama de Casa/Cuidador,Ninguno,15600000.0
SANEAMIENTO BÁSICO,Menor a 1 SMMLV,Localidad 2 - Virgen y Turistica,URBANO,ADULTO MAYOR (60 o más),Pobreza Extrema,CORVIVIENDA,Básica primaria (1.o - 5.o),Mujer,Viudo(a),Ama de Casa/Cuidador,Ninguno,15600000.0
SANEAMIENTO BÁSICO,Entre 1 y 2 SMMLV,Localidad 2 - Virgen y Turistica,URBANO,ADULTEZ (29-59),Pobreza Extrema,CORVIVIENDA,Media (10.o - 13.o),Hombre,Unión libre,Trabajador Independiente,Ninguno,15600000.0
SANEAMIENTO BÁSICO,No tiene,Localidad 2 - Virgen y Turistica,URBANO,ADULTEZ (29-59),Pobreza Extrema,CORVIVIENDA,Básica secundaria (6.o - 9.o),Mujer,Unión libre,Ama de Casa/Cuidador,Ninguno,15600000.0
SANEAMIENTO BÁSICO,No tiene,Localidad 2 - Virgen y Turistica,URBANO,ADULTEZ (29-59),Pobreza Extrema,CORVIVIENDA,Básica secundaria (6.o - 9.o),Mujer,Soltero(a),Ama de Casa/Cuidador,Ninguno,15600000.0
SANEAMIENTO BÁSICO,Menor a 1 SMMLV,Localidad 2 - Virgen y Turistica,URBANO,JUVENTUD (18-28),Pobreza Extrema,CORVIVIENDA,Básica secundaria (6.o - 9.o),Mujer,Unión libre,Ama de Casa/Cuidador,Ninguno,15600000.0
SANEAMIENTO BÁSICO,Menor a 1 SMMLV,Localidad 2 - Virgen y Turistica,URBANO,ADULTEZ (29-59),Ninguno,CORVIVIENDA,Básica secundaria (6.o - 9.o),Mujer,Soltero(a),Ama de Casa/Cuidador,Ninguno,15600000.0
SANEAMIENTO BÁSICO,Menor a 1 SMMLV,Localidad 2 - Virgen y Turistica,URBANO,ADULTEZ (29-59),Ninguno,CORVIVIENDA,Básica secundaria (6.o - 9.o),Mujer,Soltero(a),Ama de Casa/Cuidador,Ninguno,15600000.0
SANEAMIENTO BÁSICO,Menor a 1 SMMLV,Localidad 2 - Virgen y Turistica,URBANO,ADULTEZ (29-59),Pobreza Extrema,CORVIVIENDA,Técnico o tecnológico (1 - 4),Mujer,Soltero(a),Trabajador Independiente,Ninguno,15600000.0
SANEAMIENTO BÁSICO,Menor a 1 SMMLV,Localidad 2 - Virgen y Turistica,URBANO,ADULTO MAYOR (60 o más),Víctima Conflicto Armado,CORVIVIENDA,Básica primaria (1.o - 5.o),Hombre,Unión libre,Ama de Casa/Cuidador,Ninguno,15600000.0
SANEAMIENTO BÁSICO,Menor a 1 SMMLV,Localidad 2 - Virgen y Turistica,URBANO,ADULTEZ (29-59),Pobreza Extrema,CORVIVIENDA,Básica primaria (1.o - 5.o),Mujer,Casado(a),Ama de Casa/Cuidador,Ninguno,15600000.0
SANEAMIENTO BÁSICO,Menor a 1 SMMLV,Localidad 2 - Virgen y Turistica,URBANO,ADULTO MAYOR (60 o más),Ninguno,CORVIVIENDA,Ninguno,Mujer,Viudo(a),Ama de Casa/Cuidador,Ninguno,15600000.0
SANEAMIENTO BÁSICO,No tiene,Localidad 2 - Virgen y Turistica,URBANO,ADULTO MAYOR (60 o más),Ninguno,CORVIVIENDA,Básica secundaria (6.o - 9.o),Hombre,Unión libre,Trabajador Independiente,Ninguno,15600000.0
SANEAMIENTO BÁSICO,No tiene,Localidad 2 - Virgen y Turistica,URBANO,ADULTO MAYOR (60 o más),Pobreza Extrema,CORVIVIENDA,Básica secundaria (6.o - 9.o),Hombre,Unión libre,Trabajador Independiente,Ninguno,15600000.0
SANEAMIENTO BÁSICO,Menor a 1 SMMLV,Localidad 2 - Virgen y Turistica,URBANO,ADULTEZ (29-59),Ninguno,CORVIVIENDA,Técnico o tecnológico (1 - 4),Mujer,Separado(a) o divorciado(a),Empleado,Ninguno,15600000.0
SANEAMIENTO BÁSICO,Menor a 1 SMMLV,Localidad 2 - Virgen y Turistica,URBANO,ADULTEZ (29-59),Ninguno,CORVIVIENDA,Básica primaria (1.o - 5.o),Mujer,Casado(a),Ama de Casa/Cuidador,Ninguno,15600000.0
SANEAMIENTO BÁSICO,Menor a 1 SMMLV,Localidad 2 - Virgen y Turistica,URBANO,ADULTEZ (29-59),Víctima Conflicto Armado,CORVIVIENDA,Media (10.o - 13.o),Hombre,Unión libre,Trabajador Independiente,Ninguno,15600000.0
SANEAMIENTO BÁSICO,Menor a 1 SMMLV,Localidad 2 - Virgen y Turistica,URBANO,ADULTO MAYOR (60 o más),Ninguno,CORVIVIENDA,Ninguno,Mujer,Soltero(a),Ama de Casa/Cuidador,Ninguno,15600000.0
SANEAMIENTO BÁSICO,Menor a 1 SMMLV,Localidad 2 - Virgen y Turistica,URBANO,JUVENTUD (18-28),Ninguno,CORVIVIENDA,Técnico o tecnológico (1 - 4),Hombre,Soltero(a),Empleado,Ninguno,15600000.0
SANEAMIENTO BÁSICO,Menor a 1 SMMLV,Localidad 2 - Virgen y Turistica,URBANO,JUVENTUD (18-28),Ninguno,CORVIVIENDA,Técnico o tecnológico (1 - 4),Mujer,Soltero(a),Estudiante,Ninguno,15600000.0
SANEAMIENTO BÁSICO,Menor a 1 SMMLV,Localidad 2 - Virgen y Turistica,URBANO,ADULTEZ (29-59),Ninguno,CORVIVIENDA,Básica secundaria (6.o - 9.o),Mujer,Separado(a) o divorciado(a),Trabajador Independiente,Ninguno,15600000.0
SANEAMIENTO BÁSICO,Menor a 1 SMMLV,Localidad 2 - Virgen y Turistica,URBANO,JUVENTUD (18-28),Ninguno,CORVIVIENDA,Técnico o tecnológico (1 - 4),Mujer,Unión libre,Ama de Casa/Cuidador,Ninguno,15600000.0
SANEAMIENTO BÁSICO,Entre 1 y 2 SMMLV,Localidad 2 - Virgen y Turistica,URBANO,ADULTEZ (29-59),Pobreza Extrema,CORVIVIENDA,Básica secundaria (6.o - 9.o),Mujer,Unión libre,Empleado,Ninguno,15600000.0
SANEAMIENTO BÁSICO,No tiene,Localidad 2 - Virgen y Turistica,URBANO,ADULTEZ (29-59),Pobreza Extrema,CORVIVIENDA,Básica secundaria (6.o - 9.o),Mujer,Unión libre,Desempleado,Ninguno,15600000.0
SANEAMIENTO BÁSICO,Menor a 1 SMMLV,Localidad 2 - Virgen y Turistica,URBANO,ADULTO MAYOR (60 o más),Pobreza Extrema,CORVIVIENDA,Básica primaria (1.o - 5.o),Hombre,Soltero(a),Trabajador Independiente,Ninguno,15600000.0
SANEAMIENTO BÁSICO,Menor a 1 SMMLV,Localidad 2 - Virgen y Turistica,URBANO,ADULTEZ (29-59),Ninguno,CORVIVIENDA,Básica primaria (1.o - 5.o),Hombre,Unión libre,Trabajador Independiente,Ninguno,15600000.0
SANEAMIENTO BÁSICO,Menor a 1 SMMLV,Localidad 2 - Virgen y Turistica,URBANO,ADULTEZ (29-59),Pobreza Extrema,CORVIVIENDA,Media (10.o - 13.o),Mujer,Unión libre,Ama de Casa/Cuidador,Ninguno,15600000.0
SANEAMIENTO BÁSICO,Menor a 1 SMMLV,Localidad 2 - Virgen y Turistica,URBANO,ADULTO MAYOR (60 o más),Ninguno,CORVIVIENDA,Básica primaria (1.o - 5.o),Hombre,Soltero(a),Desempleado,Ninguno,15600000.0
SANEAMIENTO BÁSICO,Menor a 1 SMMLV,Localidad 2 - Virgen y Turistica,URBANO,ADULTO MAYOR (60 o más),Ninguno,CORVIVIENDA,Ninguno,Hombre,Soltero(a),Desempleado,Ninguno,15600000.0
SANEAMIENTO BÁSICO,Menor a 1 SMMLV,Localidad 2 - Virgen y Turistica,URBANO,ADULTEZ (29-59),Pobreza Extrema,CORVIVIENDA,Básica secundaria (6.o - 9.o),Mujer,Soltero(a),Ama de Casa/Cuidador,Ninguno,15600000.0
SANEAMIENTO BÁSICO,Menor a 1 SMMLV,Localidad 2 - Virgen y Turistica,URBANO,ADULTO MAYOR (60 o más),Ninguno,CORVIVIENDA,Básica secundaria (6.o - 9.o),Mujer,Unión libre,Trabajador Independiente,Ninguno,15600000.0
SANEAMIENTO BÁSICO,Menor a 1 SMMLV,Localidad 2 - Virgen y Turistica,URBANO,ADULTEZ (29-59),Ninguno,CORVIVIENDA,Básica secundaria (6.o - 9.o),Mujer,Unión libre,Ama de Casa/Cuidador,Ninguno,15600000.0
SANEAMIENTO BÁSICO,Menor a 1 SMMLV,Localidad 2 - Virgen y Turistica,URBANO,ADULTO MAYOR (60 o más),Pobreza Extrema,CORVIVIENDA,Básica primaria (1.o - 5.o),Mujer,Soltero(a),Sin actividad,Ninguno,15600000.0
SANEAMIENTO BÁSICO,Menor a 1 SMMLV,Localidad 2 - Virgen y Turistica,URBANO,ADULTEZ (29-59),Pobreza Extrema,CORVIVIENDA,Media (10.o - 13.o),Mujer,Unión libre,Desempleado,Ninguno,15600000.0
SANEAMIENTO BÁSICO,Menor a 1 SMMLV,Localidad 2 - Virgen y Turistica,URBANO,ADULTEZ (29-59),Ninguno,CORVIVIENDA,Básica secundaria (6.o - 9.o),Mujer,Separado(a) o divorciado(a),Ama de Casa/Cuidador,Ninguno,15600000.0
SANEAMIENTO BÁSICO,Menor a 1 SMMLV,Localidad 2 - Virgen y Turistica,URBANO,ADULTO MAYOR (60 o más),Pobreza Extrema,CORVIVIENDA,Básica primaria (1.o - 5.o),Hombre,Unión libre,Desempleado,Ninguno,15600000.0
SANEAMIENTO BÁSICO,Menor a 1 SMMLV,Localidad 2 - Virgen y Turistica,URBANO,ADULTEZ (29-59),Ninguno,CORVIVIENDA,Básica secundaria (6.o - 9.o),Hombre,Unión libre,Trabajador Independiente,Ninguno,15600000.0
SANEAMIENTO BÁSICO,Menor a 1 SMMLV,Localidad 2 - Virgen y Turistica,URBANO,ADULTEZ (29-59),Ninguno,CORVIVIENDA,Media (10.o - 13.o),Mujer,Unión libre,Trabajador Independiente,Ninguno,15600000.0
SANEAMIENTO BÁSICO,Menor a 1 SMMLV,Localidad 2 - Virgen y Turistica,URBANO,ADULTO MAYOR (60 o más),Ninguno,CORVIVIENDA,Básica secundaria (6.o - 9.o),Mujer,Unión libre,Ama de Casa/Cuidador,Ninguno,15600000.0
SANEAMIENTO BÁSICO,Menor a 1 SMMLV,Localidad 2 - Virgen y Turistica,URBANO,ADULTO MAYOR (60 o más),Ninguno,CORVIVIENDA,Técnico o tecnológico (1 - 4),Mujer,Casado(a),Ama de Casa/Cuidador,Ninguno,15600000.0
SANEAMIENTO BÁSICO,Menor a 1 SMMLV,Localidad 2 - Virgen y Turistica,URBANO,ADULTO MAYOR (60 o más),Ninguno,CORVIVIENDA,Ninguno,Mujer,Casado(a),Ama de Casa/Cuidador,Ninguno,15600000.0
SANEAMIENTO BÁSICO,Menor a 1 SMMLV,Localidad 2 - Virgen y Turistica,URBANO,ADULTEZ (29-59),Ninguno,CORVIVIENDA,Técnico o tecnológico (1 - 4),Mujer,Unión libre,Ama de Casa/Cuidador,Ninguno,15600000.0
SANEAMIENTO BÁSICO,Menor a 1 SMMLV,Localidad 2 - Virgen y Turistica,RURAL,ADULTEZ (29-59),Ninguno,CORVIVIENDA,Básica primaria (1.o - 5.o),Hombre,Unión libre,Trabajador Independiente,"Negro(a), mulato(a), afrodescendiente, afrocolombiano(a)",18200000.0
SANEAMIENTO BÁSICO,NO REPORTADO,NO REPORTADO,RURAL,NO DISPONIBLE,NO REGISTRADO,CORVIVIENDA,NO REPORTADO,Mujer,NO REPORTADO,NO REPORTADO,NO REPORTADO,19929000.0
SANEAMIENTO BÁSICO,Entre 1 y 2 SMMLV,Localidad 2 - Virgen y Turistica,RURAL,ADULTEZ (29-59),Ninguno,CORVIVIENDA,Básica primaria (1.o - 5.o),Mujer,Unión libre,Ama de Casa/Cuidador,"Negro(a), mulato(a), afrodescendiente, afrocolombiano(a)",18200000.0
SANEAMIENTO BÁSICO,Menor a 1 SMMLV,Localidad 2 - Virgen y Turistica,RURAL,ADULTO MAYOR (60 o más),Ninguno,CORVIVIENDA,Ninguno,Hombre,Casado(a),Trabajador Independiente,"Negro(a), mulato(a), afrodescendiente, afrocolombiano(a)",18200000.0
SANEAMIENTO BÁSICO,Menor a 1 SMMLV,Localidad 2 - Virgen y Turistica,RURAL,JUVENTUD (18-28),Ninguno,CORVIVIENDA,Media (10.o - 13.o),Mujer,Unión libre,Ama de Casa/Cuidador,"Negro(a), mulato(a), afrodescendiente, afrocolombiano(a)",18200000.0
SANEAMIENTO BÁSICO,Menor a 1 SMMLV,Localidad 2 - Virgen y Turistica,RURAL,ADULTO MAYOR (60 o más),Ninguno,CORVIVIENDA,Básica primaria (1.o - 5.o),Mujer,Casado(a),Trabajador Independiente,"Negro(a), mulato(a), afrodescendiente, afrocolombiano(a)",18200000.0
SANEAMIENTO BÁSICO,Menor a 1 SMMLV,Localidad 2 - Virgen y Turistica,RURAL,ADULTO MAYOR (60 o más),Ninguno,CORVIVIENDA,Técnico o tecnológico (1 - 4),Hombre,Unión libre,Trabajador Independiente,Ninguno,18200000.0
SANEAMIENTO BÁSICO,Entre 1 y 2 SMMLV,Localidad 2 - Virgen y Turistica,RURAL,ADULTO MAYOR (60 o más),Ninguno,CORVIVIENDA,Básica primaria (1.o - 5.o),Hombre,Unión libre,Trabajador Independiente,"Negro(a), mulato(a), afrodescendiente, afrocolombiano(a)",18200000.0
SANEAMIENTO BÁSICO,Menor a 1 SMMLV,Localidad 2 - Virgen y Turistica,RURAL,ADULTEZ (29-59),Ninguno,CORVIVIENDA,Básica primaria (1.o - 5.o),Hombre,Unión libre,Trabajador Independiente,"Negro(a), mulato(a), afrodescendiente, afrocolombiano(a)",18200000.0
SANEAMIENTO BÁSICO,Entre 1 y 2 SMMLV,Localidad 2 - Virgen y Turistica,RURAL,ADULTEZ (29-59),Ninguno,CORVIVIENDA,Media (10.o - 13.o),Hombre,Unión libre,Trabajador Independiente,"Negro(a), mulato(a), afrodescendiente, afrocolombiano(a)",18200000.0
SANEAMIENTO BÁSICO,Menor a 1 SMMLV,Localidad 2 - Virgen y Turistica,RURAL,ADULTEZ (29-59),Ninguno,CORVIVIENDA,Básica primaria (1.o - 5.o),Mujer,Casado(a),Ama de Casa/Cuidador,"Negro(a), mulato(a), afrodescendiente, afrocolombiano(a)",18200000.0
SANEAMIENTO BÁSICO,Menor a 1 SMMLV,Localidad 2 - Virgen y Turistica,RURAL,ADULTEZ (29-59),Ninguno,CORVIVIENDA,Básica primaria (1.o - 5.o),Mujer,Separado(a) o divorciado(a),Ama de Casa/Cuidador,"Negro(a), mulato(a), afrodescendiente, afrocolombiano(a)",18200000.0
SANEAMIENTO BÁSICO,Menor a 1 SMMLV,Localidad 2 - Virgen y Turistica,RURAL,ADULTEZ (29-59),Ninguno,CORVIVIENDA,Técnico o tecnológico (1 - 4),Hombre,Soltero(a),Trabajador Independiente,"Negro(a), mulato(a), afrodescendiente, afrocolombiano(a)",19929000.0
SANEAMIENTO BÁSICO,Menor a 1 SMMLV,Localidad 2 - Virgen y Turistica,RURAL,ADULTEZ (29-59),Ninguno,CORVIVIENDA,Básica secundaria (6.o - 9.o),Mujer,Unión libre,Ama de Casa/Cuidador,"Negro(a), mulato(a), afrodescendiente, afrocolombiano(a)",18200000.0
SANEAMIENTO BÁSICO,Menor a 1 SMMLV,Localidad 2 - Virgen y Turistica,RURAL,ADULTEZ (29-59),Ninguno,CORVIVIENDA,Básica primaria (1.o - 5.o),Mujer,Casado(a),Ama de Casa/Cuidador,"Negro(a), mulato(a), afrodescendiente, afrocolombiano(a)",18200000.0
SANEAMIENTO BÁSICO,Menor a 1 SMMLV,Localidad 2 - Virgen y Turistica,RURAL,ADULTO MAYOR (60 o más),Ninguno,CORVIVIENDA,Ninguno,Mujer,Viudo(a),Ama de Casa/Cuidador,"Negro(a), mulato(a), afrodescendiente, afrocolombiano(a)",18200000.0
SANEAMIENTO BÁSICO,Entre 1 y 2 SMMLV,Localidad 2 - Virgen y Turistica,RURAL,ADULTEZ (29-59),Pobreza Extrema,CORVIVIENDA,Media (10.o - 13.o),Hombre,Unión libre,Trabajador Independiente,Ninguno,18200000.0
SANEAMIENTO BÁSICO,Menor a 1 SMMLV,Localidad 2 - Virgen y Turistica,RURAL,ADULTEZ (29-59),Ninguno,CORVIVIENDA,Media (10.o - 13.o),Mujer,Unión libre,Ama de Casa/Cuidador,"Negro(a), mulato(a), afrodescendiente, afrocolombiano(a)",18200000.0
SANEAMIENTO BÁSICO,Menor a 1 SMMLV,Localidad 2 - Virgen y Turistica,RURAL,ADULTEZ (29-59),Ninguno,CORVIVIENDA,Básica secundaria (6.o - 9.o),Hombre,Unión libre,Trabajador Independiente,"Negro(a), mulato(a), afrodescendiente, afrocolombiano(a)",18200000.0
SANEAMIENTO BÁSICO,Menor a 1 SMMLV,Localidad 2 - Virgen y Turistica,RURAL,ADULTO MAYOR (60 o más),Ninguno,CORVIVIENDA,Básica primaria (1.o - 5.o),Mujer,Viudo(a),Ama de Casa/Cuidador,Ninguno,18200000.0
SANEAMIENTO BÁSICO,Menor a 1 SMMLV,Localidad 2 - Virgen y Turistica,RURAL,ADULTO MAYOR (60 o más),Ninguno,CORVIVIENDA,Básica primaria (1.o - 5.o),Mujer,Viudo(a),Ama de Casa/Cuidador,"Negro(a), mulato(a), afrodescendiente, afrocolombiano(a)",18200000.0
SANEAMIENTO BÁSICO,Menor a 1 SMMLV,Localidad 2 - Virgen y Turistica,RURAL,ADULTO MAYOR (60 o más),Ninguno,CORVIVIENDA,Básica primaria (1.o - 5.o),Mujer,Casado(a),Ama de Casa/Cuidador,"Negro(a), mulato(a), afrodescendiente, afrocolombiano(a)",18200000.0
SANEAMIENTO BÁSICO,Entre 1 y 2 SMMLV,Localidad 2 - Virgen y Turistica,RURAL,ADULTEZ (29-59),Pobreza Extrema,CORVIVIENDA,Básica secundaria (6.o - 9.o),Mujer,Unión libre,Sin actividad,Ninguno,18200000.0
SANEAMIENTO BÁSICO,Entre 1 y 2 SMMLV,Localidad 2 - Virgen y Turistica,RURAL,ADULTO MAYOR (60 o más),Ninguno,CORVIVIENDA,Media (10.o - 13.o),Mujer,Unión libre,Ama de Casa/Cuidador,"Negro(a), mulato(a), afrodescendiente, afrocolombiano(a)",18200000.0
SANEAMIENTO BÁSICO,Entre 1 y 2 SMMLV,Localidad 2 - Virgen y Turistica,RURAL,ADULTEZ (29-59),Ninguno,CORVIVIENDA,Técnico o tecnológico (1 - 4),Hombre,Soltero(a),Empleado,"Negro(a), mulato(a), afrodescendiente, afrocolombiano(a)",18200000.0
SANEAMIENTO BÁSICO,Entre 1 y 2 SMMLV,Localidad 2 - Virgen y Turistica,RURAL,ADULTEZ (29-59),Ninguno,CORVIVIENDA,Básica primaria (1.o - 5.o),Mujer,Unión libre,Trabajador Independiente,"Negro(a), mulato(a), afrodescendiente, afrocolombiano(a)",18200000.0
SANEAMIENTO BÁSICO,Entre 1 y 2 SMMLV,Localidad 2 - Virgen y Turistica,RURAL,ADULTEZ (29-59),Ninguno,CORVIVIENDA,Media (10.o - 13.o),Mujer,Unión libre,Trabajador Independiente,"Negro(a), mulato(a), afrodescendiente, afrocolombiano(a)",18200000.0
SANEAMIENTO BÁSICO,Menor a 1 SMMLV,Localidad 2 - Virgen y Turistica,RURAL,ADULTO MAYOR (60 o más),Ninguno,CORVIVIENDA,Básica primaria (1.o - 5.o),Mujer,Unión libre,Ama de Casa/Cuidador,"Negro(a), mulato(a), afrodescendiente, afrocolombiano(a)",18200000.0
SANEAMIENTO BÁSICO,Entre 1 y 2 SMMLV,Localidad 2 - Virgen y Turistica,RURAL,ADULTEZ (29-59),Ninguno,CORVIVIENDA,Técnico o tecnológico (1 - 4),Mujer,Unión libre,Trabajador Independiente,"Negro(a), mulato(a), afrodescendiente, afrocolombiano(a)",18200000.0
SANEAMIENTO BÁSICO,Entre 1 y 2 SMMLV,Localidad 2 - Virgen y Turistica,RURAL,ADULTEZ (29-59),Ninguno,CORVIVIENDA,Básica secundaria (6.o - 9.o),Mujer,Casado(a),Ama de Casa/Cuidador,"Negro(a), mulato(a), afrodescendiente, afrocolombiano(a)",18200000.0
SANEAMIENTO BÁSICO,Entre 1 y 2 SMMLV,Localidad 2 - Virgen y Turistica,RURAL,ADULTO MAYOR (60 o más),Pobreza Extrema,CORVIVIENDA,Media (10.o - 13.o),Mujer,Unión libre,Trabajador Independiente,Ninguno,18200000.0
SANEAMIENTO BÁSICO,Menor a 1 SMMLV,Localidad 2 - Virgen y Turistica,RURAL,ADULTEZ (29-59),Ninguno,CORVIVIENDA,Técnico o tecnológico (1 - 4),Hombre,Soltero(a),Trabajador Independiente,"Negro(a), mulato(a), afrodescendiente, afrocolombiano(a)",18200000.0
SANEAMIENTO BÁSICO,Entre 1 y 2 SMMLV,Localidad 2 - Virgen y Turistica,RURAL,ADULTEZ (29-59),Ninguno,CORVIVIENDA,Técnico o tecnológico (1 - 4),Hombre,Unión libre,Empleado,"Negro(a), mulato(a), afrodescendiente, afrocolombiano(a)",18200000.0
SANEAMIENTO BÁSICO,Entre 1 y 2 SMMLV,Localidad 2 - Virgen y Turistica,RURAL,ADULTEZ (29-59),Ninguno,CORVIVIENDA,Media (10.o - 13.o),Mujer,Unión libre,Ama de Casa/Cuidador,"Negro(a), mulato(a), afrodescendiente, afrocolombiano(a)",18200000.0
SANEAMIENTO BÁSICO,Menor a 1 SMMLV,Localidad 2 - Virgen y Turistica,RURAL,ADULTEZ (29-59),Ninguno,CORVIVIENDA,Básica secundaria (6.o - 9.o),Hombre,Separado(a) o divorciado(a),Trabajador Independiente,"Negro(a), mulato(a), afrodescendiente, afrocolombiano(a)",18200000.0
SANEAMIENTO BÁSICO,Entre 1 y 2 SMMLV,Localidad 2 - Virgen y Turistica,RURAL,ADULTEZ (29-59),Pobreza Extrema,CORVIVIENDA,Media (10.o - 13.o),Mujer,Unión libre,Desempleado,Ninguno,18200000.0
SANEAMIENTO BÁSICO,Menor a 1 SMMLV,Localidad 2 - Virgen y Turistica,RURAL,ADULTO MAYOR (60 o más),Pobreza Extrema,CORVIVIENDA,Básica secundaria (6.o - 9.o),Mujer,Unión libre,Ama de Casa/Cuidador,Ninguno,18200000.0
SANEAMIENTO BÁSICO,Menor a 1 SMMLV,Localidad 2 - Virgen y Turistica,RURAL,ADULTO MAYOR (60 o más),Ninguno,CORVIVIENDA,Básica primaria (1.o - 5.o),Mujer,Soltero(a),Ama de Casa/Cuidador,"Negro(a), mulato(a), afrodescendiente, afrocolombiano(a)",18200000.0
SANEAMIENTO BÁSICO,Menor a 1 SMMLV,Localidad 2 - Virgen y Turistica,RURAL,ADULTO MAYOR (60 o más),Ninguno,CORVIVIENDA,Básica primaria (1.o - 5.o),Mujer,Viudo(a),Sin actividad,"Negro(a), mulato(a), afrodescendiente, afrocolombiano(a)",18200000.0
SANEAMIENTO BÁSICO,Menor a 1 SMMLV,Localidad 2 - Virgen y Turistica,RURAL,ADULTEZ (29-59),Pobreza Extrema,CORVIVIENDA,Básica secundaria (6.o - 9.o),Mujer,Unión libre,Ama de Casa/Cuidador,Ninguno,18200000.0
SANEAMIENTO BÁSICO,Menor a 1 SMMLV,Localidad 2 - Virgen y Turistica,RURAL,ADULTO MAYOR (60 o más),Ninguno,CORVIVIENDA,Básica primaria (1.o - 5.o),Mujer,Casado(a),Ama de Casa/Cuidador,"Negro(a), mulato(a), afrodescendiente, afrocolombiano(a)",18200000.0
SANEAMIENTO BÁSICO,Menor a 1 SMMLV,Localidad 2 - Virgen y Turistica,RURAL,ADULTEZ (29-59),Ninguno,CORVIVIENDA,Técnico o tecnológico (1 - 4),Mujer,Unión libre,Trabajador Independiente,"Negro(a), mulato(a), afrodescendiente, afrocolombiano(a)",18200000.0
SANEAMIENTO BÁSICO,Entre 1 y 2 SMMLV,Localidad 2 - Virgen y Turistica,RURAL,ADULTEZ (29-59),Ninguno,CORVIVIENDA,Media (10.o - 13.o),Mujer,Unión libre,Ama de Casa/Cuidador,"Negro(a), mulato(a), afrodescendiente, afrocolombiano(a)",18200000.0
SANEAMIENTO BÁSICO,Menor a 1 SMMLV,Localidad 2 - Virgen y Turistica,RURAL,ADULTEZ (29-59),Ninguno,CORVIVIENDA,Media (10.o - 13.o),Mujer,Unión libre,Ama de Casa/Cuidador,"Negro(a), mulato(a), afrodescendiente, afrocolombiano(a)",18200000.0
SANEAMIENTO BÁSICO,No tiene,Localidad 2 - Virgen y Turistica,RURAL,ADULTO MAYOR (60 o más),Ninguno,CORVIVIENDA,Básica primaria (1.o - 5.o),Hombre,Unión libre,Desempleado,"Negro(a), mulato(a), afrodescendiente, afrocolombiano(a)",18200000.0
SANEAMIENTO BÁSICO,Menor a 1 SMMLV,Localidad 2 - Virgen y Turistica,RURAL,ADULTO MAYOR (60 o más),Ninguno,CORVIVIENDA,Ninguno,Mujer,Unión libre,Ama de Casa/Cuidador,"Negro(a), mulato(a), afrodescendiente, afrocolombiano(a)",18200000.0
SANEAMIENTO BÁSICO,Menor a 1 SMMLV,Localidad 2 - Virgen y Turistica,RURAL,ADULTO MAYOR (60 o más),Ninguno,CORVIVIENDA,Ninguno,Mujer,Viudo(a),Ama de Casa/Cuidador,Ninguno,18200000.0
SANEAMIENTO BÁSICO,Menor a 1 SMMLV,Localidad 2 - Virgen y Turistica,RURAL,ADULTO MAYOR (60 o más),Damnificados,CORVIVIENDA,Básica secundaria (6.o - 9.o),Mujer,Soltero(a),Desempleado,Ninguno,18200000.0
SANEAMIENTO BÁSICO,Entre 1 y 2 SMMLV,Localidad 2 - Virgen y Turistica,RURAL,ADULTEZ (29-59),Ninguno,CORVIVIENDA,Básica primaria (1.o - 5.o),Mujer,Soltero(a),Empleado,"Negro(a), mulato(a), afrodescendiente, afrocolombiano(a)",18200000.0
SANEAMIENTO BÁSICO,Menor a 1 SMMLV,Localidad 2 - Virgen y Turistica,RURAL,ADULTEZ (29-59),Ninguno,CORVIVIENDA,Básica primaria (1.o - 5.o),Mujer,Unión libre,Ama de Casa/Cuidador,"Negro(a), mulato(a), afrodescendiente, afrocolombiano(a)",18200000.0
SANEAMIENTO BÁSICO,Menor a 1 SMMLV,Localidad 2 - Virgen y Turistica,RURAL,ADULTEZ (29-59),Ninguno,CORVIVIENDA,Media (10.o - 13.o),Mujer,Soltero(a),Trabajador Independiente,"Negro(a), mulato(a), afrodescendiente, afrocolombiano(a)",18200000.0
SANEAMIENTO BÁSICO,Menor a 1 SMMLV,Localidad 2 - Virgen y Turistica,RURAL,ADULTEZ (29-59),Ninguno,CORVIVIENDA,Media (10.o - 13.o),Mujer,Soltero(a),Ama de Casa/Cuidador,"Negro(a), mulato(a), afrodescendiente, afrocolombiano(a)",18200000.0
SANEAMIENTO BÁSICO,Menor a 1 SMMLV,Localidad 2 - Virgen y Turistica,RURAL,ADULTO MAYOR (60 o más),Ninguno,CORVIVIENDA,Ninguno,Hombre,Casado(a),Trabajador Independiente,"Negro(a), mulato(a), afrodescendiente, afrocolombiano(a)",18200000.0
SANEAMIENTO BÁSICO,Menor a 1 SMMLV,Localidad 2 - Virgen y Turistica,RURAL,ADULTO MAYOR (60 o más),Ninguno,CORVIVIENDA,Básica secundaria (6.o - 9.o),Hombre,Unión libre,Trabajador Independiente,Ninguno,18200000.0
SANEAMIENTO BÁSICO,Menor a 1 SMMLV,Localidad 2 - Virgen y Turistica,RURAL,ADULTEZ (29-59),Ninguno,CORVIVIENDA,Básica secundaria (6.o - 9.o),Hombre,Casado(a),Trabajador Independiente,"Negro(a), mulato(a), afrodescendiente, afrocolombiano(a)",18200000.0
SANEAMIENTO BÁSICO,Entre 1 y 2 SMMLV,Localidad 2 - Virgen y Turistica,RURAL,ADULTEZ (29-59),Ninguno,CORVIVIENDA,Técnico o tecnológico (1 - 4),Mujer,Unión libre,Desempleado,"Negro(a), mulato(a), afrodescendiente, afrocolombiano(a)",18200000.0
SANEAMIENTO BÁSICO,Menor a 1 SMMLV,Localidad 2 - Virgen y Turistica,RURAL,ADULTO MAYOR (60 o más),Pobreza Extrema,CORVIVIENDA,Básica primaria (1.o - 5.o),Mujer,Unión libre,Desempleado,Ninguno,18200000.0
SANEAMIENTO BÁSICO,Menor a 1 SMMLV,Localidad 2 - Virgen y Turistica,RURAL,ADULTO MAYOR (60 o más),Ninguno,CORVIVIENDA,Básica primaria (1.o - 5.o),Mujer,Separado(a) o divorciado(a),Trabajador Independiente,"Negro(a), mulato(a), afrodescendiente, afrocolombiano(a)",18200000.0
SANEAMIENTO BÁSICO,Entre 1 y 2 SMMLV,Localidad 2 - Virgen y Turistica,RURAL,ADULTEZ (29-59),Damnificados,CORVIVIENDA,Técnico o tecnológico (1 - 4),Hombre,Soltero(a),Trabajador Independiente,Ninguno,18200000.0
SANEAMIENTO BÁSICO,Menor a 1 SMMLV,Localidad 2 - Virgen y Turistica,RURAL,ADULTO MAYOR (60 o más),Ninguno,CORVIVIENDA,Ninguno,Mujer,Viudo(a),Ama de Casa/Cuidador,"Negro(a), mulato(a), afrodescendiente, afrocolombiano(a)",18200000.0
SANEAMIENTO BÁSICO,Menor a 1 SMMLV,Localidad 2 - Virgen y Turistica,RURAL,ADULTEZ (29-59),Ninguno,CORVIVIENDA,Básica primaria (1.o - 5.o),Hombre,Soltero(a),Trabajador Independiente,"Negro(a), mulato(a), afrodescendiente, afrocolombiano(a)",18200000.0
SANEAMIENTO BÁSICO,Menor a 1 SMMLV,Localidad 2 - Virgen y Turistica,RURAL,ADULTO MAYOR (60 o más),Ninguno,CORVIVIENDA,Básica primaria (1.o - 5.o),Mujer,Casado(a),Ama de Casa/Cuidador,Ninguno,18200000.0
SANEAMIENTO BÁSICO,Entre 1 y 2 SMMLV,Localidad 2 - Virgen y Turistica,RURAL,ADULTEZ (29-59),Ninguno,CORVIVIENDA,Media (10.o - 13.o),Mujer,Unión libre,Empleado,"Negro(a), mulato(a), afrodescendiente, afrocolombiano(a)",18200000.0
SANEAMIENTO BÁSICO,Menor a 1 SMMLV,Localidad 2 - Virgen y Turistica,RURAL,ADULTEZ (29-59),Ninguno,CORVIVIENDA,Básica primaria (1.o - 5.o),Mujer,Unión libre,Ama de Casa/Cuidador,Ninguno,18200000.0
SANEAMIENTO BÁSICO,Entre 1 y 2 SMMLV,Localidad 2 - Virgen y Turistica,RURAL,ADULTO MAYOR (60 o más),Pobreza Extrema,CORVIVIENDA,Básica secundaria (6.o - 9.o),Mujer,Unión libre,Desempleado,Ninguno,18200000.0
SANEAMIENTO BÁSICO,Menor a 1 SMMLV,Localidad 2 - Virgen y Turistica,RURAL,ADULTO MAYOR (60 o más),Ninguno,CORVIVIENDA,Ninguno,Hombre,Viudo(a),Sin actividad,"Negro(a), mulato(a), afrodescendiente, afrocolombiano(a)",18200000.0
SANEAMIENTO BÁSICO,Menor a 1 SMMLV,Localidad 2 - Virgen y Turistica,RURAL,ADULTEZ (29-59),Pobreza Extrema,CORVIVIENDA,Básica secundaria (6.o - 9.o),Mujer,Unión libre,Desempleado,Ninguno,18200000.0
SANEAMIENTO BÁSICO,Menor a 1 SMMLV,Localidad 2 - Virgen y Turistica,RURAL,ADULTEZ (29-59),Pobreza Extrema,CORVIVIENDA,Básica secundaria (6.o - 9.o),Mujer,Soltero(a),Desempleado,Ninguno,18200000.0
SANEAMIENTO BÁSICO,Menor a 1 SMMLV,Localidad 2 - Virgen y Turistica,RURAL,ADULTEZ (29-59),Víctima Conflicto Armado por Desplazamiento Forzado,CORVIVIENDA,Básica primaria (1.o - 5.o),Hombre,Unión libre,Trabajador Independiente,Ninguno,18200000.0
SANEAMIENTO BÁSICO,Menor a 1 SMMLV,Localidad 2 - Virgen y Turistica,RURAL,ADULTEZ (29-59),Ninguno,CORVIVIENDA,Técnico o tecnológico (1 - 4),Hombre,Soltero(a),Trabajador Independiente,"Negro(a), mulato(a), afrodescendiente, afrocolombiano(a)",18200000.0
SANEAMIENTO BÁSICO,Entre 1 y 2 SMMLV,Localidad 2 - Virgen y Turistica,RURAL,ADULTEZ (29-59),Ninguno,CORVIVIENDA,Media (10.o - 13.o),Mujer,Unión libre,Empleado,"Negro(a), mulato(a), afrodescendiente, afrocolombiano(a)",18200000.0
SANEAMIENTO BÁSICO,Menor a 1 SMMLV,Localidad 2 - Virgen y Turistica,RURAL,ADULTEZ (29-59),Ninguno,CORVIVIENDA,Media (10.o - 13.o),Mujer,Soltero(a),Ama de Casa/Cuidador,"Negro(a), mulato(a), afrodescendiente, afrocolombiano(a)",18200000.0
SANEAMIENTO BÁSICO,Menor a 1 SMMLV,Localidad 2 - Virgen y Turistica,RURAL,ADULTO MAYOR (60 o más),Pobreza Extrema,CORVIVIENDA,Básica secundaria (6.o - 9.o),Hombre,Unión libre,Trabajador Independiente,Ninguno,18200000.0
SANEAMIENTO BÁSICO,Menor a 1 SMMLV,Localidad 2 - Virgen y Turistica,RURAL,ADULTEZ (29-59),Pobreza Extrema,CORVIVIENDA,Básica primaria (1.o - 5.o),Mujer,Soltero(a),Desempleado,Ninguno,18200000.0
SANEAMIENTO BÁSICO,Entre 1 y 2 SMMLV,Localidad 2 - Virgen y Turistica,RURAL,ADULTEZ (29-59),Ninguno,CORVIVIENDA,Media (10.o - 13.o),Mujer,Unión libre,Ama de Casa/Cuidador,"Negro(a), mulato(a), afrodescendiente, afrocolombiano(a)",18200000.0
SANEAMIENTO BÁSICO,Menor a 1 SMMLV,Localidad 2 - Virgen y Turistica,RURAL,ADULTEZ (29-59),Ninguno,CORVIVIENDA,Media (10.o - 13.o),Mujer,Soltero(a),Empleado,"Negro(a), mulato(a), afrodescendiente, afrocolombiano(a)",18200000.0
SANEAMIENTO BÁSICO,Menor a 1 SMMLV,Localidad 2 - Virgen y Turistica,RURAL,ADULTEZ (29-59),Víctima Conflicto Armado,CORVIVIENDA,Media (10.o - 13.o),Mujer,Unión libre,Ama de Casa/Cuidador,"Negro(a), mulato(a), afrodescendiente, afrocolombiano(a)",18200000.0
SANEAMIENTO BÁSICO,Menor a 1 SMMLV,Localidad 2 - Virgen y Turistica,RURAL,ADULTO MAYOR (60 o más),Pobreza Extrema,CORVIVIENDA,Básica secundaria (6.o - 9.o),Hombre,Soltero(a),Desempleado,Ninguno,18200000.0
SANEAMIENTO BÁSICO,Menor a 1 SMMLV,Localidad 2 - Virgen y Turistica,RURAL,ADULTO MAYOR (60 o más),Pobreza Extrema,CORVIVIENDA,Básica primaria (1.o - 5.o),Mujer,Separado(a) o divorciado(a),Desempleado,Ninguno,18200000.0
SANEAMIENTO BÁSICO,Menor a 1 SMMLV,Localidad 2 - Virgen y Turistica,RURAL,ADULTO MAYOR (60 o más),Ninguno,CORVIVIENDA,Ninguno,Mujer,Viudo(a),Ama de Casa/Cuidador,"Negro(a), mulato(a), afrodescendiente, afrocolombiano(a)",18200000.0
SANEAMIENTO BÁSICO,Menor a 1 SMMLV,Localidad 2 - Virgen y Turistica,RURAL,ADULTEZ (29-59),Ninguno,CORVIVIENDA,Básica secundaria (6.o - 9.o),Hombre,Unión libre,Trabajador Independiente,"Negro(a), mulato(a), afrodescendiente, afrocolombiano(a)",18200000.0
SANEAMIENTO BÁSICO,Entre 1 y 2 SMMLV,Localidad 2 - Virgen y Turistica,RURAL,ADULTEZ (29-59),Ninguno,CORVIVIENDA,Media (10.o - 13.o),Mujer,Unión libre,Ama de Casa/Cuidador,Ninguno,18200000.0
SANEAMIENTO BÁSICO,Menor a 1 SMMLV,Localidad 2 - Virgen y Turistica,RURAL,ADULTO MAYOR (60 o más),Pobreza Extrema,CORVIVIENDA,Básica primaria (1.o - 5.o),Mujer,Soltero(a),Ama de Casa/Cuidador,Ninguno,18200000.0
SANEAMIENTO BÁSICO,Entre 1 y 2 SMMLV,Localidad 2 - Virgen y Turistica,RURAL,ADULTEZ (29-59),Ninguno,CORVIVIENDA,Básica primaria (1.o - 5.o),Mujer,Unión libre,Trabajador Independiente,"Negro(a), mulato(a), afrodescendiente, afrocolombiano(a)",18200000.0
SANEAMIENTO BÁSICO,Menor a 1 SMMLV,Localidad 2 - Virgen y Turistica,RURAL,ADULTEZ (29-59),Ninguno,CORVIVIENDA,Básica secundaria (6.o - 9.o),Mujer,Unión libre,Trabajador Independiente,Ninguno,18200000.0
SANEAMIENTO BÁSICO,Entre 1 y 2 SMMLV,Localidad 2 - Virgen y Turistica,RURAL,ADULTEZ (29-59),Ninguno,CORVIVIENDA,Media (10.o - 13.o),Hombre,Casado(a),Trabajador Independiente,Ninguno,18200000.0
SANEAMIENTO BÁSICO,Menor a 1 SMMLV,Localidad 2 - Virgen y Turistica,RURAL,ADULTO MAYOR (60 o más),Ninguno,CORVIVIENDA,Básica primaria (1.o - 5.o),Mujer,Viudo(a),Ama de Casa/Cuidador,"Negro(a), mulato(a), afrodescendiente, afrocolombiano(a)",18200000.0
SANEAMIENTO BÁSICO,Menor a 1 SMMLV,Localidad 2 - Virgen y Turistica,RURAL,ADULTEZ (29-59),Ninguno,CORVIVIENDA,Básica secundaria (6.o - 9.o),Hombre,Separado(a) o divorciado(a),Empleado,"Negro(a), mulato(a), afrodescendiente, afrocolombiano(a)",18200000.0
SANEAMIENTO BÁSICO,Entre 1 y 2 SMMLV,Localidad 2 - Virgen y Turistica,RURAL,ADULTEZ (29-59),Ninguno,CORVIVIENDA,Básica secundaria (6.o - 9.o),Mujer,Unión libre,Trabajador Independiente,"Negro(a), mulato(a), afrodescendiente, afrocolombiano(a)",18200000.0
SANEAMIENTO BÁSICO,Menor a 1 SMMLV,Localidad 2 - Virgen y Turistica,RURAL,ADULTEZ (29-59),Ninguno,CORVIVIENDA,Básica secundaria (6.o - 9.o),Mujer,Unión libre,Ama de Casa/Cuidador,"Negro(a), mulato(a), afrodescendiente, afrocolombiano(a)",18200000.0
SANEAMIENTO BÁSICO,Menor a 1 SMMLV,Localidad 2 - Virgen y Turistica,RURAL,ADULTEZ (29-59),Ninguno,CORVIVIENDA,Básica primaria (1.o - 5.o),Mujer,Soltero(a),Trabajador Independiente,"Negro(a), mulato(a), afrodescendiente, afrocolombiano(a)",18200000.0
SANEAMIENTO BÁSICO,Menor a 1 SMMLV,Localidad 2 - Virgen y Turistica,RURAL,ADULTEZ (29-59),Pobreza Extrema,CORVIVIENDA,Básica secundaria (6.o - 9.o),Mujer,Separado(a) o divorciado(a),Trabajador Independiente,Ninguno,18200000.0
SANEAMIENTO BÁSICO,Menor a 1 SMMLV,Localidad 2 - Virgen y Turistica,RURAL,ADULTEZ (29-59),Ninguno,CORVIVIENDA,Ninguno,Mujer,Unión libre,Ama de Casa/Cuidador,"Negro(a), mulato(a), afrodescendiente, afrocolombiano(a)",18200000.0
SANEAMIENTO BÁSICO,Entre 1 y 2 SMMLV,Localidad 2 - Virgen y Turistica,RURAL,ADULTEZ (29-59),Ninguno,CORVIVIENDA,Media (10.o - 13.o),Hombre,Unión libre,Desempleado,"Negro(a), mulato(a), afrodescendiente, afrocolombiano(a)",18200000.0
SANEAMIENTO BÁSICO,Entre 1 y 2 SMMLV,Localidad 2 - Virgen y Turistica,RURAL,ADULTEZ (29-59),Ninguno,CORVIVIENDA,Media (10.o - 13.o),Mujer,Soltero(a),Empleado,"Negro(a), mulato(a), afrodescendiente, afrocolombiano(a)",18200000.0
SANEAMIENTO BÁSICO,Menor a 1 SMMLV,Localidad 2 - Virgen y Turistica,RURAL,ADULTEZ (29-59),Ninguno,CORVIVIENDA,Básica secundaria (6.o - 9.o),Mujer,Unión libre,Trabajador Independiente,"Negro(a), mulato(a), afrodescendiente, afrocolombiano(a)",18200000.0
SANEAMIENTO BÁSICO,Menor a 1 SMMLV,Localidad 2 - Virgen y Turistica,RURAL,ADULTEZ (29-59),Ninguno,CORVIVIENDA,Media (10.o - 13.o),Hombre,Soltero(a),Trabajador Independiente,"Negro(a), mulato(a), afrodescendiente, afrocolombiano(a)",18200000.0
SANEAMIENTO BÁSICO,Menor a 1 SMMLV,Localidad 2 - Virgen y Turistica,RURAL,ADULTEZ (29-59),Ninguno,CORVIVIENDA,Básica primaria (1.o - 5.o),Mujer,Viudo(a),Ama de Casa/Cuidador,"Negro(a), mulato(a), afrodescendiente, afrocolombiano(a)",18200000.0
SANEAMIENTO BÁSICO,Entre 1 y 2 SMMLV,Localidad 2 - Virgen y Turistica,RURAL,ADULTEZ (29-59),Ninguno,CORVIVIENDA,Técnico o tecnológico (1 - 4),Mujer,Unión libre,Empleado,"Negro(a), mulato(a), afrodescendiente, afrocolombiano(a)",18200000.0
SANEAMIENTO BÁSICO,Menor a 1 SMMLV,Localidad 2 - Virgen y Turistica,RURAL,ADULTEZ (29-59),Pobreza Extrema,CORVIVIENDA,Básica primaria (1.o - 5.o),Mujer,Soltero(a),Trabajador Independiente,Ninguno,18200000.0
SANEAMIENTO BÁSICO,Entre 1 y 2 SMMLV,Localidad 2 - Virgen y Turistica,RURAL,ADULTO MAYOR (60 o más),Ninguno,CORVIVIENDA,Media (10.o - 13.o),Hombre,Unión libre,Trabajador Independiente,"Negro(a), mulato(a), afrodescendiente, afrocolombiano(a)",18200000.0
SANEAMIENTO BÁSICO,Menor a 1 SMMLV,Localidad 2 - Virgen y Turistica,RURAL,ADULTO MAYOR (60 o más),Pobreza Extrema,CORVIVIENDA,Básica secundaria (6.o - 9.o),Mujer,Soltero(a),Desempleado,Ninguno,18200000.0
SANEAMIENTO BÁSICO,Entre 1 y 2 SMMLV,Localidad 2 - Virgen y Turistica,RURAL,ADULTEZ (29-59),Ninguno,CORVIVIENDA,Técnico o tecnológico (1 - 4),Mujer,Soltero(a),Trabajador Independiente,"Negro(a), mulato(a), afrodescendiente, afrocolombiano(a)",18200000.0
SANEAMIENTO BÁSICO,Entre 1 y 2 SMMLV,Localidad 2 - Virgen y Turistica,RURAL,ADULTEZ (29-59),Víctima Conflicto Armado por Desplazamiento Forzado,CORVIVIENDA,Media (10.o - 13.o),Hombre,Unión libre,Trabajador Independiente,"Negro(a), mulato(a), afrodescendiente, afrocolombiano(a)",18200000.0
SANEAMIENTO BÁSICO,Menor a 1 SMMLV,Localidad 2 - Virgen y Turistica,RURAL,ADULTEZ (29-59),Ninguno,CORVIVIENDA,Media (10.o - 13.o),Mujer,Soltero(a),Trabajador Independiente,Ninguno,18200000.0
SANEAMIENTO BÁSICO,Menor a 1 SMMLV,Localidad 2 - Virgen y Turistica,RURAL,ADULTEZ (29-59),Ninguno,CORVIVIENDA,Técnico o tecnológico (1 - 4),Mujer,Soltero(a),Empleado,"Negro(a), mulato(a), afrodescendiente, afrocolombiano(a)",18200000.0
SANEAMIENTO BÁSICO,Menor a 1 SMMLV,Localidad 2 - Virgen y Turistica,RURAL,ADULTEZ (29-59),Ninguno,CORVIVIENDA,Técnico o tecnológico (1 - 4),Mujer,Soltero(a),Desempleado,"Negro(a), mulato(a), afrodescendiente, afrocolombiano(a)",18200000.0
SANEAMIENTO BÁSICO,Menor a 1 SMMLV,Localidad 2 - Virgen y Turistica,RURAL,ADULTO MAYOR (60 o más),Ninguno,CORVIVIENDA,Básica primaria (1.o - 5.o),Mujer,Casado(a),Ama de Casa/Cuidador,"Negro(a), mulato(a), afrodescendiente, afrocolombiano(a)",18200000.0
SANEAMIENTO BÁSICO,Menor a 1 SMMLV,Localidad 2 - Virgen y Turistica,RURAL,ADULTEZ (29-59),Pobreza Extrema,CORVIVIENDA,Básica primaria (1.o - 5.o),Mujer,Soltero(a),Desempleado,Ninguno,18200000.0
SANEAMIENTO BÁSICO,Menor a 1 SMMLV,Localidad 2 - Virgen y Turistica,RURAL,ADULTEZ (29-59),Pobreza Extrema,CORVIVIENDA,Básica secundaria (6.o - 9.o),Mujer,Soltero(a),Empleado,Ninguno,18200000.0
SANEAMIENTO BÁSICO,Menor a 1 SMMLV,Localidad 2 - Virgen y Turistica,RURAL,ADULTO MAYOR (60 o más),Pobreza Extrema,CORVIVIENDA,Básica secundaria (6.o - 9.o),Mujer,Separado(a) o divorciado(a),Desempleado,Ninguno,18200000.0
SANEAMIENTO BÁSICO,Entre 1 y 2 SMMLV,Localidad 2 - Virgen y Turistica,RURAL,ADULTO MAYOR (60 o más),Ninguno,CORVIVIENDA,Básica primaria (1.o - 5.o),Mujer,Viudo(a),Ama de Casa/Cuidador,Ninguno,18200000.0
SANEAMIENTO BÁSICO,Menor a 1 SMMLV,Localidad 2 - Virgen y Turistica,RURAL,ADULTEZ (29-59),Ninguno,CORVIVIENDA,Básica primaria (1.o - 5.o),Mujer,Viudo(a),Trabajador Independiente,"Negro(a), mulato(a), afrodescendiente, afrocolombiano(a)",18200000.0
SANEAMIENTO BÁSICO,Menor a 1 SMMLV,Localidad 2 - Virgen y Turistica,RURAL,ADULTEZ (29-59),Pobreza Extrema,CORVIVIENDA,Básica primaria (1.o - 5.o),Hombre,Soltero(a),Trabajador Independiente,Ninguno,18200000.0
SANEAMIENTO BÁSICO,Menor a 1 SMMLV,Localidad 2 - Virgen y Turistica,RURAL,ADULTEZ (29-59),Pobreza Extrema,CORVIVIENDA,Básica secundaria (6.o - 9.o),Hombre,Soltero(a),Desempleado,Ninguno,18200000.0
SANEAMIENTO BÁSICO,Menor a 1 SMMLV,Localidad 2 - Virgen y Turistica,RURAL,ADULTO MAYOR (60 o más),Pobreza Extrema,CORVIVIENDA,Básica primaria (1.o - 5.o),Hombre,Soltero(a),Desempleado,Ninguno,18200000.0
SANEAMIENTO BÁSICO,Entre 1 y 2 SMMLV,Localidad 2 - Virgen y Turistica,RURAL,ADULTEZ (29-59),Ninguno,CORVIVIENDA,Básica primaria (1.o - 5.o),Mujer,Unión libre,Ama de Casa/Cuidador,"Negro(a), mulato(a), afrodescendiente, afrocolombiano(a)",18200000.0
SANEAMIENTO BÁSICO,Menor a 1 SMMLV,Localidad 2 - Virgen y Turistica,RURAL,ADULTO MAYOR (60 o más),Pobreza Extrema,CORVIVIENDA,Ninguno,Mujer,Soltero(a),Desempleado,Ninguno,18200000.0
SANEAMIENTO BÁSICO,Menor a 1 SMMLV,Localidad 2 - Virgen y Turistica,RURAL,ADULTO MAYOR (60 o más),Ninguno,CORVIVIENDA,Básica primaria (1.o - 5.o),Mujer,Viudo(a),Ama de Casa/Cuidador,"Negro(a), mulato(a), afrodescendiente, afrocolombiano(a)",18200000.0
SANEAMIENTO BÁSICO,Menor a 1 SMMLV,Localidad 2 - Virgen y Turistica,RURAL,ADULTEZ (29-59),Pobreza Extrema,CORVIVIENDA,Básica primaria (1.o - 5.o),Mujer,Soltero(a),Empleado,Ninguno,18200000.0
SANEAMIENTO BÁSICO,Menor a 1 SMMLV,Localidad 2 - Virgen y Turistica,RURAL,ADULTO MAYOR (60 o más),Ninguno,CORVIVIENDA,Básica primaria (1.o - 5.o),Mujer,Soltero(a),Ama de Casa/Cuidador,Ninguno,18200000.0
SANEAMIENTO BÁSICO,Menor a 1 SMMLV,Localidad 2 - Virgen y Turistica,RURAL,ADULTEZ (29-59),Pobreza Extrema,CORVIVIENDA,Básica primaria (1.o - 5.o),Hombre,Unión libre,Trabajador Independiente,Ninguno,18200000.0
SANEAMIENTO BÁSICO,Entre 1 y 2 SMMLV,Localidad 2 - Virgen y Turistica,RURAL,ADULTO MAYOR (60 o más),Ninguno,CORVIVIENDA,Media (10.o - 13.o),Mujer,Unión libre,Ama de Casa/Cuidador,"Negro(a), mulato(a), afrodescendiente, afrocolombiano(a)",18200000.0
SANEAMIENTO BÁSICO,Entre 1 y 2 SMMLV,Localidad 2 - Virgen y Turistica,RURAL,ADULTEZ (29-59),Pobreza Extrema,CORVIVIENDA,Media (10.o - 13.o),Mujer,Unión libre,Ama de Casa/Cuidador,Ninguno,18200000.0
SANEAMIENTO BÁSICO,Menor a 1 SMMLV,Localidad 2 - Virgen y Turistica,RURAL,ADULTO MAYOR (60 o más),Ninguno,CORVIVIENDA,Ninguno,Mujer,Unión libre,Trabajador Independiente,"Negro(a), mulato(a), afrodescendiente, afrocolombiano(a)",18200000.0
SANEAMIENTO BÁSICO,Menor a 1 SMMLV,Localidad 2 - Virgen y Turistica,RURAL,ADULTEZ (29-59),Pobreza Extrema,CORVIVIENDA,Media (10.o - 13.o),Mujer,Casado(a),Ama de Casa/Cuidador,"Negro(a), mulato(a), afrodescendiente, afrocolombiano(a)",18200000.0
SANEAMIENTO BÁSICO,Menor a 1 SMMLV,Localidad 2 - Virgen y Turistica,RURAL,ADULTEZ (29-59),Ninguno,CORVIVIENDA,Ninguno,Mujer,Soltero(a),Desempleado,Ninguno,18200000.0
SANEAMIENTO BÁSICO,Menor a 1 SMMLV,Localidad 2 - Virgen y Turistica,RURAL,ADULTO MAYOR (60 o más),Ninguno,CORVIVIENDA,Básica primaria (1.o - 5.o),Mujer,Soltero(a),Ama de Casa/Cuidador,"Negro(a), mulato(a), afrodescendiente, afrocolombiano(a)",18200000.0
SANEAMIENTO BÁSICO,Menor a 1 SMMLV,Localidad 2 - Virgen y Turistica,RURAL,ADULTEZ (29-59),Ninguno,CORVIVIENDA,Básica secundaria (6.o - 9.o),Hombre,Unión libre,Trabajador Independiente,Ninguno,18200000.0
SANEAMIENTO BÁSICO,Menor a 1 SMMLV,Localidad 2 - Virgen y Turistica,RURAL,ADULTO MAYOR (60 o más),Ninguno,CORVIVIENDA,Básica secundaria (6.o - 9.o),Hombre,Casado(a),Sin actividad,Ninguno,18200000.0
SANEAMIENTO BÁSICO,Entre 1 y 2 SMMLV,Localidad 2 - Virgen y Turistica,RURAL,ADULTEZ (29-59),Pobreza Extrema,CORVIVIENDA,Básica primaria (1.o - 5.o),Mujer,Separado(a) o divorciado(a),Ama de Casa/Cuidador,Ninguno,18200000.0
SANEAMIENTO BÁSICO,Menor a 1 SMMLV,Localidad 2 - Virgen y Turistica,RURAL,ADULTEZ (29-59),Ninguno,CORVIVIENDA,Básica primaria (1.o - 5.o),Mujer,Unión libre,Ama de Casa/Cuidador,"Negro(a), mulato(a), afrodescendiente, afrocolombiano(a)",18200000.0
SANEAMIENTO BÁSICO,Menor a 1 SMMLV,Localidad 2 - Virgen y Turistica,RURAL,ADULTO MAYOR (60 o más),Ninguno,CORVIVIENDA,Ninguno,Mujer,Soltero(a),Ama de Casa/Cuidador,"Negro(a), mulato(a), afrodescendiente, afrocolombiano(a)",18200000.0
SANEAMIENTO BÁSICO,Menor a 1 SMMLV,Localidad 2 - Virgen y Turistica,RURAL,ADULTO MAYOR (60 o más),Ninguno,CORVIVIENDA,Básica primaria (1.o - 5.o),Mujer,Unión libre,Ama de Casa/Cuidador,"Negro(a), mulato(a), afrodescendiente, afrocolombiano(a)",18200000.0
SANEAMIENTO BÁSICO,Menor a 1 SMMLV,Localidad 2 - Virgen y Turistica,RURAL,ADULTEZ (29-59),Pobreza Extrema,CORVIVIENDA,Básica secundaria (6.o - 9.o),Mujer,Soltero(a),Sin actividad,Ninguno,18200000.0
SANEAMIENTO BÁSICO,Menor a 1 SMMLV,Localidad 2 - Virgen y Turistica,RURAL,ADULTEZ (29-59),Ninguno,CORVIVIENDA,Ninguno,Mujer,Unión libre,Ama de Casa/Cuidador,"Negro(a), mulato(a), afrodescendiente, afrocolombiano(a)",18200000.0
SANEAMIENTO BÁSICO,Menor a 1 SMMLV,Localidad 2 - Virgen y Turistica,RURAL,ADULTO MAYOR (60 o más),Ninguno,CORVIVIENDA,Ninguno,Mujer,Viudo(a),Ama de Casa/Cuidador,"Negro(a), mulato(a), afrodescendiente, afrocolombiano(a)",18200000.0
SANEAMIENTO BÁSICO,Menor a 1 SMMLV,Localidad 2 - Virgen y Turistica,RURAL,ADULTO MAYOR (60 o más),Pobreza Extrema,CORVIVIENDA,Básica secundaria (6.o - 9.o),Hombre,Soltero(a),Trabajador Independiente,Ninguno,18200000.0
SANEAMIENTO BÁSICO,Entre 1 y 2 SMMLV,Localidad 2 - Virgen y Turistica,RURAL,ADULTEZ (29-59),Ninguno,CORVIVIENDA,Técnico o tecnológico (1 - 4),Mujer,Soltero(a),Empleado,"Negro(a), mulato(a), afrodescendiente, afrocolombiano(a)",18200000.0
SANEAMIENTO BÁSICO,Menor a 1 SMMLV,Localidad 2 - Virgen y Turistica,RURAL,ADULTEZ (29-59),Ninguno,CORVIVIENDA,Media (10.o - 13.o),Mujer,Soltero(a),Trabajador Independiente,"Negro(a), mulato(a), afrodescendiente, afrocolombiano(a)",18200000.0
SANEAMIENTO BÁSICO,Entre 1 y 2 SMMLV,Localidad 2 - Virgen y Turistica,RURAL,ADULTEZ (29-59),Ninguno,CORVIVIENDA,Ninguno,Mujer,Soltero(a),Ama de Casa/Cuidador,"Negro(a), mulato(a), afrodescendiente, afrocolombiano(a)",18200000.0
SANEAMIENTO BÁSICO,Menor a 1 SMMLV,Localidad 2 - Virgen y Turistica,RURAL,ADULTO MAYOR (60 o más),Ninguno,CORVIVIENDA,Ninguno,Mujer,Soltero(a),Ama de Casa/Cuidador,"Negro(a), mulato(a), afrodescendiente, afrocolombiano(a)",18200000.0
SANEAMIENTO BÁSICO,Menor a 1 SMMLV,Localidad 2 - Virgen y Turistica,RURAL,ADULTO MAYOR (60 o más),Pobreza Extrema,CORVIVIENDA,Básica primaria (1.o - 5.o),Hombre,Soltero(a),Trabajador Independiente,Ninguno,18200000.0
SANEAMIENTO BÁSICO,Menor a 1 SMMLV,Localidad 2 - Virgen y Turistica,RURAL,ADULTEZ (29-59),Pobreza Extrema,CORVIVIENDA,Básica secundaria (6.o - 9.o),Hombre,Soltero(a),Trabajador Independiente,Ninguno,18200000.0
SANEAMIENTO BÁSICO,Menor a 1 SMMLV,Localidad 2 - Virgen y Turistica,RURAL,ADULTO MAYOR (60 o más),Pobreza Extrema,CORVIVIENDA,Ninguno,Mujer,Soltero(a),Ama de Casa/Cuidador,Ninguno,18200000.0
SANEAMIENTO BÁSICO,Menor a 1 SMMLV,Localidad 2 - Virgen y Turistica,RURAL,ADULTEZ (29-59),Ninguno,CORVIVIENDA,Básica primaria (1.o - 5.o),Mujer,Soltero(a),Trabajador Independiente,"Negro(a), mulato(a), afrodescendiente, afrocolombiano(a)",18200000.0
SANEAMIENTO BÁSICO,Menor a 1 SMMLV,Localidad 2 - Virgen y Turistica,RURAL,ADULTEZ (29-59),Pobreza Extrema,CORVIVIENDA,Básica secundaria (6.o - 9.o),Mujer,Soltero(a),Trabajador Independiente,Ninguno,18200000.0
SANEAMIENTO BÁSICO,Entre 1 y 2 SMMLV,Localidad 2 - Virgen y Turistica,RURAL,ADULTO MAYOR (60 o más),Ninguno,CORVIVIENDA,Básica primaria (1.o - 5.o),Mujer,Soltero(a),Ama de Casa/Cuidador,"Negro(a), mulato(a), afrodescendiente, afrocolombiano(a)",18200000.0
SANEAMIENTO BÁSICO,Entre 1 y 2 SMMLV,Localidad 2 - Virgen y Turistica,RURAL,ADULTEZ (29-59),Ninguno,CORVIVIENDA,Técnico o tecnológico (1 - 4),Mujer,Unión libre,Ama de Casa/Cuidador,"Negro(a), mulato(a), afrodescendiente, afrocolombiano(a)",18200000.0
SANEAMIENTO BÁSICO,Menor a 1 SMMLV,Localidad 2 - Virgen y Turistica,RURAL,ADULTEZ (29-59),Pobreza Extrema,CORVIVIENDA,Básica secundaria (6.o - 9.o),Mujer,Soltero(a),Desempleado,Ninguno,18200000.0
SANEAMIENTO BÁSICO,No tiene,Localidad 2 - Virgen y Turistica,RURAL,ADULTO MAYOR (60 o más),Pobreza Extrema,CORVIVIENDA,Básica primaria (1.o - 5.o),Mujer,Soltero(a),Ama de Casa/Cuidador,Ninguno,18200000.0
SANEAMIENTO BÁSICO,Menor a 1 SMMLV,Localidad 2 - Virgen y Turistica,RURAL,ADULTEZ (29-59),Pobreza Extrema,CORVIVIENDA,Básica primaria (1.o - 5.o),Mujer,Soltero(a),Trabajador Independiente,Ninguno,18200000.0
SANEAMIENTO BÁSICO,Menor a 1 SMMLV,Localidad 2 - Virgen y Turistica,RURAL,ADULTEZ (29-59),Ninguno,CORVIVIENDA,Media (10.o - 13.o),Mujer,Separado(a) o divorciado(a),Trabajador Independiente,Ninguno,18200000.0
SANEAMIENTO BÁSICO,Menor a 1 SMMLV,Localidad 2 - Virgen y Turistica,RURAL,ADULTO MAYOR (60 o más),Pobreza Extrema,CORVIVIENDA,Básica secundaria (6.o - 9.o),Mujer,Separado(a) o divorciado(a),Trabajador Independiente,Ninguno,18200000.0
SANEAMIENTO BÁSICO,Menor a 1 SMMLV,Localidad 2 - Virgen y Turistica,RURAL,ADULTO MAYOR (60 o más),Pobreza Extrema,CORVIVIENDA,Básica primaria (1.o - 5.o),Mujer,Soltero(a),Desempleado,Ninguno,18200000.0
SANEAMIENTO BÁSICO,Menor a 1 SMMLV,Localidad 2 - Virgen y Turistica,RURAL,ADULTO MAYOR (60 o más),Ninguno,CORVIVIENDA,Básica primaria (1.o - 5.o),Mujer,Viudo(a),Ama de Casa/Cuidador,"Negro(a), mulato(a), afrodescendiente, afrocolombiano(a)",18200000.0
SANEAMIENTO BÁSICO,Menor a 1 SMMLV,Localidad 2 - Virgen y Turistica,RURAL,ADULTEZ (29-59),Ninguno,CORVIVIENDA,Básica primaria (1.o - 5.o),Mujer,Soltero(a),Trabajador Independiente,"Negro(a), mulato(a), afrodescendiente, afrocolombiano(a)",18200000.0
SANEAMIENTO BÁSICO,Menor a 1 SMMLV,Localidad 2 - Virgen y Turistica,RURAL,ADULTO MAYOR (60 o más),Pobreza Extrema,CORVIVIENDA,Básica primaria (1.o - 5.o),Mujer,Casado(a),Ama de Casa/Cuidador,Ninguno,18200000.0
SANEAMIENTO BÁSICO,Menor a 1 SMMLV,Localidad 2 - Virgen y Turistica,RURAL,ADULTEZ (29-59),Ninguno,CORVIVIENDA,Básica primaria (1.o - 5.o),Mujer,Soltero(a),Ama de Casa/Cuidador,"Negro(a), mulato(a), afrodescendiente, afrocolombiano(a)",18200000.0
SANEAMIENTO BÁSICO,Entre 1 y 2 SMMLV,Localidad 2 - Virgen y Turistica,RURAL,ADULTEZ (29-59),Pobreza Extrema,CORVIVIENDA,Media (10.o - 13.o),Mujer,Soltero(a),Trabajador Independiente,Ninguno,18200000.0
SANEAMIENTO BÁSICO,Menor a 1 SMMLV,Localidad 2 - Virgen y Turistica,RURAL,ADULTO MAYOR (60 o más),Pobreza Extrema,CORVIVIENDA,Básica secundaria (6.o - 9.o),Mujer,Soltero(a),Empleado,Ninguno,18200000.0
SANEAMIENTO BÁSICO,Menor a 1 SMMLV,Localidad 2 - Virgen y Turistica,RURAL,ADULTO MAYOR (60 o más),Ninguno,CORVIVIENDA,Básica primaria (1.o - 5.o),Mujer,Unión libre,Sin actividad,Ninguno,18200000.0
SANEAMIENTO BÁSICO,Entre 1 y 2 SMMLV,Localidad 2 - Virgen y Turistica,RURAL,ADULTEZ (29-59),Ninguno,CORVIVIENDA,Media (10.o - 13.o),Mujer,Unión libre,Empleado,"Negro(a), mulato(a), afrodescendiente, afrocolombiano(a)",18200000.0
SANEAMIENTO BÁSICO,Menor a 1 SMMLV,Localidad 2 - Virgen y Turistica,RURAL,ADULTEZ (29-59),Pobreza Extrema,CORVIVIENDA,Básica secundaria (6.o - 9.o),Hombre,Soltero(a),Empleado,Ninguno,18200000.0
SANEAMIENTO BÁSICO,Entre 1 y 2 SMMLV,Localidad 2 - Virgen y Turistica,RURAL,ADULTEZ (29-59),Ninguno,CORVIVIENDA,Básica secundaria (6.o - 9.o),Hombre,Unión libre,Trabajador Independiente,"Negro(a), mulato(a), afrodescendiente, afrocolombiano(a)",18200000.0
SANEAMIENTO BÁSICO,Menor a 1 SMMLV,Localidad 2 - Virgen y Turistica,RURAL,ADULTEZ (29-59),Víctima Conflicto Armado,CORVIVIENDA,Media (10.o - 13.o),Mujer,Unión libre,Ama de Casa/Cuidador,Ninguno,18200000.0
SANEAMIENTO BÁSICO,Menor a 1 SMMLV,Localidad 2 - Virgen y Turistica,RURAL,ADULTO MAYOR (60 o más),Pobreza Extrema,CORVIVIENDA,Básica primaria (1.o - 5.o),Mujer,Unión libre,Sin actividad,Ninguno,18200000.0
SANEAMIENTO BÁSICO,Menor a 1 SMMLV,Localidad 2 - Virgen y Turistica,RURAL,ADULTO MAYOR (60 o más),Ninguno,CORVIVIENDA,Básica primaria (1.o - 5.o),Mujer,Soltero(a),Ama de Casa/Cuidador,"Negro(a), mulato(a), afrodescendiente, afrocolombiano(a)",18200000.0
SANEAMIENTO BÁSICO,Entre 1 y 2 SMMLV,Localidad 2 - Virgen y Turistica,RURAL,ADULTO MAYOR (60 o más),Ninguno,CORVIVIENDA,Media (10.o - 13.o),Hombre,Unión libre,Sin actividad,"Negro(a), mulato(a), afrodescendiente, afrocolombiano(a)",18200000.0
SANEAMIENTO BÁSICO,Menor a 1 SMMLV,Localidad 2 - Virgen y Turistica,RURAL,ADULTEZ (29-59),Pobreza Extrema,CORVIVIENDA,Básica primaria (1.o - 5.o),Hombre,Soltero(a),Empleado,Ninguno,18200000.0
SANEAMIENTO BÁSICO,Menor a 1 SMMLV,Localidad 2 - Virgen y Turistica,RURAL,ADULTO MAYOR (60 o más),Pobreza Extrema,CORVIVIENDA,Básica primaria (1.o - 5.o),Hombre,Soltero(a),Empleado,Ninguno,18200000.0
SANEAMIENTO BÁSICO,Menor a 1 SMMLV,Localidad 2 - Virgen y Turistica,RURAL,ADULTO MAYOR (60 o más),Víctima Conflicto Armado,CORVIVIENDA,Media (10.o - 13.o),Hombre,Soltero(a),Trabajador Independiente,"Negro(a), mulato(a), afrodescendiente, afrocolombiano(a)",18200000.0
SANEAMIENTO BÁSICO,Menor a 1 SMMLV,Localidad 2 - Virgen y Turistica,RURAL,ADULTO MAYOR (60 o más),Pobreza Extrema,CORVIVIENDA,Básica primaria (1.o - 5.o),Mujer,Soltero(a),Ama de Casa/Cuidador,Ninguno,18200000.0
SANEAMIENTO BÁSICO,Menor a 1 SMMLV,Localidad 2 - Virgen y Turistica,RURAL,ADULTEZ (29-59),Ninguno,CORVIVIENDA,Básica primaria (1.o - 5.o),Mujer,Soltero(a),Ama de Casa/Cuidador,Ninguno,18200000.0
SANEAMIENTO BÁSICO,Menor a 1 SMMLV,Localidad 2 - Virgen y Turistica,RURAL,ADULTEZ (29-59),Pobreza Extrema,CORVIVIENDA,Básica secundaria (6.o - 9.o),Mujer,Unión libre,Ama de Casa/Cuidador,Ninguno,18200000.0
SANEAMIENTO BÁSICO,Menor a 1 SMMLV,Localidad 2 - Virgen y Turistica,RURAL,ADULTO MAYOR (60 o más),Pobreza Extrema,CORVIVIENDA,Básica secundaria (6.o - 9.o),Hombre,Soltero(a),Desempleado,Ninguno,18200000.0
SANEAMIENTO BÁSICO,Entre 1 y 2 SMMLV,Localidad 2 - Virgen y Turistica,RURAL,ADULTO MAYOR (60 o más),Ninguno,CORVIVIENDA,Ninguno,Hombre,Viudo(a),Sin actividad,"Negro(a), mulato(a), afrodescendiente, afrocolombiano(a)",18200000.0
SANEAMIENTO BÁSICO,Menor a 1 SMMLV,Localidad 2 - Virgen y Turistica,RURAL,ADULTEZ (29-59),Ninguno,CORVIVIENDA,Básica primaria (1.o - 5.o),Mujer,Unión libre,Ama de Casa/Cuidador,"Negro(a), mulato(a), afrodescendiente, afrocolombiano(a)",18200000.0
SANEAMIENTO BÁSICO,Menor a 1 SMMLV,Localidad 2 - Virgen y Turistica,RURAL,ADULTEZ (29-59),Ninguno,CORVIVIENDA,Básica secundaria (6.o - 9.o),Mujer,Soltero(a),Trabajador Independiente,"Negro(a), mulato(a), afrodescendiente, afrocolombiano(a)",18200000.0
SANEAMIENTO BÁSICO,Menor a 1 SMMLV,Localidad 2 - Virgen y Turistica,RURAL,ADULTEZ (29-59),Ninguno,CORVIVIENDA,Básica secundaria (6.o - 9.o),Mujer,Unión libre,Desempleado,Ninguno,18200000.0
SANEAMIENTO BÁSICO,Menor a 1 SMMLV,Localidad 2 - Virgen y Turistica,RURAL,ADULTO MAYOR (60 o más),Pobreza Extrema,CORVIVIENDA,Básica secundaria (6.o - 9.o),Mujer,Soltero(a),Ama de Casa/Cuidador,Ninguno,18200000.0
SANEAMIENTO BÁSICO,Menor a 1 SMMLV,Localidad 2 - Virgen y Turistica,RURAL,ADULTEZ (29-59),Ninguno,CORVIVIENDA,Básica primaria (1.o - 5.o),Mujer,Viudo(a),Empleado,Ninguno,18200000.0
SANEAMIENTO BÁSICO,Menor a 1 SMMLV,Localidad 2 - Virgen y Turistica,RURAL,ADULTO MAYOR (60 o más),Ninguno,CORVIVIENDA,Básica primaria (1.o - 5.o),Mujer,Casado(a),Ama de Casa/Cuidador,Ninguno,18200000.0
SANEAMIENTO BÁSICO,Menor a 1 SMMLV,Localidad 2 - Virgen y Turistica,RURAL,ADULTO MAYOR (60 o más),Ninguno,CORVIVIENDA,Básica primaria (1.o - 5.o),Mujer,Soltero(a),Trabajador Independiente,Ninguno,18200000.0
SANEAMIENTO BÁSICO,Menor a 1 SMMLV,Localidad 2 - Virgen y Turistica,RURAL,ADULTO MAYOR (60 o más),Ninguno,CORVIVIENDA,Básica primaria (1.o - 5.o),Mujer,Viudo(a),Ama de Casa/Cuidador,Ninguno,18200000.0
SANEAMIENTO BÁSICO,Menor a 1 SMMLV,Localidad 2 - Virgen y Turistica,RURAL,NO DISPONIBLE,Ninguno,CORVIVIENDA,Básica secundaria (6.o - 9.o),Mujer,Unión libre,Ama de Casa/Cuidador,Ninguno,18200000.0
SANEAMIENTO BÁSICO,Menor a 1 SMMLV,Localidad 2 - Virgen y Turistica,RURAL,ADULTEZ (29-59),Pobreza Extrema,CORVIVIENDA,Básica primaria (1.o - 5.o),Mujer,Soltero(a),Trabajador Independiente,"Negro(a), mulato(a), afrodescendiente, afrocolombiano(a)",18200000.0
SANEAMIENTO BÁSICO,Menor a 1 SMMLV,Localidad 2 - Virgen y Turistica,RURAL,ADULTEZ (29-59),Ninguno,CORVIVIENDA,Básica secundaria (6.o - 9.o),Mujer,Unión libre,Ama de Casa/Cuidador,"Negro(a), mulato(a), afrodescendiente, afrocolombiano(a)",18200000.0
SANEAMIENTO BÁSICO,Menor a 1 SMMLV,Localidad 2 - Virgen y Turistica,RURAL,ADULTEZ (29-59),Ninguno,CORVIVIENDA,Básica secundaria (6.o - 9.o),Hombre,Unión libre,Trabajador Independiente,Ninguno,18200000.0
SANEAMIENTO BÁSICO,Entre 1 y 2 SMMLV,Localidad 2 - Virgen y Turistica,RURAL,ADULTO MAYOR (60 o más),Pobreza Extrema,CORVIVIENDA,Básica primaria (1.o - 5.o),Mujer,Soltero(a),Trabajador Independiente,"Negro(a), mulato(a), afrodescendiente, afrocolombiano(a)",18200000.0
SANEAMIENTO BÁSICO,Menor a 1 SMMLV,Localidad 2 - Virgen y Turistica,RURAL,ADULTO MAYOR (60 o más),Pobreza Extrema,CORVIVIENDA,Media (10.o - 13.o),Mujer,Soltero(a),Ama de Casa/Cuidador,"Negro(a), mulato(a), afrodescendiente, afrocolombiano(a)",18200000.0
SANEAMIENTO BÁSICO,Menor a 1 SMMLV,Localidad 2 - Virgen y Turistica,RURAL,ADULTO MAYOR (60 o más),Pobreza Extrema,CORVIVIENDA,Básica primaria (1.o - 5.o),Mujer,Soltero(a),Trabajador Independiente,Ninguno,18200000.0
SANEAMIENTO BÁSICO,Menor a 1 SMMLV,Localidad 2 - Virgen y Turistica,RURAL,ADULTO MAYOR (60 o más),Ninguno,CORVIVIENDA,Ninguno,Mujer,Casado(a),Ama de Casa/Cuidador,Indígena,18200000.0
SANEAMIENTO BÁSICO,Menor a 1 SMMLV,Localidad 2 - Virgen y Turistica,RURAL,ADULTEZ (29-59),Ninguno,CORVIVIENDA,Básica primaria (1.o - 5.o),Mujer,Unión libre,Ama de Casa/Cuidador,"Negro(a), mulato(a), afrodescendiente, afrocolombiano(a)",18200000.0
SANEAMIENTO BÁSICO,Menor a 1 SMMLV,Localidad 2 - Virgen y Turistica,RURAL,ADULTEZ (29-59),Ninguno,CORVIVIENDA,Básica secundaria (6.o - 9.o),Mujer,Soltero(a),Empleado,Ninguno,18200000.0
SANEAMIENTO BÁSICO,Menor a 1 SMMLV,Localidad 2 - Virgen y Turistica,RURAL,JUVENTUD (18-28),Ninguno,CORVIVIENDA,Media (10.o - 13.o),Mujer,Unión libre,Ama de Casa/Cuidador,"Negro(a), mulato(a), afrodescendiente, afrocolombiano(a)",18200000.0
SANEAMIENTO BÁSICO,Menor a 1 SMMLV,Localidad 2 - Virgen y Turistica,RURAL,ADULTEZ (29-59),Pobreza Extrema,CORVIVIENDA,Básica secundaria (6.o - 9.o),Mujer,Unión libre,Ama de Casa/Cuidador,"Negro(a), mulato(a), afrodescendiente, afrocolombiano(a)",18200000.0
SANEAMIENTO BÁSICO,Menor a 1 SMMLV,Localidad 2 - Virgen y Turistica,RURAL,ADULTO MAYOR (60 o más),Ninguno,CORVIVIENDA,Básica primaria (1.o - 5.o),Hombre,Unión libre,Trabajador Independiente,Ninguno,18200000.0
SANEAMIENTO BÁSICO,Menor a 1 SMMLV,Localidad 2 - Virgen y Turistica,RURAL,ADULTO MAYOR (60 o más),Ninguno,CORVIVIENDA,Ninguno,Mujer,Viudo(a),Ama de Casa/Cuidador,Ninguno,18200000.0
SANEAMIENTO BÁSICO,Menor a 1 SMMLV,Localidad 2 - Virgen y Turistica,RURAL,ADULTO MAYOR (60 o más),Pobreza Extrema,CORVIVIENDA,Básica primaria (1.o - 5.o),Hombre,Unión libre,Sin actividad,Ninguno,18200000.0
SANEAMIENTO BÁSICO,Menor a 1 SMMLV,Localidad 2 - Virgen y Turistica,RURAL,ADULTEZ (29-59),Ninguno,CORVIVIENDA,Básica primaria (1.o - 5.o),Mujer,Soltero(a),Ama de Casa/Cuidador,"Negro(a), mulato(a), afrodescendiente, afrocolombiano(a)",18200000.0
SANEAMIENTO BÁSICO,Menor a 1 SMMLV,Localidad 2 - Virgen y Turistica,RURAL,ADULTEZ (29-59),Ninguno,CORVIVIENDA,Básica primaria (1.o - 5.o),Mujer,Unión libre,Trabajador Independiente,"Negro(a), mulato(a), afrodescendiente, afrocolombiano(a)",18200000.0
SANEAMIENTO BÁSICO,Menor a 1 SMMLV,Localidad 2 - Virgen y Turistica,RURAL,ADULTO MAYOR (60 o más),Ninguno,CORVIVIENDA,Básica primaria (1.o - 5.o),Mujer,Soltero(a),Ama de Casa/Cuidador,"Negro(a), mulato(a), afrodescendiente, afrocolombiano(a)",18200000.0
SANEAMIENTO BÁSICO,Menor a 1 SMMLV,Localidad 2 - Virgen y Turistica,RURAL,ADULTO MAYOR (60 o más),Ninguno,CORVIVIENDA,Básica primaria (1.o - 5.o),Mujer,Viudo(a),Ama de Casa/Cuidador,"Negro(a), mulato(a), afrodescendiente, afrocolombiano(a)",18200000.0
SANEAMIENTO BÁSICO,Menor a 1 SMMLV,Localidad 2 - Virgen y Turistica,RURAL,ADULTO MAYOR (60 o más),Ninguno,CORVIVIENDA,Básica primaria (1.o - 5.o),Hombre,Casado(a),Desempleado,"Negro(a), mulato(a), afrodescendiente, afrocolombiano(a)",18200000.0
SANEAMIENTO BÁSICO,Menor a 1 SMMLV,Localidad 2 - Virgen y Turistica,RURAL,ADULTO MAYOR (60 o más),Ninguno,CORVIVIENDA,Básica primaria (1.o - 5.o),Mujer,Viudo(a),Ama de Casa/Cuidador,"Negro(a), mulato(a), afrodescendiente, afrocolombiano(a)",18200000.0
SANEAMIENTO BÁSICO,Menor a 1 SMMLV,Localidad 2 - Virgen y Turistica,RURAL,ADULTEZ (29-59),Ninguno,CORVIVIENDA,Básica primaria (1.o - 5.o),Mujer,Viudo(a),Ama de Casa/Cuidador,"Negro(a), mulato(a), afrodescendiente, afrocolombiano(a)",18200000.0
SANEAMIENTO BÁSICO,Entre 1 y 2 SMMLV,Localidad 2 - Virgen y Turistica,RURAL,ADULTO MAYOR (60 o más),Pobreza Extrema,CORVIVIENDA,Básica primaria (1.o - 5.o),Mujer,Unión libre,Ama de Casa/Cuidador,"Negro(a), mulato(a), afrodescendiente, afrocolombiano(a)",18200000.0
SANEAMIENTO BÁSICO,Menor a 1 SMMLV,Localidad 2 - Virgen y Turistica,RURAL,ADULTO MAYOR (60 o más),Pobreza Extrema,CORVIVIENDA,Básica primaria (1.o - 5.o),Mujer,Viudo(a),Ama de Casa/Cuidador,"Negro(a), mulato(a), afrodescendiente, afrocolombiano(a)",18200000.0
SANEAMIENTO BÁSICO,Menor a 1 SMMLV,Localidad 2 - Virgen y Turistica,RURAL,ADULTEZ (29-59),Ninguno,CORVIVIENDA,Básica secundaria (6.o - 9.o),Mujer,Separado(a) o divorciado(a),Ama de Casa/Cuidador,Ninguno,18200000.0
SANEAMIENTO BÁSICO,Entre 1 y 2 SMMLV,Localidad 2 - Virgen y Turistica,RURAL,ADULTO MAYOR (60 o más),Pobreza Extrema,CORVIVIENDA,Básica primaria (1.o - 5.o),Mujer,Soltero(a),Ama de Casa/Cuidador,Ninguno,18200000.0
SANEAMIENTO BÁSICO,Menor a 1 SMMLV,Localidad 2 - Virgen y Turistica,RURAL,ADULTEZ (29-59),Pobreza Extrema,CORVIVIENDA,Básica primaria (1.o - 5.o),Mujer,Unión libre,Sin actividad,Ninguno,18200000.0
SANEAMIENTO BÁSICO,Entre 1 y 2 SMMLV,Localidad 2 - Virgen y Turistica,RURAL,ADULTO MAYOR (60 o más),Pobreza Extrema,CORVIVIENDA,Técnico o tecnológico (1 - 4),Hombre,Casado(a),Trabajador Independiente,Ninguno,18200000.0
SANEAMIENTO BÁSICO,Menor a 1 SMMLV,Localidad 2 - Virgen y Turistica,RURAL,ADULTEZ (29-59),Ninguno,CORVIVIENDA,Básica secundaria (6.o - 9.o),Mujer,Casado(a),Empleado,"Negro(a), mulato(a), afrodescendiente, afrocolombiano(a)",18200000.0
SANEAMIENTO BÁSICO,Menor a 1 SMMLV,Localidad 2 - Virgen y Turistica,RURAL,ADULTEZ (29-59),Pobreza Extrema,CORVIVIENDA,Media (10.o - 13.o),Mujer,Unión libre,Trabajador Independiente,Ninguno,18200000.0
SANEAMIENTO BÁSICO,Entre 1 y 2 SMMLV,Localidad 2 - Virgen y Turistica,RURAL,ADULTO MAYOR (60 o más),Pobreza Extrema,CORVIVIENDA,Básica secundaria (6.o - 9.o),Mujer,Unión libre,Ama de Casa/Cuidador,Ninguno,18200000.0
SANEAMIENTO BÁSICO,Menor a 1 SMMLV,Localidad 2 - Virgen y Turistica,RURAL,ADULTO MAYOR (60 o más),Ninguno,CORVIVIENDA,Básica secundaria (6.o - 9.o),Mujer,Casado(a),Ama de Casa/Cuidador,"Negro(a), mulato(a), afrodescendiente, afrocolombiano(a)",18200000.0
SANEAMIENTO BÁSICO,Menor a 1 SMMLV,Localidad 2 - Virgen y Turistica,RURAL,ADULTEZ (29-59),Ninguno,CORVIVIENDA,Básica secundaria (6.o - 9.o),Mujer,Soltero(a),Trabajador Independiente,Ninguno,18200000.0
SANEAMIENTO BÁSICO,Entre 1 y 2 SMMLV,Localidad 2 - Virgen y Turistica,RURAL,JUVENTUD (18-28),Ninguno,CORVIVIENDA,Técnico o tecnológico (1 - 4),Hombre,Soltero(a),Estudiante,Ninguno,18200000.0
SANEAMIENTO BÁSICO,Menor a 1 SMMLV,Localidad 2 - Virgen y Turistica,RURAL,ADULTO MAYOR (60 o más),Ninguno,CORVIVIENDA,Básica primaria (1.o - 5.o),Hombre,Separado(a) o divorciado(a),Sin actividad,Ninguno,18200000.0
SANEAMIENTO BÁSICO,Menor a 1 SMMLV,Localidad 2 - Virgen y Turistica,RURAL,ADULTEZ (29-59),Pobreza Extrema,CORVIVIENDA,Básica secundaria (6.o - 9.o),Mujer,Unión libre,Sin actividad,Ninguno,18200000.0
SANEAMIENTO BÁSICO,Menor a 1 SMMLV,Localidad 2 - Virgen y Turistica,RURAL,ADULTO MAYOR (60 o más),Ninguno,CORVIVIENDA,Básica primaria (1.o - 5.o),Mujer,Viudo(a),Trabajador Independiente,"Negro(a), mulato(a), afrodescendiente, afrocolombiano(a)",18200000.0
SANEAMIENTO BÁSICO,Menor a 1 SMMLV,Localidad 2 - Virgen y Turistica,RURAL,ADULTEZ (29-59),Víctima Conflicto Armado,CORVIVIENDA,Básica primaria (1.o - 5.o),Mujer,Soltero(a),Ama de Casa/Cuidador,"Negro(a), mulato(a), afrodescendiente, afrocolombiano(a)",18200000.0
SANEAMIENTO BÁSICO,Menor a 1 SMMLV,Localidad 2 - Virgen y Turistica,RURAL,ADULTO MAYOR (60 o más),Pobreza Extrema,CORVIVIENDA,Básica secundaria (6.o - 9.o),Hombre,Unión libre,Sin actividad,Ninguno,18200000.0
SANEAMIENTO BÁSICO,Entre 1 y 2 SMMLV,Localidad 2 - Virgen y Turistica,RURAL,ADULTEZ (29-59),Ninguno,CORVIVIENDA,Media (10.o - 13.o),Mujer,Unión libre,Ama de Casa/Cuidador,"Negro(a), mulato(a), afrodescendiente, afrocolombiano(a)",18200000.0
SANEAMIENTO BÁSICO,Menor a 1 SMMLV,Localidad 2 - Virgen y Turistica,RURAL,ADULTO MAYOR (60 o más),Pobreza Extrema,CORVIVIENDA,Básica primaria (1.o - 5.o),Hombre,Casado(a),Trabajador Independiente,Ninguno,18200000.0
SANEAMIENTO BÁSICO,Entre 1 y 2 SMMLV,Localidad 2 - Virgen y Turistica,RURAL,ADULTO MAYOR (60 o más),Pobreza Extrema,CORVIVIENDA,Básica primaria (1.o - 5.o),Mujer,Casado(a),Ama de Casa/Cuidador,"Negro(a), mulato(a), afrodescendiente, afrocolombiano(a)",18200000.0
SANEAMIENTO BÁSICO,Entre 1 y 2 SMMLV,Localidad 2 - Virgen y Turistica,RURAL,ADULTO MAYOR (60 o más),Pobreza Extrema,CORVIVIENDA,Básica primaria (1.o - 5.o),Hombre,Soltero(a),Trabajador Independiente,Ninguno,18200000.0
SANEAMIENTO BÁSICO,Entre 1 y 2 SMMLV,Localidad 2 - Virgen y Turistica,RURAL,ADULTO MAYOR (60 o más),Pobreza Extrema,CORVIVIENDA,Básica primaria (1.o - 5.o),Mujer,Viudo(a),Ama de Casa/Cuidador,Ninguno,18200000.0
SANEAMIENTO BÁSICO,Menor a 1 SMMLV,Localidad 2 - Virgen y Turistica,RURAL,ADULTEZ (29-59),Ninguno,CORVIVIENDA,Media (10.o - 13.o),Mujer,Unión libre,Ama de Casa/Cuidador,"Negro(a), mulato(a), afrodescendiente, afrocolombiano(a)",18200000.0
SANEAMIENTO BÁSICO,No tiene,Localidad 2 - Virgen y Turistica,RURAL,ADULTO MAYOR (60 o más),Ninguno,CORVIVIENDA,Básica primaria (1.o - 5.o),Hombre,Unión libre,Sin actividad,Ninguno,18200000.0
SANEAMIENTO BÁSICO,Menor a 1 SMMLV,Localidad 2 - Virgen y Turistica,RURAL,ADULTO MAYOR (60 o más),Ninguno,CORVIVIENDA,Básica secundaria (6.o - 9.o),Hombre,Unión libre,Trabajador Independiente,Ninguno,18200000.0
SANEAMIENTO BÁSICO,No tiene,Localidad 2 - Virgen y Turistica,RURAL,ADULTO MAYOR (60 o más),Pobreza Extrema,CORVIVIENDA,Media (10.o - 13.o),Hombre,Unión libre,Trabajador Independiente,"Negro(a), mulato(a), afrodescendiente, afrocolombiano(a)",18200000.0
SANEAMIENTO BÁSICO,Menor a 1 SMMLV,Localidad 2 - Virgen y Turistica,RURAL,ADULTEZ (29-59),Víctima Conflicto Armado,CORVIVIENDA,Básica secundaria (6.o - 9.o),Hombre,Unión libre,Trabajador Independiente,Ninguno,18200000.0
SANEAMIENTO BÁSICO,Menor a 1 SMMLV,Localidad 2 - Virgen y Turistica,RURAL,ADULTO MAYOR (60 o más),Ninguno,CORVIVIENDA,Básica secundaria (6.o - 9.o),Mujer,Unión libre,Ama de Casa/Cuidador,"Negro(a), mulato(a), afrodescendiente, afrocolombiano(a)",18200000.0
SANEAMIENTO BÁSICO,Menor a 1 SMMLV,Localidad 2 - Virgen y Turistica,RURAL,ADULTO MAYOR (60 o más),Ninguno,CORVIVIENDA,Ninguno,Hombre,Separado(a) o divorciado(a),Trabajador Independiente,"Negro(a), mulato(a), afrodescendiente, afrocolombiano(a)",18200000.0
SANEAMIENTO BÁSICO,Menor a 1 SMMLV,Localidad 2 - Virgen y Turistica,RURAL,ADULTEZ (29-59),Ninguno,CORVIVIENDA,Media (10.o - 13.o),Hombre,Unión libre,Trabajador Independiente,"Negro(a), mulato(a), afrodescendiente, afrocolombiano(a)",18200000.0
SANEAMIENTO BÁSICO,No tiene,Localidad 2 - Virgen y Turistica,RURAL,ADULTO MAYOR (60 o más),Ninguno,CORVIVIENDA,Ninguno,Mujer,Unión libre,Sin actividad,Ninguno,18200000.0
SANEAMIENTO BÁSICO,Menor a 1 SMMLV,Localidad 2 - Virgen y Turistica,RURAL,ADULTO MAYOR (60 o más),Ninguno,CORVIVIENDA,Básica secundaria (6.o - 9.o),Hombre,Casado(a),Trabajador Independiente,Ninguno,18200000.0
SANEAMIENTO BÁSICO,Menor a 1 SMMLV,Localidad 2 - Virgen y Turistica,RURAL,ADULTEZ (29-59),Ninguno,CORVIVIENDA,Básica primaria (1.o - 5.o),Hombre,Casado(a),Trabajador Independiente,"Negro(a), mulato(a), afrodescendiente, afrocolombiano(a)",18200000.0
SANEAMIENTO BÁSICO,Menor a 1 SMMLV,Localidad 2 - Virgen y Turistica,RURAL,ADULTEZ (29-59),Ninguno,CORVIVIENDA,Básica secundaria (6.o - 9.o),Mujer,Casado(a),Ama de Casa/Cuidador,"Negro(a), mulato(a), afrodescendiente, afrocolombiano(a)",18200000.0
SANEAMIENTO BÁSICO,Menor a 1 SMMLV,Localidad 2 - Virgen y Turistica,RURAL,ADULTEZ (29-59),Ninguno,CORVIVIENDA,Básica secundaria (6.o - 9.o),Hombre,Unión libre,Trabajador Independiente,Ninguno,18200000.0
SANEAMIENTO BÁSICO,Menor a 1 SMMLV,Localidad 2 - Virgen y Turistica,RURAL,ADULTO MAYOR (60 o más),Ninguno,CORVIVIENDA,Básica primaria (1.o - 5.o),Mujer,Soltero(a),Ama de Casa/Cuidador,"Negro(a), mulato(a), afrodescendiente, afrocolombiano(a)",18200000.0
SANEAMIENTO BÁSICO,Entre 1 y 2 SMMLV,Localidad 2 - Virgen y Turistica,RURAL,ADULTO MAYOR (60 o más),Pobreza Extrema,CORVIVIENDA,Básica primaria (1.o - 5.o),Hombre,Unión libre,Trabajador Independiente,"Negro(a), mulato(a), afrodescendiente, afrocolombiano(a)",18200000.0
SANEAMIENTO BÁSICO,Menor a 1 SMMLV,Localidad 2 - Virgen y Turistica,RURAL,ADULTO MAYOR (60 o más),Ninguno,CORVIVIENDA,Ninguno,Mujer,Viudo(a),Sin actividad,Ninguno,18200000.0
SANEAMIENTO BÁSICO,Menor a 1 SMMLV,Localidad 2 - Virgen y Turistica,RURAL,ADULTO MAYOR (60 o más),Ninguno,CORVIVIENDA,Básica primaria (1.o - 5.o),Hombre,Viudo(a),Trabajador Independiente,"Negro(a), mulato(a), afrodescendiente, afrocolombiano(a)",18200000.0
SANEAMIENTO BÁSICO,No tiene,Localidad 2 - Virgen y Turistica,RURAL,ADULTEZ (29-59),Ninguno,CORVIVIENDA,Básica primaria (1.o - 5.o),Mujer,Unión libre,Ama de Casa/Cuidador,Ninguno,18200000.0
SANEAMIENTO BÁSICO,Entre 1 y 2 SMMLV,Localidad 2 - Virgen y Turistica,RURAL,ADULTO MAYOR (60 o más),Pobreza Extrema,CORVIVIENDA,Básica primaria (1.o - 5.o),Hombre,Casado(a),Sin actividad,"Negro(a), mulato(a), afrodescendiente, afrocolombiano(a)",18200000.0
SANEAMIENTO BÁSICO,Menor a 1 SMMLV,Localidad 2 - Virgen y Turistica,RURAL,ADULTO MAYOR (60 o más),Ninguno,CORVIVIENDA,Básica primaria (1.o - 5.o),Mujer,Casado(a),Ama de Casa/Cuidador,"Negro(a), mulato(a), afrodescendiente, afrocolombiano(a)",18200000.0
SANEAMIENTO BÁSICO,No tiene,Localidad 2 - Virgen y Turistica,RURAL,ADULTO MAYOR (60 o más),Víctima Conflicto Armado por Desplazamiento Forzado,CORVIVIENDA,Ninguno,Mujer,Viudo(a),Ama de Casa/Cuidador,"Negro(a), mulato(a), afrodescendiente, afrocolombiano(a)",18200000.0
SANEAMIENTO BÁSICO,Menor a 1 SMMLV,Localidad 2 - Virgen y Turistica,RURAL,ADULTO MAYOR (60 o más),Ninguno,CORVIVIENDA,Ninguno,Mujer,Casado(a),Ama de Casa/Cuidador,"Negro(a), mulato(a), afrodescendiente, afrocolombiano(a)",18200000.0
SANEAMIENTO BÁSICO,Menor a 1 SMMLV,Localidad 2 - Virgen y Turistica,RURAL,ADULTO MAYOR (60 o más),Pobreza Extrema,CORVIVIENDA,Básica primaria (1.o - 5.o),Mujer,Unión libre,Ama de Casa/Cuidador,Ninguno,18200000.0
SANEAMIENTO BÁSICO,No tiene,Localidad 2 - Virgen y Turistica,RURAL,ADULTEZ (29-59),Ninguno,CORVIVIENDA,Básica primaria (1.o - 5.o),Mujer,Unión libre,Sin actividad,"Negro(a), mulato(a), afrodescendiente, afrocolombiano(a)",18200000.0
SANEAMIENTO BÁSICO,Menor a 1 SMMLV,Localidad 2 - Virgen y Turistica,RURAL,ADULTEZ (29-59),Ninguno,CORVIVIENDA,Básica primaria (1.o - 5.o),Hombre,Soltero(a),Trabajador Independiente,"Negro(a), mulato(a), afrodescendiente, afrocolombiano(a)",18200000.0
SANEAMIENTO BÁSICO,Menor a 1 SMMLV,Localidad 2 - Virgen y Turistica,RURAL,ADULTO MAYOR (60 o más),Ninguno,CORVIVIENDA,Media (10.o - 13.o),Mujer,Casado(a),Ama de Casa/Cuidador,"Negro(a), mulato(a), afrodescendiente, afrocolombiano(a)",18200000.0
SANEAMIENTO BÁSICO,Menor a 1 SMMLV,Localidad 2 - Virgen y Turistica,RURAL,ADULTO MAYOR (60 o más),Ninguno,CORVIVIENDA,Básica secundaria (6.o - 9.o),Mujer,Viudo(a),Ama de Casa/Cuidador,Ninguno,18200000.0
SANEAMIENTO BÁSICO,Menor a 1 SMMLV,Localidad 2 - Virgen y Turistica,RURAL,ADULTEZ (29-59),Ninguno,CORVIVIENDA,Básica primaria (1.o - 5.o),Mujer,Unión libre,Ama de Casa/Cuidador,Ninguno,18200000.0
SANEAMIENTO BÁSICO,Menor a 1 SMMLV,Localidad 2 - Virgen y Turistica,RURAL,ADULTEZ (29-59),Ninguno,CORVIVIENDA,Media (10.o - 13.o),Hombre,Soltero(a),Trabajador Independiente,Ninguno,18200000.0
SANEAMIENTO BÁSICO,Menor a 1 SMMLV,Localidad 2 - Virgen y Turistica,RURAL,ADULTEZ (29-59),Damnificados,CORVIVIENDA,Básica secundaria (6.o - 9.o),Mujer,Unión libre,Desempleado,Ninguno,18200000.0
SANEAMIENTO BÁSICO,Entre 1 y 2 SMMLV,Localidad 2 - Virgen y Turistica,RURAL,ADULTO MAYOR (60 o más),Pobreza Extrema,CORVIVIENDA,Básica secundaria (6.o - 9.o),Hombre,Casado(a),Trabajador Independiente,Ninguno,18200000.0
SANEAMIENTO BÁSICO,Menor a 1 SMMLV,Localidad 2 - Virgen y Turistica,RURAL,ADULTO MAYOR (60 o más),Ninguno,CORVIVIENDA,Básica primaria (1.o - 5.o),Mujer,Unión libre,Ama de Casa/Cuidador,Ninguno,18200000.0
SANEAMIENTO BÁSICO,Menor a 1 SMMLV,Localidad 2 - Virgen y Turistica,RURAL,ADULTO MAYOR (60 o más),Pobreza Extrema,CORVIVIENDA,Básica secundaria (6.o - 9.o),Mujer,Unión libre,Ama de Casa/Cuidador,Ninguno,18200000.0
SANEAMIENTO BÁSICO,Menor a 1 SMMLV,Localidad 2 - Virgen y Turistica,RURAL,ADULTO MAYOR (60 o más),Ninguno,CORVIVIENDA,Básica primaria (1.o - 5.o),Hombre,Soltero(a),Trabajador Independiente,"Negro(a), mulato(a), afrodescendiente, afrocolombiano(a)",18200000.0
SANEAMIENTO BÁSICO,Menor a 1 SMMLV,Localidad 2 - Virgen y Turistica,RURAL,ADULTEZ (29-59),Ninguno,CORVIVIENDA,Básica primaria (1.o - 5.o),Hombre,Soltero(a),Trabajador Independiente,Ninguno,18200000.0
SANEAMIENTO BÁSICO,Menor a 1 SMMLV,Localidad 2 - Virgen y Turistica,RURAL,ADULTEZ (29-59),Pobreza Extrema,CORVIVIENDA,Media (10.o - 13.o),Mujer,Unión libre,Ama de Casa/Cuidador,"Negro(a), mulato(a), afrodescendiente, afrocolombiano(a)",18200000.0
SANEAMIENTO BÁSICO,Entre 1 y 2 SMMLV,Localidad 2 - Virgen y Turistica,RURAL,ADULTO MAYOR (60 o más),Ninguno,CORVIVIENDA,Universitario (1 - 6),Hombre,Viudo(a),Jubilado o pensionado,"Negro(a), mulato(a), afrodescendiente, afrocolombiano(a)",18200000.0
SANEAMIENTO BÁSICO,Menor a 1 SMMLV,Localidad 2 - Virgen y Turistica,RURAL,ADULTEZ (29-59),Ninguno,CORVIVIENDA,Básica secundaria (6.o - 9.o),Mujer,Unión libre,Ama de Casa/Cuidador,Ninguno,18200000.0
SANEAMIENTO BÁSICO,Menor a 1 SMMLV,Localidad 2 - Virgen y Turistica,RURAL,ADULTEZ (29-59),Ninguno,CORVIVIENDA,Básica secundaria (6.o - 9.o),Mujer,Unión libre,Trabajador Independiente,"Negro(a), mulato(a), afrodescendiente, afrocolombiano(a)",18200000.0
SANEAMIENTO BÁSICO,Menor a 1 SMMLV,Localidad 2 - Virgen y Turistica,RURAL,ADULTO MAYOR (60 o más),Ninguno,CORVIVIENDA,Básica primaria (1.o - 5.o),Mujer,Viudo(a),Sin actividad,Ninguno,18200000.0
SANEAMIENTO BÁSICO,No tiene,Localidad 2 - Virgen y Turistica,RURAL,ADULTO MAYOR (60 o más),Ninguno,CORVIVIENDA,Básica primaria (1.o - 5.o),Mujer,Viudo(a),Ama de Casa/Cuidador,"Negro(a), mulato(a), afrodescendiente, afrocolombiano(a)",18200000.0
SANEAMIENTO BÁSICO,Menor a 1 SMMLV,Localidad 2 - Virgen y Turistica,RURAL,ADULTEZ (29-59),Ninguno,CORVIVIENDA,Básica secundaria (6.o - 9.o),Mujer,Soltero(a),Empleado,"Negro(a), mulato(a), afrodescendiente, afrocolombiano(a)",18200000.0
SANEAMIENTO BÁSICO,Menor a 1 SMMLV,Localidad 2 - Virgen y Turistica,RURAL,ADULTEZ (29-59),Pobreza Extrema,CORVIVIENDA,Básica primaria (1.o - 5.o),Hombre,Unión libre,Sin actividad,Ninguno,18200000.0
SANEAMIENTO BÁSICO,Menor a 1 SMMLV,Localidad 2 - Virgen y Turistica,RURAL,ADULTEZ (29-59),Ninguno,CORVIVIENDA,Básica primaria (1.o - 5.o),Hombre,Unión libre,Sin actividad,"Negro(a), mulato(a), afrodescendiente, afrocolombiano(a)",18200000.0
SANEAMIENTO BÁSICO,No tiene,Localidad 2 - Virgen y Turistica,RURAL,ADULTEZ (29-59),Ninguno,CORVIVIENDA,Básica primaria (1.o - 5.o),Mujer,Unión libre,Ama de Casa/Cuidador,"Negro(a), mulato(a), afrodescendiente, afrocolombiano(a)",18200000.0
SANEAMIENTO BÁSICO,Menor a 1 SMMLV,Localidad 2 - Virgen y Turistica,RURAL,ADULTEZ (29-59),Ninguno,CORVIVIENDA,Básica secundaria (6.o - 9.o),Hombre,Unión libre,Trabajador Independiente,"Negro(a), mulato(a), afrodescendiente, afrocolombiano(a)",18200000.0
SANEAMIENTO BÁSICO,Menor a 1 SMMLV,Localidad 2 - Virgen y Turistica,RURAL,ADULTEZ (29-59),Ninguno,CORVIVIENDA,Básica secundaria (6.o - 9.o),Hombre,Unión libre,Trabajador Independiente,"Negro(a), mulato(a), afrodescendiente, afrocolombiano(a)",18200000.0
SANEAMIENTO BÁSICO,No tiene,Localidad 2 - Virgen y Turistica,RURAL,ADULTEZ (29-59),Pobreza Extrema,CORVIVIENDA,Básica primaria (1.o - 5.o),Hombre,Casado(a),Trabajador Independiente,Ninguno,18200000.0
SANEAMIENTO BÁSICO,Entre 1 y 2 SMMLV,Localidad 2 - Virgen y Turistica,RURAL,JUVENTUD (18-28),Ninguno,CORVIVIENDA,Técnico o tecnológico (1 - 4),Hombre,Unión libre,Empleado,"Negro(a), mulato(a), afrodescendiente, afrocolombiano(a)",18200000.0
SANEAMIENTO BÁSICO,Entre 1 y 2 SMMLV,Localidad 2 - Virgen y Turistica,RURAL,ADULTEZ (29-59),Ninguno,CORVIVIENDA,Media (10.o - 13.o),Hombre,Unión libre,Empleado,"Negro(a), mulato(a), afrodescendiente, afrocolombiano(a)",18200000.0
SANEAMIENTO BÁSICO,Menor a 1 SMMLV,Localidad 2 - Virgen y Turistica,RURAL,ADULTEZ (29-59),Ninguno,CORVIVIENDA,Ninguno,Hombre,Unión libre,Trabajador Independiente,"Negro(a), mulato(a), afrodescendiente, afrocolombiano(a)",18200000.0
SANEAMIENTO BÁSICO,Menor a 1 SMMLV,Localidad 2 - Virgen y Turistica,RURAL,JUVENTUD (18-28),Pobreza Extrema,CORVIVIENDA,Media (10.o - 13.o),Mujer,Unión libre,Ama de Casa/Cuidador,"Negro(a), mulato(a), afrodescendiente, afrocolombiano(a)",18200000.0
SANEAMIENTO BÁSICO,Menor a 1 SMMLV,Localidad 2 - Virgen y Turistica,RURAL,ADULTO MAYOR (60 o más),Ninguno,CORVIVIENDA,Básica secundaria (6.o - 9.o),Hombre,Soltero(a),Empleado,Ninguno,18200000.0
SANEAMIENTO BÁSICO,Menor a 1 SMMLV,Localidad 2 - Virgen y Turistica,RURAL,ADULTEZ (29-59),Ninguno,CORVIVIENDA,Básica primaria (1.o - 5.o),Hombre,Unión libre,Trabajador Independiente,"Negro(a), mulato(a), afrodescendiente, afrocolombiano(a)",18200000.0
SANEAMIENTO BÁSICO,Menor a 1 SMMLV,Localidad 2 - Virgen y Turistica,RURAL,ADULTO MAYOR (60 o más),Ninguno,CORVIVIENDA,Básica secundaria (6.o - 9.o),Mujer,Soltero(a),Ama de Casa/Cuidador,"Negro(a), mulato(a), afrodescendiente, afrocolombiano(a)",18200000.0
SANEAMIENTO BÁSICO,Menor a 1 SMMLV,Localidad 2 - Virgen y Turistica,RURAL,ADULTEZ (29-59),Pobreza Extrema,CORVIVIENDA,Técnico o tecnológico (1 - 4),Mujer,Casado(a),Ama de Casa/Cuidador,"Negro(a), mulato(a), afrodescendiente, afrocolombiano(a)",18200000.0
SANEAMIENTO BÁSICO,Menor a 1 SMMLV,Localidad 2 - Virgen y Turistica,RURAL,ADULTEZ (29-59),Pobreza Extrema,CORVIVIENDA,Básica secundaria (6.o - 9.o),Mujer,Unión libre,Trabajador Independiente,Ninguno,18200000.0
SANEAMIENTO BÁSICO,Entre 1 y 2 SMMLV,Localidad 2 - Virgen y Turistica,RURAL,ADULTEZ (29-59),Damnificados,CORVIVIENDA,Media (10.o - 13.o),Mujer,Unión libre,Trabajador Independiente,Ninguno,18200000.0
SANEAMIENTO BÁSICO,Menor a 1 SMMLV,Localidad 2 - Virgen y Turistica,RURAL,ADULTEZ (29-59),Ninguno,CORVIVIENDA,Básica primaria (1.o - 5.o),Mujer,Viudo(a),Ama de Casa/Cuidador,"Negro(a), mulato(a), afrodescendiente, afrocolombiano(a)",18200000.0
SANEAMIENTO BÁSICO,Menor a 1 SMMLV,Localidad 2 - Virgen y Turistica,RURAL,ADULTEZ (29-59),Ninguno,CORVIVIENDA,Básica secundaria (6.o - 9.o),Mujer,Soltero(a),Ama de Casa/Cuidador,"Negro(a), mulato(a), afrodescendiente, afrocolombiano(a)",18200000.0
SANEAMIENTO BÁSICO,Menor a 1 SMMLV,Localidad 2 - Virgen y Turistica,RURAL,ADULTEZ (29-59),Damnificados,CORVIVIENDA,Básica secundaria (6.o - 9.o),Mujer,Soltero(a),Trabajador Independiente,Ninguno,18200000.0
SANEAMIENTO BÁSICO,Menor a 1 SMMLV,Localidad 2 - Virgen y Turistica,RURAL,JUVENTUD (18-28),Ninguno,CORVIVIENDA,Básica secundaria (6.o - 9.o),Mujer,Unión libre,Ama de Casa/Cuidador,"Negro(a), mulato(a), afrodescendiente, afrocolombiano(a)",18200000.0
SANEAMIENTO BÁSICO,Menor a 1 SMMLV,Localidad 2 - Virgen y Turistica,RURAL,ADULTO MAYOR (60 o más),Ninguno,CORVIVIENDA,Básica primaria (1.o - 5.o),Mujer,Unión libre,Ama de Casa/Cuidador,Ninguno,18200000.0
SANEAMIENTO BÁSICO,Menor a 1 SMMLV,Localidad 2 - Virgen y Turistica,RURAL,ADULTO MAYOR (60 o más),Ninguno,CORVIVIENDA,Básica primaria (1.o - 5.o),Mujer,Soltero(a),Ama de Casa/Cuidador,Ninguno,18200000.0
SANEAMIENTO BÁSICO,Menor a 1 SMMLV,Localidad 2 - Virgen y Turistica,RURAL,ADULTEZ (29-59),Ninguno,CORVIVIENDA,Básica secundaria (6.o - 9.o),Mujer,Unión libre,Ama de Casa/Cuidador,"Negro(a), mulato(a), afrodescendiente, afrocolombiano(a)",18200000.0
SANEAMIENTO BÁSICO,Menor a 1 SMMLV,Localidad 2 - Virgen y Turistica,RURAL,ADULTO MAYOR (60 o más),Víctima Conflicto Armado,CORVIVIENDA,Ninguno,Mujer,Viudo(a),Ama de Casa/Cuidador,Ninguno,18200000.0
SANEAMIENTO BÁSICO,Menor a 1 SMMLV,Localidad 2 - Virgen y Turistica,RURAL,ADULTEZ (29-59),Ninguno,CORVIVIENDA,Técnico o tecnológico (1 - 4),Mujer,Unión libre,Ama de Casa/Cuidador,"Negro(a), mulato(a), afrodescendiente, afrocolombiano(a)",18200000.0
SANEAMIENTO BÁSICO,No tiene,Localidad 2 - Virgen y Turistica,RURAL,ADULTO MAYOR (60 o más),Pobreza Extrema,CORVIVIENDA,Ninguno,Hombre,Soltero(a),Sin actividad,"Negro(a), mulato(a), afrodescendiente, afrocolombiano(a)",18200000.0
SANEAMIENTO BÁSICO,Menor a 1 SMMLV,Localidad 2 - Virgen y Turistica,RURAL,ADULTO MAYOR (60 o más),Ninguno,CORVIVIENDA,Básica secundaria (6.o - 9.o),Hombre,Unión libre,Sin actividad,"Negro(a), mulato(a), afrodescendiente, afrocolombiano(a)",18200000.0
SANEAMIENTO BÁSICO,Menor a 1 SMMLV,Localidad 2 - Virgen y Turistica,RURAL,ADULTEZ (29-59),Ninguno,CORVIVIENDA,Básica primaria (1.o - 5.o),Hombre,Unión libre,Trabajador Independiente,Ninguno,18200000.0
SANEAMIENTO BÁSICO,Menor a 1 SMMLV,Localidad 2 - Virgen y Turistica,RURAL,ADULTEZ (29-59),Pobreza Extrema,CORVIVIENDA,Básica secundaria (6.o - 9.o),Hombre,Unión libre,Trabajador Independiente,Ninguno,18200000.0
SANEAMIENTO BÁSICO,Menor a 1 SMMLV,Localidad 2 - Virgen y Turistica,RURAL,ADULTO MAYOR (60 o más),Ninguno,CORVIVIENDA,Básica primaria (1.o - 5.o),Mujer,Unión libre,Ama de Casa/Cuidador,"Negro(a), mulato(a), afrodescendiente, afrocolombiano(a)",18200000.0
SANEAMIENTO BÁSICO,Entre 1 y 2 SMMLV,Localidad 2 - Virgen y Turistica,RURAL,ADULTO MAYOR (60 o más),Pobreza Extrema,CORVIVIENDA,Básica secundaria (6.o - 9.o),Mujer,Casado(a),Ama de Casa/Cuidador,Ninguno,18200000.0
SANEAMIENTO BÁSICO,Entre 1 y 2 SMMLV,Localidad 2 - Virgen y Turistica,RURAL,ADULTO MAYOR (60 o más),Ninguno,CORVIVIENDA,Media (10.o - 13.o),Mujer,Unión libre,Ama de Casa/Cuidador,"Negro(a), mulato(a), afrodescendiente, afrocolombiano(a)",18200000.0
SANEAMIENTO BÁSICO,Entre 1 y 2 SMMLV,Localidad 2 - Virgen y Turistica,RURAL,ADULTO MAYOR (60 o más),Pobreza Extrema,CORVIVIENDA,Ninguno,Hombre,Soltero(a),Trabajador Independiente,Ninguno,18200000.0
SANEAMIENTO BÁSICO,Menor a 1 SMMLV,Localidad 2 - Virgen y Turistica,RURAL,ADULTO MAYOR (60 o más),Ninguno,CORVIVIENDA,Básica secundaria (6.o - 9.o),Hombre,Unión libre,Trabajador Independiente,Ninguno,18200000.0
SANEAMIENTO BÁSICO,Menor a 1 SMMLV,Localidad 2 - Virgen y Turistica,RURAL,ADULTEZ (29-59),Ninguno,CORVIVIENDA,Básica primaria (1.o - 5.o),Mujer,Soltero(a),Sin actividad,"Negro(a), mulato(a), afrodescendiente, afrocolombiano(a)",18200000.0
SANEAMIENTO BÁSICO,Menor a 1 SMMLV,Localidad 2 - Virgen y Turistica,RURAL,ADULTO MAYOR (60 o más),Ninguno,CORVIVIENDA,Básica secundaria (6.o - 9.o),Mujer,Unión libre,Ama de Casa/Cuidador,"Negro(a), mulato(a), afrodescendiente, afrocolombiano(a)",18200000.0
SANEAMIENTO BÁSICO,Menor a 1 SMMLV,Localidad 2 - Virgen y Turistica,RURAL,ADULTO MAYOR (60 o más),Víctima Conflicto Armado,CORVIVIENDA,Básica primaria (1.o - 5.o),Mujer,Soltero(a),Ama de Casa/Cuidador,"Negro(a), mulato(a), afrodescendiente, afrocolombiano(a)",18200000.0
SANEAMIENTO BÁSICO,Menor a 1 SMMLV,Localidad 2 - Virgen y Turistica,RURAL,ADULTEZ (29-59),Ninguno,CORVIVIENDA,Básica primaria (1.o - 5.o),Mujer,Casado(a),Ama de Casa/Cuidador,"Negro(a), mulato(a), afrodescendiente, afrocolombiano(a)",18200000.0
SANEAMIENTO BÁSICO,Entre 1 y 2 SMMLV,Localidad 2 - Virgen y Turistica,RURAL,ADULTO MAYOR (60 o más),Pobreza Extrema,CORVIVIENDA,Básica primaria (1.o - 5.o),Hombre,Soltero(a),Trabajador Independiente,"Negro(a), mulato(a), afrodescendiente, afrocolombiano(a)",18200000.0
SANEAMIENTO BÁSICO,Menor a 1 SMMLV,Localidad 2 - Virgen y Turistica,RURAL,ADULTEZ (29-59),Ninguno,CORVIVIENDA,Básica secundaria (6.o - 9.o),Hombre,Soltero(a),Trabajador Independiente,"Negro(a), mulato(a), afrodescendiente, afrocolombiano(a)",18200000.0
SANEAMIENTO BÁSICO,Entre 1 y 2 SMMLV,Localidad 2 - Virgen y Turistica,RURAL,ADULTO MAYOR (60 o más),Pobreza Extrema,CORVIVIENDA,Básica primaria (1.o - 5.o),Hombre,Casado(a),Trabajador Independiente,Ninguno,18200000.0
SANEAMIENTO BÁSICO,No tiene,Localidad 2 - Virgen y Turistica,RURAL,ADULTO MAYOR (60 o más),Ninguno,CORVIVIENDA,Básica primaria (1.o - 5.o),Mujer,Unión libre,Sin actividad,"Negro(a), mulato(a), afrodescendiente, afrocolombiano(a)",18200000.0
SANEAMIENTO BÁSICO,Menor a 1 SMMLV,Localidad 2 - Virgen y Turistica,RURAL,ADULTO MAYOR (60 o más),Ninguno,CORVIVIENDA,Media (10.o - 13.o),Mujer,Separado(a) o divorciado(a),Trabajador Independiente,"Negro(a), mulato(a), afrodescendiente, afrocolombiano(a)",18200000.0
SANEAMIENTO BÁSICO,Menor a 1 SMMLV,Localidad 2 - Virgen y Turistica,RURAL,ADULTO MAYOR (60 o más),Ninguno,CORVIVIENDA,Básica secundaria (6.o - 9.o),Mujer,Unión libre,Desempleado,Ninguno,18200000.0
SANEAMIENTO BÁSICO,Menor a 1 SMMLV,Localidad 2 - Virgen y Turistica,RURAL,ADULTEZ (29-59),Ninguno,CORVIVIENDA,Media (10.o - 13.o),Mujer,Separado(a) o divorciado(a),Ama de Casa/Cuidador,"Negro(a), mulato(a), afrodescendiente, afrocolombiano(a)",18200000.0
SANEAMIENTO BÁSICO,No tiene,Localidad 2 - Virgen y Turistica,RURAL,ADULTEZ (29-59),Ninguno,CORVIVIENDA,Básica primaria (1.o - 5.o),Mujer,Unión libre,Sin actividad,Ninguno,18200000.0
SANEAMIENTO BÁSICO,Menor a 1 SMMLV,Localidad 2 - Virgen y Turistica,RURAL,ADULTO MAYOR (60 o más),Pobreza Extrema,CORVIVIENDA,Básica secundaria (6.o - 9.o),Hombre,Unión libre,Trabajador Independiente,Ninguno,18200000.0
SANEAMIENTO BÁSICO,Menor a 1 SMMLV,Localidad 2 - Virgen y Turistica,RURAL,ADULTO MAYOR (60 o más),Pobreza Extrema,CORVIVIENDA,Básica primaria (1.o - 5.o),Mujer,Unión libre,Ama de Casa/Cuidador,"Negro(a), mulato(a), afrodescendiente, afrocolombiano(a)",18200000.0
SANEAMIENTO BÁSICO,Menor a 1 SMMLV,Localidad 2 - Virgen y Turistica,RURAL,ADULTO MAYOR (60 o más),Ninguno,CORVIVIENDA,Básica primaria (1.o - 5.o),Mujer,Soltero(a),Sin actividad,Ninguno,18200000.0
SANEAMIENTO BÁSICO,Entre 1 y 2 SMMLV,Localidad 2 - Virgen y Turistica,RURAL,ADULTO MAYOR (60 o más),Pobreza Extrema,CORVIVIENDA,Básica primaria (1.o - 5.o),Mujer,Casado(a),Ama de Casa/Cuidador,Ninguno,18200000.0
SANEAMIENTO BÁSICO,Menor a 1 SMMLV,Localidad 2 - Virgen y Turistica,RURAL,ADULTEZ (29-59),Ninguno,CORVIVIENDA,Básica primaria (1.o - 5.o),Mujer,Casado(a),Trabajador Independiente,"Negro(a), mulato(a), afrodescendiente, afrocolombiano(a)",18200000.0
SANEAMIENTO BÁSICO,Menor a 1 SMMLV,Localidad 2 - Virgen y Turistica,RURAL,ADULTEZ (29-59),Ninguno,CORVIVIENDA,Básica primaria (1.o - 5.o),Hombre,Unión libre,Trabajador Independiente,"Negro(a), mulato(a), afrodescendiente, afrocolombiano(a)",18200000.0
SANEAMIENTO BÁSICO,Menor a 1 SMMLV,Localidad 2 - Virgen y Turistica,RURAL,ADULTEZ (29-59),Ninguno,CORVIVIENDA,Básica secundaria (6.o - 9.o),Mujer,Soltero(a),Ama de Casa/Cuidador,"Negro(a), mulato(a), afrodescendiente, afrocolombiano(a)",18200000.0
SANEAMIENTO BÁSICO,No tiene,Localidad 2 - Virgen y Turistica,RURAL,ADULTO MAYOR (60 o más),Ninguno,CORVIVIENDA,Básica primaria (1.o - 5.o),Mujer,Unión libre,Ama de Casa/Cuidador,Ninguno,18200000.0
SANEAMIENTO BÁSICO,No tiene,Localidad 2 - Virgen y Turistica,RURAL,ADULTO MAYOR (60 o más),Ninguno,CORVIVIENDA,Básica primaria (1.o - 5.o),Mujer,Unión libre,Sin actividad,Ninguno,18200000.0
SANEAMIENTO BÁSICO,Menor a 1 SMMLV,Localidad 2 - Virgen y Turistica,RURAL,ADULTEZ (29-59),Ninguno,CORVIVIENDA,Básica primaria (1.o - 5.o),Mujer,Unión libre,Ama de Casa/Cuidador,"Negro(a), mulato(a), afrodescendiente, afrocolombiano(a)",18200000.0
SANEAMIENTO BÁSICO,Menor a 1 SMMLV,Localidad 2 - Virgen y Turistica,RURAL,ADULTEZ (29-59),Ninguno,CORVIVIENDA,Media (10.o - 13.o),Mujer,Unión libre,Ama de Casa/Cuidador,"Negro(a), mulato(a), afrodescendiente, afrocolombiano(a)",18200000.0
SANEAMIENTO BÁSICO,No tiene,Localidad 2 - Virgen y Turistica,RURAL,ADULTO MAYOR (60 o más),Ninguno,CORVIVIENDA,Básica primaria (1.o - 5.o),Mujer,Unión libre,Sin actividad,"Negro(a), mulato(a), afrodescendiente, afrocolombiano(a)",18200000.0
SANEAMIENTO BÁSICO,Menor a 1 SMMLV,Localidad 2 - Virgen y Turistica,RURAL,ADULTO MAYOR (60 o más),Ninguno,CORVIVIENDA,Ninguno,Hombre,Soltero(a),Sin actividad,"Negro(a), mulato(a), afrodescendiente, afrocolombiano(a)",18200000.0
SANEAMIENTO BÁSICO,Menor a 1 SMMLV,Localidad 2 - Virgen y Turistica,RURAL,ADULTEZ (29-59),Ninguno,CORVIVIENDA,Básica secundaria (6.o - 9.o),Mujer,Unión libre,Ama de Casa/Cuidador,"Negro(a), mulato(a), afrodescendiente, afrocolombiano(a)",18200000.0
SANEAMIENTO BÁSICO,Menor a 1 SMMLV,Localidad 2 - Virgen y Turistica,RURAL,ADULTEZ (29-59),Ninguno,CORVIVIENDA,Básica primaria (1.o - 5.o),Mujer,Unión libre,Ama de Casa/Cuidador,"Negro(a), mulato(a), afrodescendiente, afrocolombiano(a)",18200000.0
SANEAMIENTO BÁSICO,Menor a 1 SMMLV,Localidad 2 - Virgen y Turistica,RURAL,ADULTEZ (29-59),Ninguno,CORVIVIENDA,Básica primaria (1.o - 5.o),Mujer,Soltero(a),Trabajador Independiente,Ninguno,18200000.0
SANEAMIENTO BÁSICO,Menor a 1 SMMLV,Localidad 2 - Virgen y Turistica,RURAL,ADULTEZ (29-59),Ninguno,CORVIVIENDA,Básica secundaria (6.o - 9.o),Hombre,Unión libre,Trabajador Independiente,"Negro(a), mulato(a), afrodescendiente, afrocolombiano(a)",18200000.0
SANEAMIENTO BÁSICO,Menor a 1 SMMLV,Localidad 2 - Virgen y Turistica,RURAL,ADULTO MAYOR (60 o más),Ninguno,CORVIVIENDA,Básica primaria (1.o - 5.o),Mujer,Unión libre,Ama de Casa/Cuidador,"Negro(a), mulato(a), afrodescendiente, afrocolombiano(a)",18200000.0
SANEAMIENTO BÁSICO,Menor a 1 SMMLV,Localidad 2 - Virgen y Turistica,RURAL,ADULTO MAYOR (60 o más),Ninguno,CORVIVIENDA,Básica secundaria (6.o - 9.o),Mujer,Soltero(a),Ama de Casa/Cuidador,"Negro(a), mulato(a), afrodescendiente, afrocolombiano(a)",18200000.0
SANEAMIENTO BÁSICO,Entre 1 y 2 SMMLV,Localidad 2 - Virgen y Turistica,RURAL,ADULTEZ (29-59),Ninguno,CORVIVIENDA,Media (10.o - 13.o),Mujer,Soltero(a),Empleado,"Negro(a), mulato(a), afrodescendiente, afrocolombiano(a)",18200000.0
SANEAMIENTO BÁSICO,Entre 1 y 2 SMMLV,Localidad 2 - Virgen y Turistica,RURAL,ADULTEZ (29-59),Damnificados,CORVIVIENDA,Técnico o tecnológico (1 - 4),Mujer,Unión libre,Trabajador Independiente,Ninguno,18200000.0
SANEAMIENTO BÁSICO,Entre 1 y 2 SMMLV,Localidad 2 - Virgen y Turistica,RURAL,ADULTEZ (29-59),Ninguno,CORVIVIENDA,Básica secundaria (6.o - 9.o),Hombre,Unión libre,Trabajador Independiente,"Negro(a), mulato(a), afrodescendiente, afrocolombiano(a)",18200000.0
SANEAMIENTO BÁSICO,Entre 1 y 2 SMMLV,Localidad 2 - Virgen y Turistica,RURAL,ADULTEZ (29-59),Ninguno,CORVIVIENDA,Media (10.o - 13.o),Hombre,Unión libre,Trabajador Independiente,"Negro(a), mulato(a), afrodescendiente, afrocolombiano(a)",18200000.0
SANEAMIENTO BÁSICO,Menor a 1 SMMLV,Localidad 2 - Virgen y Turistica,RURAL,ADULTEZ (29-59),Ninguno,CORVIVIENDA,Básica secundaria (6.o - 9.o),Mujer,Viudo(a),Trabajador Independiente,"Negro(a), mulato(a), afrodescendiente, afrocolombiano(a)",18200000.0
SANEAMIENTO BÁSICO,Menor a 1 SMMLV,Localidad 2 - Virgen y Turistica,RURAL,ADULTO MAYOR (60 o más),Ninguno,CORVIVIENDA,Media (10.o - 13.o),Mujer,Unión libre,Ama de Casa/Cuidador,"Negro(a), mulato(a), afrodescendiente, afrocolombiano(a)",18200000.0
SANEAMIENTO BÁSICO,No tiene,Localidad 2 - Virgen y Turistica,RURAL,ADULTEZ (29-59),Ninguno,CORVIVIENDA,Básica primaria (1.o - 5.o),Mujer,Unión libre,Sin actividad,Ninguno,18200000.0
SANEAMIENTO BÁSICO,Entre 1 y 2 SMMLV,Localidad 2 - Virgen y Turistica,RURAL,ADULTEZ (29-59),Ninguno,CORVIVIENDA,Básica secundaria (6.o - 9.o),Mujer,Unión libre,Empleado,"Negro(a), mulato(a), afrodescendiente, afrocolombiano(a)",18200000.0
SANEAMIENTO BÁSICO,Entre 1 y 2 SMMLV,Localidad 2 - Virgen y Turistica,RURAL,ADULTEZ (29-59),Ninguno,CORVIVIENDA,Básica secundaria (6.o - 9.o),Mujer,Casado(a),Ama de Casa/Cuidador,"Negro(a), mulato(a), afrodescendiente, afrocolombiano(a)",18200000.0
SANEAMIENTO BÁSICO,Entre 1 y 2 SMMLV,Localidad 2 - Virgen y Turistica,RURAL,JUVENTUD (18-28),Damnificados,CORVIVIENDA,Técnico o tecnológico (1 - 4),Mujer,Unión libre,Trabajador Independiente,Ninguno,18200000.0
SANEAMIENTO BÁSICO,No tiene,Localidad 2 - Virgen y Turistica,RURAL,ADULTEZ (29-59),Ninguno,CORVIVIENDA,Básica primaria (1.o - 5.o),Mujer,Unión libre,Ama de Casa/Cuidador,"Negro(a), mulato(a), afrodescendiente, afrocolombiano(a)",18200000.0
SANEAMIENTO BÁSICO,Entre 1 y 2 SMMLV,Localidad 2 - Virgen y Turistica,RURAL,ADULTEZ (29-59),Ninguno,CORVIVIENDA,Básica primaria (1.o - 5.o),Hombre,Soltero(a),Trabajador Independiente,"Negro(a), mulato(a), afrodescendiente, afrocolombiano(a)",18200000.0
SANEAMIENTO BÁSICO,Menor a 1 SMMLV,Localidad 2 - Virgen y Turistica,RURAL,ADULTO MAYOR (60 o más),Ninguno,CORVIVIENDA,Ninguno,Mujer,Casado(a),Ama de Casa/Cuidador,"Negro(a), mulato(a), afrodescendiente, afrocolombiano(a)",18200000.0
SANEAMIENTO BÁSICO,Entre 1 y 2 SMMLV,Localidad 2 - Virgen y Turistica,RURAL,ADULTEZ (29-59),Ninguno,CORVIVIENDA,Básica primaria (1.o - 5.o),Hombre,Unión libre,Jubilado o pensionado,"Negro(a), mulato(a), afrodescendiente, afrocolombiano(a)",18200000.0
SANEAMIENTO BÁSICO,No tiene,Localidad 2 - Virgen y Turistica,RURAL,ADULTEZ (29-59),Ninguno,CORVIVIENDA,Básica secundaria (6.o - 9.o),Mujer,Unión libre,Sin actividad,Ninguno,18200000.0
SANEAMIENTO BÁSICO,Menor a 1 SMMLV,Localidad 2 - Virgen y Turistica,RURAL,JUVENTUD (18-28),Ninguno,CORVIVIENDA,Media (10.o - 13.o),Mujer,Unión libre,Trabajador Independiente,"Negro(a), mulato(a), afrodescendiente, afrocolombiano(a)",18200000.0
SANEAMIENTO BÁSICO,Menor a 1 SMMLV,Localidad 2 - Virgen y Turistica,RURAL,ADULTEZ (29-59),Ninguno,CORVIVIENDA,Básica secundaria (6.o - 9.o),Mujer,Soltero(a),Ama de Casa/Cuidador,"Negro(a), mulato(a), afrodescendiente, afrocolombiano(a)",18200000.0
SANEAMIENTO BÁSICO,No tiene,Localidad 3 - Industrial y de la Bahía,RURAL,ADULTO MAYOR (60 o más),Pobreza Extrema,CORVIVIENDA,Preescolar,Hombre,Casado(a),Ama de Casa/Cuidador,Ninguno,18200000.0
SANEAMIENTO BÁSICO,Menor a 1 SMMLV,Localidad 2 - Virgen y Turistica,RURAL,ADULTEZ (29-59),Víctima Conflicto Armado,CORVIVIENDA,Básica primaria (1.o - 5.o),Hombre,Unión libre,Trabajador Independiente,Ninguno,18200000.0
SANEAMIENTO BÁSICO,No tiene,Localidad 1 - Historica y del Caribe Norte,RURAL,ADULTO MAYOR (60 o más),Pobreza Extrema,CORVIVIENDA,Ninguno,Mujer,Unión libre,Ama de Casa/Cuidador,Ninguno,18200000.0
SANEAMIENTO BÁSICO,No tiene,Localidad 1 - Historica y del Caribe Norte,RURAL,ADULTEZ (29-59),Pobreza Extrema,CORVIVIENDA,Básica secundaria (6.o - 9.o),Mujer,Soltero(a),Ama de Casa/Cuidador,Ninguno,18200000.0
SANEAMIENTO BÁSICO,Menor a 1 SMMLV,Localidad 1 - Historica y del Caribe Norte,RURAL,ADULTEZ (29-59),Ninguno,CORVIVIENDA,Básica primaria (1.o - 5.o),Hombre,Unión libre,Sin actividad,"Negro(a), mulato(a), afrodescendiente, afrocolombiano(a)",18200000.0
SANEAMIENTO BÁSICO,Menor a 1 SMMLV,Localidad 1 - Historica y del Caribe Norte,RURAL,ADULTEZ (29-59),Pobreza Extrema,CORVIVIENDA,Básica secundaria (6.o - 9.o),Mujer,Casado(a),Ama de Casa/Cuidador,Ninguno,18200000.0
SANEAMIENTO BÁSICO,Menor a 1 SMMLV,Localidad 1 - Historica y del Caribe Norte,RURAL,ADULTEZ (29-59),Ninguno,CORVIVIENDA,Básica secundaria (6.o - 9.o),Mujer,Separado(a) o divorciado(a),Ama de Casa/Cuidador,Ninguno,18200000.0
SANEAMIENTO BÁSICO,Menor a 1 SMMLV,Localidad 1 - Historica y del Caribe Norte,RURAL,ADULTEZ (29-59),Ninguno,CORVIVIENDA,Básica primaria (1.o - 5.o),Mujer,Unión libre,Ama de Casa/Cuidador,Ninguno,18200000.0
SANEAMIENTO BÁSICO,Menor a 1 SMMLV,Localidad 1 - Historica y del Caribe Norte,RURAL,ADULTO MAYOR (60 o más),Ninguno,CORVIVIENDA,Básica primaria (1.o - 5.o),Hombre,Separado(a) o divorciado(a),Trabajador Independiente,Ninguno,18200000.0
SANEAMIENTO BÁSICO,No tiene,Localidad 1 - Historica y del Caribe Norte,RURAL,ADULTO MAYOR (60 o más),Pobreza Extrema,CORVIVIENDA,Básica primaria (1.o - 5.o),Mujer,Casado(a),Ama de Casa/Cuidador,Ninguno,18200000.0
SANEAMIENTO BÁSICO,Menor a 1 SMMLV,Localidad 1 - Historica y del Caribe Norte,RURAL,ADULTEZ (29-59),Ninguno,CORVIVIENDA,Básica secundaria (6.o - 9.o),Hombre,Unión libre,Sin actividad,"Negro(a), mulato(a), afrodescendiente, afrocolombiano(a)",18200000.0
SANEAMIENTO BÁSICO,Entre 1 y 2 SMMLV,Localidad 1 - Historica y del Caribe Norte,RURAL,ADULTEZ (29-59),Damnificados,CORVIVIENDA,Media (10.o - 13.o),Hombre,Unión libre,Trabajador Independiente,Ninguno,18200000.0
SANEAMIENTO BÁSICO,Menor a 1 SMMLV,Localidad 1 - Historica y del Caribe Norte,RURAL,ADULTEZ (29-59),Ninguno,CORVIVIENDA,Básica secundaria (6.o - 9.o),Hombre,Unión libre,Trabajador Independiente,Ninguno,18200000.0
SANEAMIENTO BÁSICO,Menor a 1 SMMLV,Localidad 1 - Historica y del Caribe Norte,RURAL,JUVENTUD (18-28),Ninguno,CORVIVIENDA,Básica secundaria (6.o - 9.o),Hombre,Unión libre,Trabajador Independiente,Ninguno,18200000.0
SANEAMIENTO BÁSICO,Menor a 1 SMMLV,Localidad 3 - Industrial y de la Bahía,RURAL,ADULTO MAYOR (60 o más),Pobreza Extrema,CORVIVIENDA,Básica primaria (1.o - 5.o),Mujer,Unión libre,Ama de Casa/Cuidador,Ninguno,18200000.0
SANEAMIENTO BÁSICO,No tiene,Localidad 1 - Historica y del Caribe Norte,RURAL,ADULTEZ (29-59),Pobreza Extrema,CORVIVIENDA,Básica secundaria (6.o - 9.o),Mujer,Unión libre,Ama de Casa/Cuidador,Ninguno,18200000.0
SANEAMIENTO BÁSICO,Menor a 1 SMMLV,Localidad 1 - Historica y del Caribe Norte,RURAL,ADULTO MAYOR (60 o más),Ninguno,CORVIVIENDA,Básica primaria (1.o - 5.o),Mujer,Unión libre,Ama de Casa/Cuidador,Ninguno,18200000.0
SANEAMIENTO BÁSICO,Menor a 1 SMMLV,Localidad 1 - Historica y del Caribe Norte,RURAL,ADULTEZ (29-59),Ninguno,CORVIVIENDA,Básica primaria (1.o - 5.o),Hombre,Unión libre,Trabajador Independiente,Ninguno,18200000.0
SANEAMIENTO BÁSICO,No tiene,Localidad 1 - Historica y del Caribe Norte,RURAL,ADULTO MAYOR (60 o más),Ninguno,CORVIVIENDA,Básica primaria (1.o - 5.o),Mujer,Unión libre,Ama de Casa/Cuidador,Ninguno,18200000.0
SANEAMIENTO BÁSICO,No tiene,Localidad 1 - Historica y del Caribe Norte,RURAL,ADULTEZ (29-59),Ninguno,CORVIVIENDA,Técnico o tecnológico (1 - 4),Mujer,Separado(a) o divorciado(a),Desempleado,Ninguno,18200000.0
SANEAMIENTO BÁSICO,Menor a 1 SMMLV,Localidad 1 - Historica y del Caribe Norte,RURAL,ADULTEZ (29-59),Ninguno,CORVIVIENDA,Básica secundaria (6.o - 9.o),Mujer,Unión libre,Ama de Casa/Cuidador,Ninguno,18200000.0
SANEAMIENTO BÁSICO,Menor a 1 SMMLV,Localidad 1 - Historica y del Caribe Norte,RURAL,ADULTEZ (29-59),Ninguno,CORVIVIENDA,Básica secundaria (6.o - 9.o),Hombre,Separado(a) o divorciado(a),Trabajador Independiente,Ninguno,18200000.0
SANEAMIENTO BÁSICO,Menor a 1 SMMLV,Localidad 1 - Historica y del Caribe Norte,RURAL,ADULTEZ (29-59),Pobreza Extrema,CORVIVIENDA,Básica secundaria (6.o - 9.o),Hombre,Unión libre,Trabajador Independiente,Ninguno,18200000.0
SANEAMIENTO BÁSICO,No tiene,Localidad 1 - Historica y del Caribe Norte,RURAL,ADULTO MAYOR (60 o más),Ninguno,CORVIVIENDA,Básica primaria (1.o - 5.o),Mujer,Unión libre,Ama de Casa/Cuidador,"Negro(a), mulato(a), afrodescendiente, afrocolombiano(a)",18200000.0
SANEAMIENTO BÁSICO,Menor a 1 SMMLV,Localidad 1 - Historica y del Caribe Norte,RURAL,ADULTEZ (29-59),Pobreza Extrema,CORVIVIENDA,Básica secundaria (6.o - 9.o),Hombre,Casado(a),Trabajador Independiente,Ninguno,18200000.0
SANEAMIENTO BÁSICO,No tiene,Localidad 1 - Historica y del Caribe Norte,RURAL,ADULTO MAYOR (60 o más),Ninguno,CORVIVIENDA,Básica primaria (1.o - 5.o),Mujer,Unión libre,Sin actividad,"Negro(a), mulato(a), afrodescendiente, afrocolombiano(a)",18200000.0
SANEAMIENTO BÁSICO,No tiene,Localidad 1 - Historica y del Caribe Norte,RURAL,ADULTO MAYOR (60 o más),Pobreza Extrema,CORVIVIENDA,Básica primaria (1.o - 5.o),Hombre,Soltero(a),Ama de Casa/Cuidador,Ninguno,18200000.0
SANEAMIENTO BÁSICO,Menor a 1 SMMLV,Localidad 1 - Historica y del Caribe Norte,RURAL,ADULTEZ (29-59),Ninguno,CORVIVIENDA,Básica primaria (1.o - 5.o),Hombre,Soltero(a),Trabajador Independiente,Ninguno,18200000.0
SANEAMIENTO BÁSICO,No tiene,Localidad 1 - Historica y del Caribe Norte,RURAL,ADULTEZ (29-59),Pobreza Extrema,CORVIVIENDA,Básica primaria (1.o - 5.o),Mujer,Soltero(a),Ama de Casa/Cuidador,Ninguno,18200000.0
SANEAMIENTO BÁSICO,Menor a 1 SMMLV,Localidad 1 - Historica y del Caribe Norte,RURAL,ADULTO MAYOR (60 o más),Pobreza Extrema,CORVIVIENDA,Básica secundaria (6.o - 9.o),Hombre,Unión libre,Trabajador Independiente,Ninguno,18200000.0
SANEAMIENTO BÁSICO,No tiene,Localidad 1 - Historica y del Caribe Norte,RURAL,ADULTEZ (29-59),Ninguno,CORVIVIENDA,Básica primaria (1.o - 5.o),Mujer,Unión libre,Sin actividad,"Negro(a), mulato(a), afrodescendiente, afrocolombiano(a)",18200000.0
SANEAMIENTO BÁSICO,Menor a 1 SMMLV,Localidad 1 - Historica y del Caribe Norte,RURAL,ADULTEZ (29-59),Pobreza Extrema,CORVIVIENDA,Media (10.o - 13.o),Mujer,Unión libre,Desempleado,Ninguno,18200000.0
SANEAMIENTO BÁSICO,No tiene,Localidad 1 - Historica y del Caribe Norte,RURAL,ADULTO MAYOR (60 o más),Pobreza Extrema,CORVIVIENDA,Básica primaria (1.o - 5.o),Hombre,Unión libre,Trabajador Independiente,Ninguno,18200000.0
SANEAMIENTO BÁSICO,Entre 1 y 2 SMMLV,Localidad 1 - Historica y del Caribe Norte,RURAL,ADULTEZ (29-59),Pobreza Extrema,CORVIVIENDA,Media (10.o - 13.o),Mujer,Unión libre,Empleado,Ninguno,18200000.0
SANEAMIENTO BÁSICO,No tiene,Localidad 1 - Historica y del Caribe Norte,RURAL,ADULTO MAYOR (60 o más),Pobreza Extrema,CORVIVIENDA,Básica primaria (1.o - 5.o),Mujer,Unión libre,Ama de Casa/Cuidador,Ninguno,18200000.0
SANEAMIENTO BÁSICO,No tiene,Localidad 1 - Historica y del Caribe Norte,RURAL,ADULTEZ (29-59),Víctima Conflicto Armado,CORVIVIENDA,Básica primaria (1.o - 5.o),Mujer,Soltero(a),Ama de Casa/Cuidador,Ninguno,18200000.0
SANEAMIENTO BÁSICO,Menor a 1 SMMLV,Localidad 1 - Historica y del Caribe Norte,RURAL,ADULTEZ (29-59),Ninguno,CORVIVIENDA,Ninguno,Hombre,Unión libre,Sin actividad,Ninguno,18200000.0
SANEAMIENTO BÁSICO,Entre 1 y 2 SMMLV,Localidad 1 - Historica y del Caribe Norte,RURAL,ADULTEZ (29-59),Ninguno,CORVIVIENDA,Media (10.o - 13.o),Hombre,Unión libre,Trabajador Independiente,Ninguno,18200000.0
SANEAMIENTO BÁSICO,Menor a 1 SMMLV,Localidad 1 - Historica y del Caribe Norte,RURAL,ADULTO MAYOR (60 o más),Pobreza Extrema,CORVIVIENDA,Media (10.o - 13.o),Hombre,Unión libre,Trabajador Independiente,Ninguno,18200000.0
SANEAMIENTO BÁSICO,Menor a 1 SMMLV,Localidad 1 - Historica y del Caribe Norte,RURAL,ADULTO MAYOR (60 o más),Pobreza Extrema,CORVIVIENDA,Básica primaria (1.o - 5.o),Hombre,Unión libre,Trabajador Independiente,Ninguno,18200000.0
SANEAMIENTO BÁSICO,Menor a 1 SMMLV,Localidad 1 - Historica y del Caribe Norte,RURAL,ADULTO MAYOR (60 o más),Pobreza Extrema,CORVIVIENDA,Básica secundaria (6.o - 9.o),Mujer,Unión libre,Trabajador Independiente,Ninguno,18200000.0
SANEAMIENTO BÁSICO,Menor a 1 SMMLV,Localidad 1 - Historica y del Caribe Norte,RURAL,ADULTO MAYOR (60 o más),Pobreza Extrema,CORVIVIENDA,Básica secundaria (6.o - 9.o),Mujer,Casado(a),Desempleado,Ninguno,18200000.0
SANEAMIENTO BÁSICO,Menor a 1 SMMLV,Localidad 1 - Historica y del Caribe Norte,RURAL,ADULTO MAYOR (60 o más),Ninguno,CORVIVIENDA,Básica secundaria (6.o - 9.o),Mujer,Unión libre,Ama de Casa/Cuidador,Ninguno,18200000.0
SANEAMIENTO BÁSICO,Menor a 1 SMMLV,Localidad 1 - Historica y del Caribe Norte,RURAL,ADULTEZ (29-59),Pobreza Extrema,CORVIVIENDA,Básica secundaria (6.o - 9.o),Mujer,Unión libre,Ama de Casa/Cuidador,Ninguno,18200000.0
SANEAMIENTO BÁSICO,Menor a 1 SMMLV,Localidad 1 - Historica y del Caribe Norte,RURAL,ADULTEZ (29-59),Pobreza Extrema,CORVIVIENDA,Básica primaria (1.o - 5.o),Mujer,Unión libre,Trabajador Independiente,Ninguno,18200000.0
SANEAMIENTO BÁSICO,Menor a 1 SMMLV,Localidad 1 - Historica y del Caribe Norte,RURAL,ADULTO MAYOR (60 o más),Ninguno,CORVIVIENDA,Básica secundaria (6.o - 9.o),Hombre,Unión libre,Trabajador Independiente,"Negro(a), mulato(a), afrodescendiente, afrocolombiano(a)",18200000.0
SANEAMIENTO BÁSICO,Menor a 1 SMMLV,Localidad 1 - Historica y del Caribe Norte,RURAL,ADULTEZ (29-59),Ninguno,CORVIVIENDA,Básica secundaria (6.o - 9.o),Hombre,Unión libre,Trabajador Independiente,"Negro(a), mulato(a), afrodescendiente, afrocolombiano(a)",18200000.0
SANEAMIENTO BÁSICO,Menor a 1 SMMLV,Localidad 1 - Historica y del Caribe Norte,RURAL,JUVENTUD (18-28),Pobreza Extrema,CORVIVIENDA,Universitario (1 - 6),Mujer,Soltero(a),Trabajador Independiente,Ninguno,18200000.0
SANEAMIENTO BÁSICO,Entre 1 y 2 SMMLV,Localidad 1 - Historica y del Caribe Norte,RURAL,ADULTEZ (29-59),Damnificados,CORVIVIENDA,Técnico o tecnológico (1 - 4),Mujer,Unión libre,Trabajador Independiente,Ninguno,18200000.0
SANEAMIENTO BÁSICO,No tiene,Localidad 1 - Historica y del Caribe Norte,RURAL,JUVENTUD (18-28),Ninguno,CORVIVIENDA,Básica secundaria (6.o - 9.o),Mujer,Unión libre,Sin actividad,"Negro(a), mulato(a), afrodescendiente, afrocolombiano(a)",18200000.0
SANEAMIENTO BÁSICO,Menor a 1 SMMLV,Localidad 1 - Historica y del Caribe Norte,RURAL,ADULTEZ (29-59),Pobreza Extrema,CORVIVIENDA,Básica primaria (1.o - 5.o),Mujer,Soltero(a),Ama de Casa/Cuidador,Ninguno,18200000.0
SANEAMIENTO BÁSICO,Menor a 1 SMMLV,Localidad 1 - Historica y del Caribe Norte,RURAL,ADULTO MAYOR (60 o más),Pobreza Extrema,CORVIVIENDA,Básica secundaria (6.o - 9.o),Mujer,Unión libre,Desempleado,Ninguno,18200000.0
SANEAMIENTO BÁSICO,Menor a 1 SMMLV,Localidad 1 - Historica y del Caribe Norte,RURAL,ADULTO MAYOR (60 o más),Pobreza Extrema,CORVIVIENDA,Básica primaria (1.o - 5.o),Mujer,Soltero(a),Ama de Casa/Cuidador,Ninguno,18200000.0
SANEAMIENTO BÁSICO,Menor a 1 SMMLV,Localidad 1 - Historica y del Caribe Norte,RURAL,ADULTO MAYOR (60 o más),Damnificados,CORVIVIENDA,Básica secundaria (6.o - 9.o),Hombre,Unión libre,Sin actividad,Ninguno,18200000.0
SANEAMIENTO BÁSICO,No tiene,Localidad 1 - Historica y del Caribe Norte,RURAL,ADULTEZ (29-59),Ninguno,CORVIVIENDA,Básica secundaria (6.o - 9.o),Mujer,Unión libre,Ama de Casa/Cuidador,"Negro(a), mulato(a), afrodescendiente, afrocolombiano(a)",18200000.0
SANEAMIENTO BÁSICO,No tiene,Localidad 1 - Historica y del Caribe Norte,RURAL,ADULTO MAYOR (60 o más),Ninguno,CORVIVIENDA,Básica primaria (1.o - 5.o),Hombre,Unión libre,Sin actividad,"Negro(a), mulato(a), afrodescendiente, afrocolombiano(a)",18200000.0
SANEAMIENTO BÁSICO,No tiene,Localidad 1 - Historica y del Caribe Norte,RURAL,ADULTEZ (29-59),Ninguno,CORVIVIENDA,Básica primaria (1.o - 5.o),Hombre,Unión libre,Sin actividad,"Negro(a), mulato(a), afrodescendiente, afrocolombiano(a)",18200000.0
SANEAMIENTO BÁSICO,Menor a 1 SMMLV,Localidad 1 - Historica y del Caribe Norte,RURAL,ADULTEZ (29-59),Pobreza Extrema,CORVIVIENDA,Básica primaria (1.o - 5.o),Mujer,Casado(a),Trabajador Independiente,Ninguno,18200000.0
SANEAMIENTO BÁSICO,Menor a 1 SMMLV,Localidad 1 - Historica y del Caribe Norte,RURAL,ADULTO MAYOR (60 o más),Ninguno,CORVIVIENDA,Ninguno,Mujer,Separado(a) o divorciado(a),Ama de Casa/Cuidador,Ninguno,18200000.0
SANEAMIENTO BÁSICO,Menor a 1 SMMLV,Localidad 1 - Historica y del Caribe Norte,RURAL,JUVENTUD (18-28),Pobreza Extrema,CORVIVIENDA,Básica secundaria (6.o - 9.o),Mujer,Unión libre,Trabajador Independiente,Ninguno,18200000.0
SANEAMIENTO BÁSICO,Menor a 1 SMMLV,Localidad 1 - Historica y del Caribe Norte,RURAL,ADULTEZ (29-59),Ninguno,CORVIVIENDA,Técnico o tecnológico (1 - 4),Hombre,Casado(a),Trabajador Independiente,Ninguno,18200000.0
SANEAMIENTO BÁSICO,No tiene,Localidad 1 - Historica y del Caribe Norte,RURAL,ADULTO MAYOR (60 o más),Ninguno,CORVIVIENDA,Básica secundaria (6.o - 9.o),Mujer,Unión libre,Sin actividad,"Negro(a), mulato(a), afrodescendiente, afrocolombiano(a)",18200000.0
SANEAMIENTO BÁSICO,Menor a 1 SMMLV,Localidad 1 - Historica y del Caribe Norte,RURAL,ADULTEZ (29-59),Ninguno,CORVIVIENDA,Básica primaria (1.o - 5.o),Hombre,Unión libre,Trabajador Independiente,"Negro(a), mulato(a), afrodescendiente, afrocolombiano(a)",18200000.0
SANEAMIENTO BÁSICO,Menor a 1 SMMLV,Localidad 1 - Historica y del Caribe Norte,RURAL,ADULTO MAYOR (60 o más),Ninguno,CORVIVIENDA,Básica primaria (1.o - 5.o),Mujer,Viudo(a),Ama de Casa/Cuidador,Ninguno,18200000.0
SANEAMIENTO BÁSICO,No tiene,Localidad 1 - Historica y del Caribe Norte,RURAL,ADULTEZ (29-59),Pobreza Extrema,CORVIVIENDA,Técnico o tecnológico (1 - 4),Mujer,Unión libre,Ama de Casa/Cuidador,Ninguno,18200000.0
SANEAMIENTO BÁSICO,No tiene,Localidad 1 - Historica y del Caribe Norte,RURAL,JUVENTUD (18-28),Ninguno,CORVIVIENDA,Técnico o tecnológico (1 - 4),Mujer,Casado(a),Ama de Casa/Cuidador,Ninguno,18200000.0
SANEAMIENTO BÁSICO,Menor a 1 SMMLV,Localidad 1 - Historica y del Caribe Norte,RURAL,ADULTEZ (29-59),Ninguno,CORVIVIENDA,Básica primaria (1.o - 5.o),Mujer,Separado(a) o divorciado(a),Ama de Casa/Cuidador,Ninguno,18200000.0
SANEAMIENTO BÁSICO,Menor a 1 SMMLV,Localidad 1 - Historica y del Caribe Norte,RURAL,ADULTO MAYOR (60 o más),Ninguno,CORVIVIENDA,Preescolar,Hombre,Soltero(a),Trabajador Independiente,Ninguno,18200000.0
SANEAMIENTO BÁSICO,Entre 1 y 2 SMMLV,Localidad 1 - Historica y del Caribe Norte,RURAL,ADULTEZ (29-59),Ninguno,CORVIVIENDA,Media (10.o - 13.o),Mujer,Unión libre,Empleado,Ninguno,18200000.0
SANEAMIENTO BÁSICO,No tiene,Localidad 1 - Historica y del Caribe Norte,RURAL,ADULTEZ (29-59),Pobreza Extrema,CORVIVIENDA,Básica primaria (1.o - 5.o),Mujer,Unión libre,Trabajador Independiente,Ninguno,18200000.0
SANEAMIENTO BÁSICO,Menor a 1 SMMLV,Localidad 1 - Historica y del Caribe Norte,RURAL,ADULTO MAYOR (60 o más),Ninguno,CORVIVIENDA,Preescolar,Hombre,Viudo(a),Sin actividad,Ninguno,18200000.0
SANEAMIENTO BÁSICO,Menor a 1 SMMLV,Localidad 1 - Historica y del Caribe Norte,RURAL,ADULTO MAYOR (60 o más),Pobreza Extrema,CORVIVIENDA,Ninguno,Hombre,Unión libre,Ama de Casa/Cuidador,Ninguno,18200000.0
SANEAMIENTO BÁSICO,Menor a 1 SMMLV,Localidad 1 - Historica y del Caribe Norte,RURAL,JUVENTUD (18-28),Ninguno,CORVIVIENDA,Media (10.o - 13.o),Mujer,Soltero(a),Empleado,Ninguno,18200000.0
SANEAMIENTO BÁSICO,Mayor a 2 SMMLV,Localidad 1 - Historica y del Caribe Norte,RURAL,ADULTO MAYOR (60 o más),Pobreza Extrema,CORVIVIENDA,Básica primaria (1.o - 5.o),Hombre,Unión libre,Ama de Casa/Cuidador,Ninguno,18200000.0
SANEAMIENTO BÁSICO,Menor a 1 SMMLV,Localidad 1 - Historica y del Caribe Norte,RURAL,ADULTEZ (29-59),Ninguno,CORVIVIENDA,Básica secundaria (6.o - 9.o),Mujer,Separado(a) o divorciado(a),Trabajador Independiente,Ninguno,18200000.0
SANEAMIENTO BÁSICO,No tiene,Localidad 1 - Historica y del Caribe Norte,RURAL,ADULTEZ (29-59),Ninguno,CORVIVIENDA,Básica secundaria (6.o - 9.o),Mujer,Unión libre,Ama de Casa/Cuidador,Ninguno,18200000.0
SANEAMIENTO BÁSICO,Menor a 1 SMMLV,Localidad 1 - Historica y del Caribe Norte,RURAL,ADULTEZ (29-59),Ninguno,CORVIVIENDA,Media (10.o - 13.o),Mujer,Soltero(a),Empleado,Ninguno,18200000.0
SANEAMIENTO BÁSICO,No tiene,Localidad 1 - Historica y del Caribe Norte,RURAL,JUVENTUD (18-28),Pobreza Extrema,CORVIVIENDA,Media (10.o - 13.o),Mujer,Unión libre,Ama de Casa/Cuidador,"Negro(a), mulato(a), afrodescendiente, afrocolombiano(a)",18200000.0
SANEAMIENTO BÁSICO,Menor a 1 SMMLV,Localidad 2 - Virgen y Turistica,URBANO,ADULTEZ (29-59),Ninguno,CORVIVIENDA,Básica secundaria (6.o - 9.o),Hombre,Unión libre,Trabajador Independiente,Ninguno,15600000.0
SANEAMIENTO BÁSICO,Menor a 1 SMMLV,Localidad 2 - Virgen y Turistica,URBANO,ADULTEZ (29-59),Ninguno,CORVIVIENDA,Básica secundaria (6.o - 9.o),Mujer,Unión libre,Ama de Casa/Cuidador,Ninguno,15600000.0
SANEAMIENTO BÁSICO,Menor a 1 SMMLV,Localidad 2 - Virgen y Turistica,URBANO,ADULTEZ (29-59),Ninguno,CORVIVIENDA,Básica secundaria (6.o - 9.o),Hombre,Casado(a),Empleado,Ninguno,15600000.0
SANEAMIENTO BÁSICO,No tiene,Localidad 2 - Virgen y Turistica,URBANO,ADULTO MAYOR (60 o más),Ninguno,CORVIVIENDA,Básica primaria (1.o - 5.o),Mujer,Unión libre,Ama de Casa/Cuidador,Ninguno,15600000.0
SANEAMIENTO BÁSICO,No tiene,Localidad 2 - Virgen y Turistica,URBANO,ADULTO MAYOR (60 o más),Ninguno,CORVIVIENDA,Básica secundaria (6.o - 9.o),Mujer,Separado(a) o divorciado(a),Ama de Casa/Cuidador,Ninguno,15600000.0
SANEAMIENTO BÁSICO,Menor a 1 SMMLV,Localidad 2 - Virgen y Turistica,URBANO,ADULTEZ (29-59),Ninguno,CORVIVIENDA,Básica primaria (1.o - 5.o),Mujer,Unión libre,Ama de Casa/Cuidador,Ninguno,15600000.0
SANEAMIENTO BÁSICO,Menor a 1 SMMLV,Localidad 2 - Virgen y Turistica,URBANO,ADULTEZ (29-59),Ninguno,CORVIVIENDA,Básica secundaria (6.o - 9.o),Mujer,Unión libre,Trabajador Independiente,Ninguno,15600000.0
SANEAMIENTO BÁSICO,Menor a 1 SMMLV,Localidad 2 - Virgen y Turistica,URBANO,ADULTEZ (29-59),Ninguno,CORVIVIENDA,Básica secundaria (6.o - 9.o),Mujer,Unión libre,Desempleado,Ninguno,15600000.0
SANEAMIENTO BÁSICO,Menor a 1 SMMLV,Localidad 2 - Virgen y Turistica,URBANO,ADULTEZ (29-59),Ninguno,CORVIVIENDA,Básica primaria (1.o - 5.o),Hombre,Unión libre,Trabajador Independiente,Ninguno,15600000.0
SANEAMIENTO BÁSICO,Menor a 1 SMMLV,Localidad 2 - Virgen y Turistica,URBANO,ADULTO MAYOR (60 o más),Ninguno,CORVIVIENDA,Básica primaria (1.o - 5.o),Mujer,Unión libre,Ama de Casa/Cuidador,Ninguno,15600000.0
SANEAMIENTO BÁSICO,No tiene,Localidad 2 - Virgen y Turistica,URBANO,ADULTO MAYOR (60 o más),Ninguno,CORVIVIENDA,Básica primaria (1.o - 5.o),Mujer,Unión libre,Ama de Casa/Cuidador,"Negro(a), mulato(a), afrodescendiente, afrocolombiano(a)",15600000.0
SANEAMIENTO BÁSICO,No tiene,Localidad 2 - Virgen y Turistica,URBANO,ADULTEZ (29-59),Ninguno,CORVIVIENDA,Básica primaria (1.o - 5.o),Hombre,Separado(a) o divorciado(a),Trabajador Independiente,Ninguno,15600000.0
SANEAMIENTO BÁSICO,Menor a 1 SMMLV,Localidad 2 - Virgen y Turistica,URBANO,ADULTO MAYOR (60 o más),Ninguno,CORVIVIENDA,Básica secundaria (6.o - 9.o),Mujer,Unión libre,Ama de Casa/Cuidador,Ninguno,15600000.0
SANEAMIENTO BÁSICO,Menor a 1 SMMLV,Localidad 2 - Virgen y Turistica,URBANO,ADULTEZ (29-59),Ninguno,CORVIVIENDA,Media (10.o - 13.o),Mujer,Soltero(a),Ama de Casa/Cuidador,Ninguno,15600000.0
SANEAMIENTO BÁSICO,Menor a 1 SMMLV,Localidad 2 - Virgen y Turistica,URBANO,ADULTO MAYOR (60 o más),Ninguno,CORVIVIENDA,Básica secundaria (6.o - 9.o),Mujer,Separado(a) o divorciado(a),Ama de Casa/Cuidador,Ninguno,15600000.0
SANEAMIENTO BÁSICO,Menor a 1 SMMLV,Localidad 2 - Virgen y Turistica,URBANO,NO DISPONIBLE,Ninguno,CORVIVIENDA,Básica secundaria (6.o - 9.o),Mujer,Unión libre,Ama de Casa/Cuidador,Ninguno,15600000.0
SANEAMIENTO BÁSICO,Entre 1 y 2 SMMLV,Localidad 2 - Virgen y Turistica,URBANO,ADULTEZ (29-59),Damnificados,CORVIVIENDA,Media (10.o - 13.o),Mujer,Soltero(a),Trabajador Independiente,Ninguno,15600000.0
SANEAMIENTO BÁSICO,Menor a 1 SMMLV,Localidad 2 - Virgen y Turistica,URBANO,NO DISPONIBLE,Ninguno,CORVIVIENDA,Ninguno,Mujer,Unión libre,Desempleado,Ninguno,15600000.0
SANEAMIENTO BÁSICO,Menor a 1 SMMLV,Localidad 2 - Virgen y Turistica,URBANO,ADULTEZ (29-59),Pobreza Extrema,CORVIVIENDA,Ninguno,Hombre,Unión libre,Sin actividad,Ninguno,15600000.0
SANEAMIENTO BÁSICO,Menor a 1 SMMLV,Localidad 2 - Virgen y Turistica,URBANO,ADULTEZ (29-59),Ninguno,CORVIVIENDA,Básica primaria (1.o - 5.o),Mujer,Soltero(a),Ama de Casa/Cuidador,Ninguno,15600000.0
SANEAMIENTO BÁSICO,Entre 1 y 2 SMMLV,Localidad 2 - Virgen y Turistica,URBANO,ADULTEZ (29-59),Damnificados,CORVIVIENDA,Media (10.o - 13.o),Hombre,Unión libre,Trabajador Independiente,Ninguno,15600000.0
SANEAMIENTO BÁSICO,Menor a 1 SMMLV,Localidad 2 - Virgen y Turistica,URBANO,ADULTO MAYOR (60 o más),Ninguno,CORVIVIENDA,Básica primaria (1.o - 5.o),Mujer,Separado(a) o divorciado(a),Ama de Casa/Cuidador,Ninguno,15600000.0
SANEAMIENTO BÁSICO,No tiene,Localidad 2 - Virgen y Turistica,URBANO,ADULTO MAYOR (60 o más),Ninguno,CORVIVIENDA,Ninguno,Mujer,Viudo(a),Sin actividad,Ninguno,15600000.0
SANEAMIENTO BÁSICO,Menor a 1 SMMLV,Localidad 2 - Virgen y Turistica,URBANO,ADULTEZ (29-59),Ninguno,CORVIVIENDA,Básica primaria (1.o - 5.o),Mujer,Unión libre,Trabajador Independiente,Ninguno,15600000.0
SANEAMIENTO BÁSICO,Menor a 1 SMMLV,Localidad 2 - Virgen y Turistica,URBANO,ADULTO MAYOR (60 o más),Pobreza Extrema,CORVIVIENDA,Básica secundaria (6.o - 9.o),Hombre,Unión libre,Desempleado,Ninguno,15600000.0
SANEAMIENTO BÁSICO,No tiene,Localidad 2 - Virgen y Turistica,URBANO,ADULTO MAYOR (60 o más),Ninguno,CORVIVIENDA,Ninguno,Mujer,Soltero(a),Ama de Casa/Cuidador,Ninguno,15600000.0
SANEAMIENTO BÁSICO,Menor a 1 SMMLV,Localidad 2 - Virgen y Turistica,URBANO,ADULTO MAYOR (60 o más),Pobreza Extrema,CORVIVIENDA,Ninguno,Hombre,Unión libre,Desempleado,Ninguno,15600000.0
SANEAMIENTO BÁSICO,Menor a 1 SMMLV,Localidad 2 - Virgen y Turistica,URBANO,ADULTO MAYOR (60 o más),Pobreza Extrema,CORVIVIENDA,Media (10.o - 13.o),Mujer,Unión libre,Ama de Casa/Cuidador,Ninguno,15600000.0
SANEAMIENTO BÁSICO,Menor a 1 SMMLV,Localidad 2 - Virgen y Turistica,URBANO,ADULTO MAYOR (60 o más),Ninguno,CORVIVIENDA,Básica primaria (1.o - 5.o),Mujer,Separado(a) o divorciado(a),Trabajador Independiente,Ninguno,15600000.0
SANEAMIENTO BÁSICO,Menor a 1 SMMLV,Localidad 2 - Virgen y Turistica,URBANO,ADULTEZ (29-59),Pobreza Extrema,CORVIVIENDA,Básica secundaria (6.o - 9.o),Hombre,Unión libre,Trabajador Independiente,Ninguno,15600000.0
SANEAMIENTO BÁSICO,Menor a 1 SMMLV,Localidad 2 - Virgen y Turistica,URBANO,ADULTO MAYOR (60 o más),Ninguno,CORVIVIENDA,Básica primaria (1.o - 5.o),Hombre,Viudo(a),Trabajador Independiente,Ninguno,15600000.0
SANEAMIENTO BÁSICO,No tiene,Localidad 2 - Virgen y Turistica,URBANO,ADULTO MAYOR (60 o más),Pobreza Extrema,CORVIVIENDA,Básica primaria (1.o - 5.o),Hombre,Unión libre,Desempleado,Ninguno,15600000.0
SANEAMIENTO BÁSICO,Menor a 1 SMMLV,Localidad 2 - Virgen y Turistica,URBANO,ADULTO MAYOR (60 o más),Ninguno,CORVIVIENDA,Básica primaria (1.o - 5.o),Hombre,Unión libre,Sin actividad,Ninguno,15600000.0
SANEAMIENTO BÁSICO,Menor a 1 SMMLV,Localidad 2 - Virgen y Turistica,URBANO,NO DISPONIBLE,Pobreza Extrema,CORVIVIENDA,Básica primaria (1.o - 5.o),Hombre,Unión libre,Desempleado,Ninguno,15600000.0
SANEAMIENTO BÁSICO,Menor a 1 SMMLV,Localidad 2 - Virgen y Turistica,URBANO,ADULTEZ (29-59),Ninguno,CORVIVIENDA,Técnico o tecnológico (1 - 4),Hombre,Casado(a),Trabajador Independiente,Ninguno,15600000.0
SANEAMIENTO BÁSICO,No tiene,Localidad 2 - Virgen y Turistica,URBANO,ADULTO MAYOR (60 o más),Ninguno,CORVIVIENDA,Básica primaria (1.o - 5.o),Hombre,Unión libre,Ama de Casa/Cuidador,Ninguno,15600000.0
SANEAMIENTO BÁSICO,Menor a 1 SMMLV,Localidad 2 - Virgen y Turistica,URBANO,ADULTEZ (29-59),Ninguno,CORVIVIENDA,Básica primaria (1.o - 5.o),Mujer,Casado(a),Ama de Casa/Cuidador,Ninguno,15600000.0
SANEAMIENTO BÁSICO,No tiene,Localidad 2 - Virgen y Turistica,URBANO,ADULTEZ (29-59),Ninguno,CORVIVIENDA,Básica secundaria (6.o - 9.o),Mujer,Unión libre,Desempleado,Ninguno,15600000.0
SANEAMIENTO BÁSICO,Menor a 1 SMMLV,Localidad 2 - Virgen y Turistica,URBANO,ADULTEZ (29-59),Damnificados,CORVIVIENDA,Básica secundaria (6.o - 9.o),Mujer,Unión libre,Desempleado,Ninguno,15600000.0
SANEAMIENTO BÁSICO,Menor a 1 SMMLV,Localidad 2 - Virgen y Turistica,URBANO,ADULTEZ (29-59),Ninguno,CORVIVIENDA,Media (10.o - 13.o),Hombre,Soltero(a),Ama de Casa/Cuidador,Ninguno,15600000.0
SANEAMIENTO BÁSICO,Menor a 1 SMMLV,Localidad 2 - Virgen y Turistica,URBANO,ADULTEZ (29-59),Ninguno,CORVIVIENDA,Ninguno,Mujer,Casado(a),Ama de Casa/Cuidador,Ninguno,15600000.0
SANEAMIENTO BÁSICO,Entre 1 y 2 SMMLV,Localidad 2 - Virgen y Turistica,URBANO,ADULTEZ (29-59),Damnificados,CORVIVIENDA,Técnico o tecnológico (1 - 4),Mujer,Unión libre,Desempleado,Ninguno,15600000.0
SANEAMIENTO BÁSICO,Entre 1 y 2 SMMLV,Localidad 2 - Virgen y Turistica,URBANO,ADULTEZ (29-59),Pobreza Extrema,CORVIVIENDA,Media (10.o - 13.o),Mujer,Unión libre,Desempleado,Ninguno,15600000.0
SANEAMIENTO BÁSICO,No tiene,Localidad 2 - Virgen y Turistica,URBANO,ADULTO MAYOR (60 o más),Ninguno,CORVIVIENDA,Básica primaria (1.o - 5.o),Mujer,Soltero(a),Ama de Casa/Cuidador,Ninguno,15600000.0
SANEAMIENTO BÁSICO,Entre 1 y 2 SMMLV,Localidad 2 - Virgen y Turistica,URBANO,ADULTEZ (29-59),Damnificados,CORVIVIENDA,Media (10.o - 13.o),Hombre,Unión libre,Desempleado,Ninguno,15600000.0
SANEAMIENTO BÁSICO,Entre 1 y 2 SMMLV,Localidad 2 - Virgen y Turistica,URBANO,ADULTO MAYOR (60 o más),Ninguno,CORVIVIENDA,Básica secundaria (6.o - 9.o),Hombre,Unión libre,Desempleado,Ninguno,15600000.0
SANEAMIENTO BÁSICO,Menor a 1 SMMLV,Localidad 2 - Virgen y Turistica,URBANO,ADULTO MAYOR (60 o más),Pobreza Extrema,CORVIVIENDA,Básica primaria (1.o - 5.o),Mujer,Unión libre,Sin actividad,Ninguno,15600000.0
SANEAMIENTO BÁSICO,Menor a 1 SMMLV,Localidad 2 - Virgen y Turistica,URBANO,ADULTO MAYOR (60 o más),Pobreza Extrema,CORVIVIENDA,Básica secundaria (6.o - 9.o),Mujer,Unión libre,Desempleado,Ninguno,15600000.0
SANEAMIENTO BÁSICO,Menor a 1 SMMLV,Localidad 2 - Virgen y Turistica,URBANO,ADULTEZ (29-59),Pobreza Extrema,CORVIVIENDA,Técnico o tecnológico (1 - 4),Mujer,Unión libre,Ama de Casa/Cuidador,Ninguno,15600000.0
SANEAMIENTO BÁSICO,No tiene,Localidad 2 - Virgen y Turistica,URBANO,ADULTEZ (29-59),Ninguno,CORVIVIENDA,Básica primaria (1.o - 5.o),Mujer,Unión libre,Ama de Casa/Cuidador,Ninguno,15600000.0
SANEAMIENTO BÁSICO,Menor a 1 SMMLV,Localidad 2 - Virgen y Turistica,URBANO,ADULTEZ (29-59),Ninguno,CORVIVIENDA,Básica primaria (1.o - 5.o),Hombre,Unión libre,Ama de Casa/Cuidador,Ninguno,15600000.0
SANEAMIENTO BÁSICO,Menor a 1 SMMLV,Localidad 2 - Virgen y Turistica,URBANO,ADULTEZ (29-59),Ninguno,CORVIVIENDA,Técnico o tecnológico (1 - 4),Mujer,Unión libre,Empleado,Ninguno,15600000.0
SANEAMIENTO BÁSICO,Menor a 1 SMMLV,Localidad 2 - Virgen y Turistica,URBANO,ADULTEZ (29-59),Ninguno,CORVIVIENDA,Media (10.o - 13.o),Hombre,Unión libre,Sin actividad,Ninguno,15600000.0
SANEAMIENTO BÁSICO,Menor a 1 SMMLV,Localidad 2 - Virgen y Turistica,URBANO,ADULTO MAYOR (60 o más),Ninguno,CORVIVIENDA,Básica primaria (1.o - 5.o),Mujer,Soltero(a),Ama de Casa/Cuidador,Ninguno,15600000.0
SANEAMIENTO BÁSICO,Menor a 1 SMMLV,Localidad 2 - Virgen y Turistica,URBANO,ADULTEZ (29-59),Ninguno,CORVIVIENDA,Básica secundaria (6.o - 9.o),Mujer,Soltero(a),Trabajador Independiente,Ninguno,15600000.0
SANEAMIENTO BÁSICO,Entre 1 y 2 SMMLV,Localidad 2 - Virgen y Turistica,URBANO,NO DISPONIBLE,Ninguno,CORVIVIENDA,Técnico o tecnológico (1 - 4),Mujer,Unión libre,Trabajador Independiente,Ninguno,15600000.0
SANEAMIENTO BÁSICO,Menor a 1 SMMLV,Localidad 2 - Virgen y Turistica,URBANO,ADULTEZ (29-59),Ninguno,CORVIVIENDA,Básica secundaria (6.o - 9.o),Mujer,Unión libre,Sin actividad,Ninguno,15600000.0
SANEAMIENTO BÁSICO,Menor a 1 SMMLV,Localidad 2 - Virgen y Turistica,URBANO,ADULTO MAYOR (60 o más),Ninguno,CORVIVIENDA,Básica primaria (1.o - 5.o),Mujer,Unión libre,Empleado,Ninguno,15600000.0
SANEAMIENTO BÁSICO,Entre 1 y 2 SMMLV,Localidad 2 - Virgen y Turistica,URBANO,ADULTEZ (29-59),Pobreza Extrema,CORVIVIENDA,Básica secundaria (6.o - 9.o),Mujer,Soltero(a),Sin actividad,Ninguno,15600000.0
SANEAMIENTO BÁSICO,Menor a 1 SMMLV,Localidad 2 - Virgen y Turistica,URBANO,ADULTEZ (29-59),Pobreza Extrema,CORVIVIENDA,Media (10.o - 13.o),Mujer,Unión libre,Desempleado,Ninguno,15600000.0
SANEAMIENTO BÁSICO,Entre 1 y 2 SMMLV,Localidad 2 - Virgen y Turistica,URBANO,ADULTO MAYOR (60 o más),Ninguno,CORVIVIENDA,Básica secundaria (6.o - 9.o),Mujer,Separado(a) o divorciado(a),Ama de Casa/Cuidador,Ninguno,15600000.0
SANEAMIENTO BÁSICO,No tiene,Localidad 2 - Virgen y Turistica,URBANO,ADULTEZ (29-59),Pobreza Extrema,CORVIVIENDA,Básica primaria (1.o - 5.o),Mujer,Unión libre,Desempleado,Ninguno,15600000.0
SANEAMIENTO BÁSICO,Entre 1 y 2 SMMLV,Localidad 2 - Virgen y Turistica,URBANO,ADULTEZ (29-59),Ninguno,CORVIVIENDA,Básica secundaria (6.o - 9.o),Mujer,Unión libre,Ama de Casa/Cuidador,Ninguno,15600000.0
SANEAMIENTO BÁSICO,Menor a 1 SMMLV,Localidad 2 - Virgen y Turistica,URBANO,ADULTO MAYOR (60 o más),Ninguno,CORVIVIENDA,Básica secundaria (6.o - 9.o),Hombre,Casado(a),Sin actividad,Ninguno,15600000.0
SANEAMIENTO BÁSICO,Menor a 1 SMMLV,Localidad 2 - Virgen y Turistica,URBANO,ADULTEZ (29-59),Ninguno,CORVIVIENDA,Básica secundaria (6.o - 9.o),Hombre,Casado(a),Trabajador Independiente,Ninguno,15600000.0
SANEAMIENTO BÁSICO,Menor a 1 SMMLV,Localidad 2 - Virgen y Turistica,URBANO,ADULTEZ (29-59),Ninguno,CORVIVIENDA,Media (10.o - 13.o),Hombre,Unión libre,Empleado,Ninguno,15600000.0
SANEAMIENTO BÁSICO,Menor a 1 SMMLV,Localidad 2 - Virgen y Turistica,URBANO,ADULTEZ (29-59),Ninguno,CORVIVIENDA,Básica secundaria (6.o - 9.o),Mujer,Unión libre,Ama de Casa/Cuidador,Ninguno,15600000.0
SANEAMIENTO BÁSICO,Menor a 1 SMMLV,Localidad 2 - Virgen y Turistica,URBANO,ADULTO MAYOR (60 o más),Ninguno,CORVIVIENDA,Media (10.o - 13.o),Mujer,Separado(a) o divorciado(a),Trabajador Independiente,Ninguno,15600000.0
SANEAMIENTO BÁSICO,Menor a 1 SMMLV,Localidad 2 - Virgen y Turistica,URBANO,ADULTO MAYOR (60 o más),Víctima Conflicto Armado,CORVIVIENDA,Ninguno,Mujer,Unión libre,Ama de Casa/Cuidador,Ninguno,15600000.0
SANEAMIENTO BÁSICO,Entre 1 y 2 SMMLV,Localidad 2 - Virgen y Turistica,URBANO,ADULTEZ (29-59),Damnificados,CORVIVIENDA,Media (10.o - 13.o),Mujer,Unión libre,Sin actividad,Ninguno,15600000.0
SANEAMIENTO BÁSICO,Menor a 1 SMMLV,Localidad 2 - Virgen y Turistica,URBANO,ADULTEZ (29-59),Ninguno,CORVIVIENDA,Básica secundaria (6.o - 9.o),Mujer,Casado(a),Ama de Casa/Cuidador,Ninguno,15600000.0
SANEAMIENTO BÁSICO,No tiene,Localidad 2 - Virgen y Turistica,URBANO,ADULTO MAYOR (60 o más),Ninguno,CORVIVIENDA,Básica secundaria (6.o - 9.o),Hombre,Casado(a),Sin actividad,Ninguno,15600000.0
SANEAMIENTO BÁSICO,No tiene,Localidad 2 - Virgen y Turistica,URBANO,ADULTO MAYOR (60 o más),Pobreza Extrema,CORVIVIENDA,Ninguno,Mujer,Unión libre,Sin actividad,Ninguno,15600000.0
SANEAMIENTO BÁSICO,Menor a 1 SMMLV,Localidad 2 - Virgen y Turistica,URBANO,ADULTEZ (29-59),Víctima Conflicto Armado,CORVIVIENDA,Básica secundaria (6.o - 9.o),Mujer,Viudo(a),Ama de Casa/Cuidador,Ninguno,15600000.0
SANEAMIENTO BÁSICO,Menor a 1 SMMLV,Localidad 2 - Virgen y Turistica,URBANO,ADULTEZ (29-59),Ninguno,CORVIVIENDA,Media (10.o - 13.o),Mujer,Unión libre,Ama de Casa/Cuidador,Ninguno,15600000.0
SANEAMIENTO BÁSICO,Menor a 1 SMMLV,Localidad 2 - Virgen y Turistica,URBANO,ADULTEZ (29-59),Ninguno,CORVIVIENDA,Técnico o tecnológico (1 - 4),Mujer,Soltero(a),Empleado,Ninguno,15600000.0
SANEAMIENTO BÁSICO,Menor a 1 SMMLV,Localidad 2 - Virgen y Turistica,URBANO,ADULTEZ (29-59),Ninguno,CORVIVIENDA,Media (10.o - 13.o),Mujer,Unión libre,Sin actividad,Ninguno,15600000.0
SANEAMIENTO BÁSICO,Menor a 1 SMMLV,Localidad 3 - Industrial y de la Bahía,URBANO,ADULTO MAYOR (60 o más),Pobreza Extrema,CORVIVIENDA,Media (10.o - 13.o),Hombre,Unión libre,Trabajador Independiente,Ninguno,15600000.0
SANEAMIENTO BÁSICO,Entre 1 y 2 SMMLV,Localidad 3 - Industrial y de la Bahía,URBANO,ADULTO MAYOR (60 o más),Ninguno,CORVIVIENDA,Universitario (1 - 6),Mujer,Unión libre,Ama de Casa/Cuidador,Ninguno,15600000.0
SANEAMIENTO BÁSICO,Menor a 1 SMMLV,Localidad 3 - Industrial y de la Bahía,URBANO,ADULTO MAYOR (60 o más),Pobreza Extrema,CORVIVIENDA,Básica primaria (1.o - 5.o),Mujer,Soltero(a),Ama de Casa/Cuidador,Ninguno,15600000.0
SANEAMIENTO BÁSICO,Menor a 1 SMMLV,Localidad 3 - Industrial y de la Bahía,URBANO,ADULTO MAYOR (60 o más),Pobreza Extrema,CORVIVIENDA,Básica secundaria (6.o - 9.o),Hombre,Unión libre,Desempleado,Ninguno,15600000.0
SANEAMIENTO BÁSICO,Entre 1 y 2 SMMLV,Localidad 3 - Industrial y de la Bahía,URBANO,ADULTO MAYOR (60 o más),Pobreza Extrema,CORVIVIENDA,Básica secundaria (6.o - 9.o),Hombre,Unión libre,Desempleado,Ninguno,15600000.0
SANEAMIENTO BÁSICO,No tiene,Localidad 3 - Industrial y de la Bahía,URBANO,ADULTEZ (29-59),Víctima Conflicto Armado,CORVIVIENDA,Preescolar,Mujer,Soltero(a),Ama de Casa/Cuidador,Ninguno,15600000.0
SANEAMIENTO BÁSICO,Menor a 1 SMMLV,Localidad 3 - Industrial y de la Bahía,URBANO,ADULTO MAYOR (60 o más),Pobreza Extrema,CORVIVIENDA,Básica primaria (1.o - 5.o),Hombre,Soltero(a),Desempleado,Ninguno,15600000.0
SANEAMIENTO BÁSICO,Menor a 1 SMMLV,Localidad 3 - Industrial y de la Bahía,URBANO,ADULTO MAYOR (60 o más),Pobreza Extrema,CORVIVIENDA,Básica primaria (1.o - 5.o),Mujer,Soltero(a),Ama de Casa/Cuidador,Ninguno,15600000.0
SANEAMIENTO BÁSICO,Menor a 1 SMMLV,Localidad 3 - Industrial y de la Bahía,URBANO,ADULTEZ (29-59),Pobreza Extrema,CORVIVIENDA,Básica primaria (1.o - 5.o),Mujer,Unión libre,Sin actividad,Ninguno,15600000.0
SANEAMIENTO BÁSICO,Menor a 1 SMMLV,Localidad 3 - Industrial y de la Bahía,URBANO,ADULTO MAYOR (60 o más),Ninguno,CORVIVIENDA,Básica secundaria (6.o - 9.o),Mujer,Unión libre,Ama de Casa/Cuidador,Ninguno,15600000.0
SANEAMIENTO BÁSICO,No tiene,Localidad 3 - Industrial y de la Bahía,URBANO,ADULTO MAYOR (60 o más),Pobreza Extrema,CORVIVIENDA,Básica primaria (1.o - 5.o),Mujer,Soltero(a),Ama de Casa/Cuidador,Ninguno,15600000.0
SANEAMIENTO BÁSICO,Menor a 1 SMMLV,Localidad 3 - Industrial y de la Bahía,URBANO,ADULTO MAYOR (60 o más),Ninguno,CORVIVIENDA,Básica primaria (1.o - 5.o),Hombre,Casado(a),Desempleado,Ninguno,15600000.0
SANEAMIENTO BÁSICO,Entre 1 y 2 SMMLV,Localidad 3 - Industrial y de la Bahía,URBANO,ADULTEZ (29-59),Pobreza Extrema,CORVIVIENDA,Media (10.o - 13.o),Hombre,Unión libre,Trabajador Independiente,Ninguno,15600000.0
SANEAMIENTO BÁSICO,Entre 1 y 2 SMMLV,Localidad 3 - Industrial y de la Bahía,URBANO,ADULTEZ (29-59),Ninguno,CORVIVIENDA,Media (10.o - 13.o),Hombre,Unión libre,Empleado,Ninguno,15600000.0
SANEAMIENTO BÁSICO,Menor a 1 SMMLV,Localidad 1 - Historica y del Caribe Norte,URBANO,ADULTO MAYOR (60 o más),Ninguno,CORVIVIENDA,Básica primaria (1.o - 5.o),Hombre,Separado(a) o divorciado(a),Sin actividad,Ninguno,15600000.0
SANEAMIENTO BÁSICO,Menor a 1 SMMLV,Localidad 3 - Industrial y de la Bahía,URBANO,ADULTO MAYOR (60 o más),Ninguno,CORVIVIENDA,Básica secundaria (6.o - 9.o),Hombre,Unión libre,Trabajador Independiente,Ninguno,15600000.0
SANEAMIENTO BÁSICO,Menor a 1 SMMLV,Localidad 3 - Industrial y de la Bahía,URBANO,ADULTEZ (29-59),Ninguno,CORVIVIENDA,Básica secundaria (6.o - 9.o),Mujer,Separado(a) o divorciado(a),Ama de Casa/Cuidador,Ninguno,15600000.0
SANEAMIENTO BÁSICO,Menor a 1 SMMLV,Localidad 3 - Industrial y de la Bahía,URBANO,ADULTO MAYOR (60 o más),Pobreza Extrema,CORVIVIENDA,Básica primaria (1.o - 5.o),Mujer,Unión libre,Ama de Casa/Cuidador,Ninguno,15600000.0
SANEAMIENTO BÁSICO,Entre 1 y 2 SMMLV,Localidad 3 - Industrial y de la Bahía,URBANO,ADULTO MAYOR (60 o más),Pobreza Extrema,CORVIVIENDA,Básica secundaria (6.o - 9.o),Mujer,Unión libre,Desempleado,Ninguno,15600000.0
SANEAMIENTO BÁSICO,No tiene,Localidad 3 - Industrial y de la Bahía,URBANO,ADULTEZ (29-59),Pobreza Extrema,CORVIVIENDA,Básica primaria (1.o - 5.o),Mujer,Casado(a),Ama de Casa/Cuidador,Ninguno,15600000.0
SANEAMIENTO BÁSICO,Menor a 1 SMMLV,Localidad 3 - Industrial y de la Bahía,URBANO,ADULTEZ (29-59),Víctima Conflicto Armado,CORVIVIENDA,Básica secundaria (6.o - 9.o),Mujer,Soltero(a),Trabajador Independiente,Ninguno,15600000.0
SANEAMIENTO BÁSICO,Menor a 1 SMMLV,Localidad 3 - Industrial y de la Bahía,URBANO,ADULTEZ (29-59),Pobreza Extrema,CORVIVIENDA,Básica primaria (1.o - 5.o),Mujer,Soltero(a),Ama de Casa/Cuidador,Ninguno,15600000.0
SANEAMIENTO BÁSICO,Menor a 1 SMMLV,Localidad 3 - Industrial y de la Bahía,URBANO,ADULTO MAYOR (60 o más),Ninguno,CORVIVIENDA,Básica primaria (1.o - 5.o),Mujer,Separado(a) o divorciado(a),Ama de Casa/Cuidador,Ninguno,15600000.0
SANEAMIENTO BÁSICO,No tiene,Localidad 3 - Industrial y de la Bahía,URBANO,ADULTEZ (29-59),Pobreza Extrema,CORVIVIENDA,Básica primaria (1.o - 5.o),Mujer,Soltero(a),Ama de Casa/Cuidador,Ninguno,15600000.0
SANEAMIENTO BÁSICO,Entre 1 y 2 SMMLV,Localidad 3 - Industrial y de la Bahía,URBANO,ADULTEZ (29-59),Damnificados,CORVIVIENDA,Media (10.o - 13.o),Hombre,Separado(a) o divorciado(a),Trabajador Independiente,Ninguno,15600000.0
SANEAMIENTO BÁSICO,No tiene,Localidad 3 - Industrial y de la Bahía,URBANO,ADULTO MAYOR (60 o más),Ninguno,CORVIVIENDA,Básica primaria (1.o - 5.o),Hombre,Soltero(a),Ama de Casa/Cuidador,Ninguno,15600000.0
SANEAMIENTO BÁSICO,Menor a 1 SMMLV,Localidad 3 - Industrial y de la Bahía,URBANO,ADULTEZ (29-59),Ninguno,CORVIVIENDA,Básica primaria (1.o - 5.o),Hombre,Soltero(a),Desempleado,Ninguno,15600000.0
SANEAMIENTO BÁSICO,Menor a 1 SMMLV,Localidad 3 - Industrial y de la Bahía,URBANO,ADULTO MAYOR (60 o más),Ninguno,CORVIVIENDA,Básica secundaria (6.o - 9.o),Mujer,Unión libre,Trabajador Independiente,Ninguno,15600000.0
SANEAMIENTO BÁSICO,Menor a 1 SMMLV,Localidad 3 - Industrial y de la Bahía,URBANO,ADULTO MAYOR (60 o más),Ninguno,CORVIVIENDA,Preescolar,Hombre,Separado(a) o divorciado(a),Ama de Casa/Cuidador,Ninguno,15600000.0
SANEAMIENTO BÁSICO,Menor a 1 SMMLV,Localidad 3 - Industrial y de la Bahía,URBANO,ADULTO MAYOR (60 o más),Ninguno,CORVIVIENDA,Básica primaria (1.o - 5.o),Mujer,Soltero(a),Ama de Casa/Cuidador,Ninguno,15600000.0
SANEAMIENTO BÁSICO,No tiene,Localidad 3 - Industrial y de la Bahía,URBANO,ADULTEZ (29-59),Ninguno,CORVIVIENDA,Básica primaria (1.o - 5.o),Mujer,Soltero(a),Ama de Casa/Cuidador,Ninguno,15600000.0
SANEAMIENTO BÁSICO,Entre 1 y 2 SMMLV,Localidad 3 - Industrial y de la Bahía,URBANO,ADULTEZ (29-59),Pobreza Extrema,CORVIVIENDA,Media (10.o - 13.o),Mujer,Unión libre,Sin actividad,Ninguno,15600000.0
SANEAMIENTO BÁSICO,Menor a 1 SMMLV,Localidad 3 - Industrial y de la Bahía,URBANO,ADULTEZ (29-59),Ninguno,CORVIVIENDA,Básica primaria (1.o - 5.o),Hombre,Separado(a) o divorciado(a),Empleado,Ninguno,15600000.0
SANEAMIENTO BÁSICO,Menor a 1 SMMLV,Localidad 3 - Industrial y de la Bahía,URBANO,ADULTEZ (29-59),Ninguno,CORVIVIENDA,Básica primaria (1.o - 5.o),Mujer,Viudo(a),Trabajador Independiente,Ninguno,15600000.0
SANEAMIENTO BÁSICO,Menor a 1 SMMLV,Localidad 3 - Industrial y de la Bahía,URBANO,ADULTEZ (29-59),Damnificados,CORVIVIENDA,Básica secundaria (6.o - 9.o),Mujer,Unión libre,Trabajador Independiente,Ninguno,15600000.0
SANEAMIENTO BÁSICO,Menor a 1 SMMLV,Localidad 3 - Industrial y de la Bahía,URBANO,ADULTO MAYOR (60 o más),Ninguno,CORVIVIENDA,Básica primaria (1.o - 5.o),Hombre,Viudo(a),Desempleado,Ninguno,15600000.0
SANEAMIENTO BÁSICO,No tiene,Localidad 3 - Industrial y de la Bahía,URBANO,ADULTEZ (29-59),Pobreza Extrema,CORVIVIENDA,Básica primaria (1.o - 5.o),Hombre,Soltero(a),Ama de Casa/Cuidador,Ninguno,15600000.0
SANEAMIENTO BÁSICO,Menor a 1 SMMLV,Localidad 3 - Industrial y de la Bahía,URBANO,ADULTO MAYOR (60 o más),Ninguno,CORVIVIENDA,Básica primaria (1.o - 5.o),Hombre,Soltero(a),Trabajador Independiente,Ninguno,15600000.0
SANEAMIENTO BÁSICO,Menor a 1 SMMLV,Localidad 3 - Industrial y de la Bahía,URBANO,ADULTO MAYOR (60 o más),Pobreza Extrema,CORVIVIENDA,Ninguno,Mujer,Soltero(a),Ama de Casa/Cuidador,Ninguno,15600000.0
SANEAMIENTO BÁSICO,Menor a 1 SMMLV,Localidad 3 - Industrial y de la Bahía,URBANO,ADULTEZ (29-59),Ninguno,CORVIVIENDA,Media (10.o - 13.o),Mujer,Soltero(a),Ama de Casa/Cuidador,Ninguno,15600000.0
SANEAMIENTO BÁSICO,Menor a 1 SMMLV,Localidad 3 - Industrial y de la Bahía,URBANO,ADULTO MAYOR (60 o más),Ninguno,CORVIVIENDA,Preescolar,Hombre,Soltero(a),Desempleado,Ninguno,15600000.0
SANEAMIENTO BÁSICO,No tiene,Localidad 3 - Industrial y de la Bahía,URBANO,ADULTO MAYOR (60 o más),Pobreza Extrema,CORVIVIENDA,Básica primaria (1.o - 5.o),Hombre,Soltero(a),Ama de Casa/Cuidador,Ninguno,15600000.0
SANEAMIENTO BÁSICO,Menor a 1 SMMLV,Localidad 3 - Industrial y de la Bahía,URBANO,ADULTEZ (29-59),Ninguno,CORVIVIENDA,Media (10.o - 13.o),Mujer,Separado(a) o divorciado(a),Desempleado,Ninguno,15600000.0
SANEAMIENTO BÁSICO,Menor a 1 SMMLV,Localidad 3 - Industrial y de la Bahía,URBANO,ADULTO MAYOR (60 o más),Ninguno,CORVIVIENDA,Preescolar,Mujer,Soltero(a),Ama de Casa/Cuidador,Ninguno,15600000.0
SANEAMIENTO BÁSICO,Menor a 1 SMMLV,Localidad 3 - Industrial y de la Bahía,URBANO,ADULTEZ (29-59),Ninguno,CORVIVIENDA,Básica secundaria (6.o - 9.o),Mujer,Separado(a) o divorciado(a),Trabajador Independiente,Ninguno,15600000.0
SANEAMIENTO BÁSICO,Menor a 1 SMMLV,Localidad 3 - Industrial y de la Bahía,URBANO,ADULTO MAYOR (60 o más),Pobreza Extrema,CORVIVIENDA,Básica primaria (1.o - 5.o),Hombre,Unión libre,Sin actividad,Ninguno,15600000.0
SANEAMIENTO BÁSICO,Menor a 1 SMMLV,Localidad 3 - Industrial y de la Bahía,URBANO,ADULTO MAYOR (60 o más),Ninguno,CORVIVIENDA,Básica primaria (1.o - 5.o),Hombre,Separado(a) o divorciado(a),Desempleado,Ninguno,15600000.0
SANEAMIENTO BÁSICO,No tiene,Localidad 3 - Industrial y de la Bahía,URBANO,ADULTO MAYOR (60 o más),Ninguno,CORVIVIENDA,Básica secundaria (6.o - 9.o),Mujer,Separado(a) o divorciado(a),Ama de Casa/Cuidador,Ninguno,15600000.0
SANEAMIENTO BÁSICO,Menor a 1 SMMLV,Localidad 3 - Industrial y de la Bahía,URBANO,ADULTEZ (29-59),Pobreza Extrema,CORVIVIENDA,Media (10.o - 13.o),Mujer,Unión libre,Ama de Casa/Cuidador,Ninguno,15600000.0
SANEAMIENTO BÁSICO,Menor a 1 SMMLV,Localidad 3 - Industrial y de la Bahía,URBANO,ADULTEZ (29-59),Ninguno,CORVIVIENDA,Media (10.o - 13.o),Hombre,Separado(a) o divorciado(a),Empleado,Ninguno,15600000.0
SANEAMIENTO BÁSICO,Entre 1 y 2 SMMLV,Localidad 3 - Industrial y de la Bahía,URBANO,ADULTEZ (29-59),Pobreza Extrema,CORVIVIENDA,Básica primaria (1.o - 5.o),Hombre,Soltero(a),Trabajador Independiente,Ninguno,15600000.0
SANEAMIENTO BÁSICO,Menor a 1 SMMLV,Localidad 3 - Industrial y de la Bahía,URBANO,ADULTEZ (29-59),Ninguno,CORVIVIENDA,Media (10.o - 13.o),Mujer,Soltero(a),Empleado,Ninguno,15600000.0
SANEAMIENTO BÁSICO,Entre 1 y 2 SMMLV,Localidad 3 - Industrial y de la Bahía,URBANO,ADULTEZ (29-59),Ninguno,CORVIVIENDA,Media (10.o - 13.o),Hombre,Casado(a),Jubilado o pensionado,Ninguno,15600000.0
SANEAMIENTO BÁSICO,Menor a 1 SMMLV,Localidad 3 - Industrial y de la Bahía,URBANO,ADULTEZ (29-59),Ninguno,CORVIVIENDA,Básica secundaria (6.o - 9.o),Mujer,Soltero(a),Empleado,Ninguno,15600000.0
SANEAMIENTO BÁSICO,Menor a 1 SMMLV,Localidad 3 - Industrial y de la Bahía,URBANO,ADULTO MAYOR (60 o más),Ninguno,CORVIVIENDA,Ninguno,Mujer,Soltero(a),Ama de Casa/Cuidador,Ninguno,15600000.0
SANEAMIENTO BÁSICO,Entre 1 y 2 SMMLV,Localidad 3 - Industrial y de la Bahía,URBANO,ADULTEZ (29-59),Damnificados,CORVIVIENDA,Media (10.o - 13.o),Mujer,Unión libre,Desempleado,Ninguno,15600000.0
SANEAMIENTO BÁSICO,Menor a 1 SMMLV,Localidad 3 - Industrial y de la Bahía,URBANO,ADULTEZ (29-59),Ninguno,CORVIVIENDA,Técnico o tecnológico (1 - 4),Hombre,Unión libre,Trabajador Independiente,Ninguno,15600000.0
SANEAMIENTO BÁSICO,No tiene,Localidad 3 - Industrial y de la Bahía,URBANO,JUVENTUD (18-28),Pobreza Extrema,CORVIVIENDA,Básica primaria (1.o - 5.o),Hombre,Soltero(a),Ama de Casa/Cuidador,Ninguno,15600000.0
SANEAMIENTO BÁSICO,Menor a 1 SMMLV,Localidad 3 - Industrial y de la Bahía,URBANO,ADULTO MAYOR (60 o más),Pobreza Extrema,CORVIVIENDA,Básica primaria (1.o - 5.o),Mujer,Unión libre,Desempleado,Ninguno,15600000.0
SANEAMIENTO BÁSICO,No tiene,Localidad 3 - Industrial y de la Bahía,URBANO,ADULTO MAYOR (60 o más),Pobreza Extrema,CORVIVIENDA,Ninguno,Mujer,Soltero(a),Ama de Casa/Cuidador,Ninguno,15600000.0
SANEAMIENTO BÁSICO,Entre 1 y 2 SMMLV,Localidad 3 - Industrial y de la Bahía,URBANO,ADULTEZ (29-59),Damnificados,CORVIVIENDA,Técnico o tecnológico (1 - 4),Mujer,Unión libre,Trabajador Independiente,Ninguno,15600000.0
SANEAMIENTO BÁSICO,No tiene,Localidad 3 - Industrial y de la Bahía,URBANO,JUVENTUD (18-28),Pobreza Extrema,CORVIVIENDA,Básica primaria (1.o - 5.o),Mujer,Soltero(a),Ama de Casa/Cuidador,Ninguno,15600000.0
SANEAMIENTO BÁSICO,Menor a 1 SMMLV,Localidad 3 - Industrial y de la Bahía,URBANO,ADULTO MAYOR (60 o más),Pobreza Extrema,CORVIVIENDA,Media (10.o - 13.o),Mujer,Unión libre,Desempleado,Ninguno,15600000.0
SANEAMIENTO BÁSICO,Menor a 1 SMMLV,Localidad 3 - Industrial y de la Bahía,URBANO,ADULTEZ (29-59),Pobreza Extrema,CORVIVIENDA,Básica secundaria (6.o - 9.o),Mujer,Soltero(a),Trabajador Independiente,Ninguno,15600000.0
SANEAMIENTO BÁSICO,Menor a 1 SMMLV,Localidad 3 - Industrial y de la Bahía,URBANO,ADULTO MAYOR (60 o más),Ninguno,CORVIVIENDA,Media (10.o - 13.o),Mujer,Viudo(a),Empleado,Ninguno,15600000.0
SANEAMIENTO BÁSICO,Menor a 1 SMMLV,Localidad 3 - Industrial y de la Bahía,URBANO,ADULTO MAYOR (60 o más),Pobreza Extrema,CORVIVIENDA,Básica primaria (1.o - 5.o),Mujer,Casado(a),Ama de Casa/Cuidador,Ninguno,15600000.0
SANEAMIENTO BÁSICO,Entre 1 y 2 SMMLV,Localidad 3 - Industrial y de la Bahía,URBANO,ADULTEZ (29-59),Ninguno,CORVIVIENDA,Técnico o tecnológico (1 - 4),Mujer,Soltero(a),Empleado,Ninguno,15600000.0
SANEAMIENTO BÁSICO,Menor a 1 SMMLV,Localidad 3 - Industrial y de la Bahía,URBANO,JUVENTUD (18-28),Pobreza Extrema,CORVIVIENDA,Básica secundaria (6.o - 9.o),Mujer,Soltero(a),Empleado,Ninguno,15600000.0
SANEAMIENTO BÁSICO,Entre 1 y 2 SMMLV,Localidad 3 - Industrial y de la Bahía,URBANO,ADULTEZ (29-59),Ninguno,CORVIVIENDA,Media (10.o - 13.o),Mujer,Casado(a),Ama de Casa/Cuidador,Ninguno,15600000.0
SANEAMIENTO BÁSICO,Menor a 1 SMMLV,Localidad 3 - Industrial y de la Bahía,URBANO,ADULTEZ (29-59),Pobreza Extrema,CORVIVIENDA,Básica secundaria (6.o - 9.o),Hombre,Unión libre,Trabajador Independiente,Ninguno,15600000.0
SANEAMIENTO BÁSICO,Entre 1 y 2 SMMLV,Localidad 3 - Industrial y de la Bahía,URBANO,ADULTEZ (29-59),Víctima Conflicto Armado,CORVIVIENDA,Básica primaria (1.o - 5.o),Hombre,Unión libre,Trabajador Independiente,Ninguno,15600000.0
SANEAMIENTO BÁSICO,Menor a 1 SMMLV,Localidad 3 - Industrial y de la Bahía,URBANO,ADULTEZ (29-59),Pobreza Extrema,CORVIVIENDA,Básica secundaria (6.o - 9.o),Hombre,Soltero(a),Trabajador Independiente,Ninguno,15600000.0
SANEAMIENTO BÁSICO,Menor a 1 SMMLV,Localidad 3 - Industrial y de la Bahía,URBANO,ADULTO MAYOR (60 o más),Pobreza Extrema,CORVIVIENDA,Media (10.o - 13.o),Hombre,Unión libre,Sin actividad,Ninguno,15600000.0
SANEAMIENTO BÁSICO,Menor a 1 SMMLV,Localidad 3 - Industrial y de la Bahía,URBANO,ADULTEZ (29-59),Pobreza Extrema,CORVIVIENDA,Media (10.o - 13.o),Hombre,Unión libre,Trabajador Independiente,Ninguno,15600000.0
SANEAMIENTO BÁSICO,Menor a 1 SMMLV,Localidad 3 - Industrial y de la Bahía,URBANO,ADULTEZ (29-59),Pobreza Extrema,CORVIVIENDA,Media (10.o - 13.o),Hombre,Unión libre,Sin actividad,Ninguno,15600000.0
SANEAMIENTO BÁSICO,Menor a 1 SMMLV,Localidad 3 - Industrial y de la Bahía,URBANO,ADULTEZ (29-59),Pobreza Extrema,CORVIVIENDA,Básica primaria (1.o - 5.o),Mujer,Soltero(a),Desempleado,Ninguno,15600000.0
SANEAMIENTO BÁSICO,Menor a 1 SMMLV,Localidad 3 - Industrial y de la Bahía,URBANO,ADULTO MAYOR (60 o más),Ninguno,CORVIVIENDA,Básica secundaria (6.o - 9.o),Hombre,Soltero(a),Trabajador Independiente,Ninguno,15600000.0
SANEAMIENTO BÁSICO,Entre 1 y 2 SMMLV,Localidad 3 - Industrial y de la Bahía,URBANO,ADULTEZ (29-59),Ninguno,CORVIVIENDA,Media (10.o - 13.o),Hombre,Unión libre,Trabajador Independiente,Ninguno,15600000.0
SANEAMIENTO BÁSICO,Menor a 1 SMMLV,Localidad 3 - Industrial y de la Bahía,URBANO,ADULTEZ (29-59),Pobreza Extrema,CORVIVIENDA,Básica secundaria (6.o - 9.o),Mujer,Unión libre,Ama de Casa/Cuidador,Ninguno,15600000.0
SANEAMIENTO BÁSICO,Menor a 1 SMMLV,Localidad 3 - Industrial y de la Bahía,URBANO,ADULTEZ (29-59),Pobreza Extrema,CORVIVIENDA,Básica secundaria (6.o - 9.o),Mujer,Soltero(a),Trabajador Independiente,Ninguno,15600000.0
SANEAMIENTO BÁSICO,Menor a 1 SMMLV,Localidad 3 - Industrial y de la Bahía,URBANO,ADULTO MAYOR (60 o más),Víctima Conflicto Armado,CORVIVIENDA,Básica primaria (1.o - 5.o),Hombre,Unión libre,Desempleado,Ninguno,15600000.0
SANEAMIENTO BÁSICO,Menor a 1 SMMLV,Localidad 3 - Industrial y de la Bahía,URBANO,ADULTEZ (29-59),Pobreza Extrema,CORVIVIENDA,Básica secundaria (6.o - 9.o),Hombre,Soltero(a),Desempleado,Ninguno,15600000.0
SANEAMIENTO BÁSICO,Menor a 1 SMMLV,Localidad 3 - Industrial y de la Bahía,URBANO,ADULTO MAYOR (60 o más),Pobreza Extrema,CORVIVIENDA,Básica secundaria (6.o - 9.o),Hombre,Soltero(a),Trabajador Independiente,Ninguno,15600000.0
SANEAMIENTO BÁSICO,Menor a 1 SMMLV,Localidad 3 - Industrial y de la Bahía,URBANO,ADULTEZ (29-59),Ninguno,CORVIVIENDA,Media (10.o - 13.o),Mujer,Casado(a),Ama de Casa/Cuidador,Ninguno,15600000.0
SANEAMIENTO BÁSICO,Menor a 1 SMMLV,Localidad 3 - Industrial y de la Bahía,URBANO,ADULTEZ (29-59),Pobreza Extrema,CORVIVIENDA,Básica primaria (1.o - 5.o),Mujer,Soltero(a),Empleado,Ninguno,15600000.0
SANEAMIENTO BÁSICO,Menor a 1 SMMLV,Localidad 3 - Industrial y de la Bahía,URBANO,ADULTEZ (29-59),Víctima Conflicto Armado por Desplazamiento Forzado,CORVIVIENDA,Ninguno,Mujer,Soltero(a),Trabajador Independiente,Ninguno,15600000.0
SANEAMIENTO BÁSICO,Menor a 1 SMMLV,Localidad 3 - Industrial y de la Bahía,URBANO,ADULTO MAYOR (60 o más),Pobreza Extrema,CORVIVIENDA,Básica secundaria (6.o - 9.o),Mujer,Soltero(a),Ama de Casa/Cuidador,Ninguno,15600000.0
SANEAMIENTO BÁSICO,Menor a 1 SMMLV,Localidad 2 - Virgen y Turistica,URBANO,ADULTEZ (29-59),Pobreza Extrema,CORVIVIENDA,Básica secundaria (6.o - 9.o),Mujer,Soltero(a),Ama de Casa/Cuidador,Ninguno,15600000.0
SANEAMIENTO BÁSICO,Menor a 1 SMMLV,Localidad 2 - Virgen y Turistica,URBANO,ADULTEZ (29-59),Víctima Conflicto Armado,CORVIVIENDA,Básica primaria (1.o - 5.o),Hombre,Unión libre,Trabajador Independiente,"Negro(a), mulato(a), afrodescendiente, afrocolombiano(a)",15600000.0
SANEAMIENTO BÁSICO,Menor a 1 SMMLV,Localidad 2 - Virgen y Turistica,URBANO,ADULTO MAYOR (60 o más),Damnificados,CORVIVIENDA,Básica secundaria (6.o - 9.o),Mujer,Separado(a) o divorciado(a),Desempleado,"Negro(a), mulato(a), afrodescendiente, afrocolombiano(a)",15600000.0
SANEAMIENTO BÁSICO,Mayor a 2 SMMLV,Localidad 2 - Virgen y Turistica,URBANO,ADULTO MAYOR (60 o más),Ninguno,CORVIVIENDA,Media (10.o - 13.o),Mujer,Casado(a),Ama de Casa/Cuidador,Ninguno,15600000.0
SANEAMIENTO BÁSICO,Menor a 1 SMMLV,Localidad 2 - Virgen y Turistica,URBANO,ADULTEZ (29-59),Ninguno,CORVIVIENDA,Básica secundaria (6.o - 9.o),Mujer,Casado(a),Ama de Casa/Cuidador,Ninguno,15600000.0
SANEAMIENTO BÁSICO,Menor a 1 SMMLV,Localidad 2 - Virgen y Turistica,URBANO,ADULTO MAYOR (60 o más),Pobreza Extrema,CORVIVIENDA,Básica primaria (1.o - 5.o),Mujer,Soltero(a),Ama de Casa/Cuidador,Ninguno,15600000.0
SANEAMIENTO BÁSICO,Menor a 1 SMMLV,Localidad 2 - Virgen y Turistica,URBANO,ADULTO MAYOR (60 o más),Pobreza Extrema,CORVIVIENDA,Básica primaria (1.o - 5.o),Hombre,Soltero(a),Ama de Casa/Cuidador,Ninguno,15600000.0
SANEAMIENTO BÁSICO,Menor a 1 SMMLV,Localidad 2 - Virgen y Turistica,URBANO,ADULTO MAYOR (60 o más),Damnificados,CORVIVIENDA,Básica primaria (1.o - 5.o),Mujer,Unión libre,Ama de Casa/Cuidador,Ninguno,15600000.0
SANEAMIENTO BÁSICO,Menor a 1 SMMLV,Localidad 2 - Virgen y Turistica,URBANO,ADULTO MAYOR (60 o más),Damnificados,CORVIVIENDA,Básica primaria (1.o - 5.o),Hombre,Unión libre,Trabajador Independiente,Ninguno,15600000.0
SANEAMIENTO BÁSICO,Menor a 1 SMMLV,Localidad 2 - Virgen y Turistica,URBANO,ADULTEZ (29-59),Pobreza Extrema,CORVIVIENDA,Media (10.o - 13.o),Mujer,Casado(a),Ama de Casa/Cuidador,Ninguno,15600000.0
SANEAMIENTO BÁSICO,Menor a 1 SMMLV,Localidad 2 - Virgen y Turistica,URBANO,ADULTO MAYOR (60 o más),Pobreza Extrema,CORVIVIENDA,Media (10.o - 13.o),Mujer,Casado(a),Ama de Casa/Cuidador,Ninguno,15600000.0
SANEAMIENTO BÁSICO,Menor a 1 SMMLV,Localidad 2 - Virgen y Turistica,URBANO,ADULTO MAYOR (60 o más),Damnificados,CORVIVIENDA,Básica secundaria (6.o - 9.o),Mujer,Unión libre,Ama de Casa/Cuidador,Ninguno,15600000.0
SANEAMIENTO BÁSICO,Menor a 1 SMMLV,Localidad 2 - Virgen y Turistica,URBANO,ADULTO MAYOR (60 o más),Ninguno,CORVIVIENDA,Básica primaria (1.o - 5.o),Mujer,Viudo(a),Trabajador Independiente,"Negro(a), mulato(a), afrodescendiente, afrocolombiano(a)",15600000.0
SANEAMIENTO BÁSICO,Menor a 1 SMMLV,Localidad 2 - Virgen y Turistica,URBANO,ADULTEZ (29-59),Damnificados,CORVIVIENDA,Básica primaria (1.o - 5.o),Hombre,Unión libre,Trabajador Independiente,"Negro(a), mulato(a), afrodescendiente, afrocolombiano(a)",15600000.0
SANEAMIENTO BÁSICO,Menor a 1 SMMLV,Localidad 2 - Virgen y Turistica,URBANO,ADULTEZ (29-59),Víctima Conflicto Armado por Desplazamiento Forzado,CORVIVIENDA,Básica primaria (1.o - 5.o),Mujer,Soltero(a),Desempleado,Ninguno,15600000.0
SANEAMIENTO BÁSICO,Menor a 1 SMMLV,Localidad 2 - Virgen y Turistica,URBANO,ADULTO MAYOR (60 o más),Víctima Conflicto Armado,CORVIVIENDA,Básica secundaria (6.o - 9.o),Mujer,Separado(a) o divorciado(a),Ama de Casa/Cuidador,Ninguno,15600000.0
SANEAMIENTO BÁSICO,Menor a 1 SMMLV,Localidad 2 - Virgen y Turistica,URBANO,ADULTEZ (29-59),Pobreza Extrema,CORVIVIENDA,Básica primaria (1.o - 5.o),Mujer,Soltero(a),Ama de Casa/Cuidador,Ninguno,15600000.0
SANEAMIENTO BÁSICO,Menor a 1 SMMLV,Localidad 2 - Virgen y Turistica,URBANO,ADULTO MAYOR (60 o más),Víctima Conflicto Armado,CORVIVIENDA,Ninguno,Mujer,Unión libre,Desempleado,Ninguno,15600000.0
SANEAMIENTO BÁSICO,Menor a 1 SMMLV,Localidad 2 - Virgen y Turistica,URBANO,ADULTO MAYOR (60 o más),Pobreza Extrema,CORVIVIENDA,Básica primaria (1.o - 5.o),Mujer,Casado(a),Ama de Casa/Cuidador,Ninguno,15600000.0
SANEAMIENTO BÁSICO,Entre 1 y 2 SMMLV,Localidad 2 - Virgen y Turistica,URBANO,ADULTEZ (29-59),Damnificados,CORVIVIENDA,Básica primaria (1.o - 5.o),Mujer,Soltero(a),Trabajador Independiente,Ninguno,15600000.0
SANEAMIENTO BÁSICO,Menor a 1 SMMLV,Localidad 2 - Virgen y Turistica,URBANO,ADULTO MAYOR (60 o más),Víctima Conflicto Armado,CORVIVIENDA,Básica primaria (1.o - 5.o),Hombre,Separado(a) o divorciado(a),Trabajador Independiente,"Negro(a), mulato(a), afrodescendiente, afrocolombiano(a)",15600000.0
SANEAMIENTO BÁSICO,Menor a 1 SMMLV,Localidad 2 - Virgen y Turistica,URBANO,ADULTEZ (29-59),Ninguno,CORVIVIENDA,Básica secundaria (6.o - 9.o),Hombre,Soltero(a),Desempleado,"Negro(a), mulato(a), afrodescendiente, afrocolombiano(a)",15600000.0
SANEAMIENTO BÁSICO,Menor a 1 SMMLV,Localidad 2 - Virgen y Turistica,URBANO,ADULTEZ (29-59),Damnificados,CORVIVIENDA,Básica secundaria (6.o - 9.o),Hombre,Unión libre,Trabajador Independiente,Ninguno,15600000.0
SANEAMIENTO BÁSICO,Menor a 1 SMMLV,Localidad 2 - Virgen y Turistica,URBANO,ADULTEZ (29-59),Damnificados,CORVIVIENDA,Básica secundaria (6.o - 9.o),Mujer,Soltero(a),Ama de Casa/Cuidador,Ninguno,15600000.0
SANEAMIENTO BÁSICO,Entre 1 y 2 SMMLV,Localidad 2 - Virgen y Turistica,URBANO,ADULTEZ (29-59),Víctima Conflicto Armado,CORVIVIENDA,Básica primaria (1.o - 5.o),Mujer,Unión libre,Trabajador Independiente,"Negro(a), mulato(a), afrodescendiente, afrocolombiano(a)",15600000.0
SANEAMIENTO BÁSICO,Menor a 1 SMMLV,Localidad 2 - Virgen y Turistica,URBANO,ADULTEZ (29-59),Damnificados,CORVIVIENDA,Básica primaria (1.o - 5.o),Hombre,Unión libre,Trabajador Independiente,Ninguno,15600000.0
SANEAMIENTO BÁSICO,Menor a 1 SMMLV,Localidad 2 - Virgen y Turistica,URBANO,ADULTEZ (29-59),Damnificados,CORVIVIENDA,Básica secundaria (6.o - 9.o),Mujer,Unión libre,Ama de Casa/Cuidador,"Negro(a), mulato(a), afrodescendiente, afrocolombiano(a)",15600000.0
SANEAMIENTO BÁSICO,Menor a 1 SMMLV,Localidad 2 - Virgen y Turistica,URBANO,ADULTEZ (29-59),Damnificados,CORVIVIENDA,Básica primaria (1.o - 5.o),Mujer,Separado(a) o divorciado(a),Ama de Casa/Cuidador,Ninguno,15600000.0
SANEAMIENTO BÁSICO,Entre 1 y 2 SMMLV,Localidad 2 - Virgen y Turistica,URBANO,ADULTEZ (29-59),Damnificados,CORVIVIENDA,Media (10.o - 13.o),Mujer,Soltero(a),Trabajador Independiente,"Negro(a), mulato(a), afrodescendiente, afrocolombiano(a)",15600000.0
SANEAMIENTO BÁSICO,Menor a 1 SMMLV,Localidad 2 - Virgen y Turistica,URBANO,ADULTO MAYOR (60 o más),Damnificados,CORVIVIENDA,Media (10.o - 13.o),Mujer,Viudo(a),Ama de Casa/Cuidador,"Negro(a), mulato(a), afrodescendiente, afrocolombiano(a)",15600000.0
SANEAMIENTO BÁSICO,Menor a 1 SMMLV,Localidad 2 - Virgen y Turistica,URBANO,ADULTO MAYOR (60 o más),Pobreza Extrema,CORVIVIENDA,Básica secundaria (6.o - 9.o),Mujer,Soltero(a),Desempleado,Ninguno,15600000.0
SANEAMIENTO BÁSICO,No tiene,Localidad 2 - Virgen y Turistica,URBANO,ADULTEZ (29-59),Pobreza Extrema,CORVIVIENDA,Ninguno,Mujer,Casado(a),Ama de Casa/Cuidador,Ninguno,15600000.0
SANEAMIENTO BÁSICO,Menor a 1 SMMLV,Localidad 2 - Virgen y Turistica,URBANO,ADULTO MAYOR (60 o más),Damnificados,CORVIVIENDA,Básica primaria (1.o - 5.o),Mujer,Casado(a),Ama de Casa/Cuidador,Ninguno,15600000.0
SANEAMIENTO BÁSICO,No tiene,Localidad 2 - Virgen y Turistica,URBANO,ADULTO MAYOR (60 o más),Ninguno,CORVIVIENDA,Básica primaria (1.o - 5.o),Mujer,Soltero(a),Desempleado,Ninguno,15600000.0
SANEAMIENTO BÁSICO,Menor a 1 SMMLV,Localidad 2 - Virgen y Turistica,URBANO,ADULTEZ (29-59),Pobreza Extrema,CORVIVIENDA,Básica primaria (1.o - 5.o),Hombre,Soltero(a),Desempleado,Ninguno,15600000.0
SANEAMIENTO BÁSICO,Menor a 1 SMMLV,Localidad 2 - Virgen y Turistica,URBANO,ADULTO MAYOR (60 o más),Víctima Conflicto Armado,CORVIVIENDA,Media (10.o - 13.o),Mujer,Viudo(a),Ama de Casa/Cuidador,"Negro(a), mulato(a), afrodescendiente, afrocolombiano(a)",15600000.0
SANEAMIENTO BÁSICO,Menor a 1 SMMLV,Localidad 2 - Virgen y Turistica,URBANO,ADULTO MAYOR (60 o más),Pobreza Extrema,CORVIVIENDA,Preescolar,Mujer,Casado(a),Ama de Casa/Cuidador,Ninguno,15600000.0
SANEAMIENTO BÁSICO,Menor a 1 SMMLV,Localidad 2 - Virgen y Turistica,URBANO,ADULTO MAYOR (60 o más),Damnificados,CORVIVIENDA,Media (10.o - 13.o),Mujer,Soltero(a),Trabajador Independiente,Indígena,15600000.0
SANEAMIENTO BÁSICO,Menor a 1 SMMLV,Localidad 2 - Virgen y Turistica,URBANO,ADULTEZ (29-59),Damnificados,CORVIVIENDA,Ninguno,Mujer,Soltero(a),Ama de Casa/Cuidador,Ninguno,15600000.0
SANEAMIENTO BÁSICO,Menor a 1 SMMLV,Localidad 2 - Virgen y Turistica,URBANO,ADULTEZ (29-59),Damnificados,CORVIVIENDA,Básica secundaria (6.o - 9.o),Hombre,Casado(a),Trabajador Independiente,Indígena,15600000.0
SANEAMIENTO BÁSICO,Menor a 1 SMMLV,Localidad 2 - Virgen y Turistica,URBANO,ADULTEZ (29-59),Pobreza Extrema,CORVIVIENDA,Básica primaria (1.o - 5.o),Mujer,Soltero(a),Trabajador Independiente,Ninguno,15600000.0
SANEAMIENTO BÁSICO,Menor a 1 SMMLV,Localidad 2 - Virgen y Turistica,URBANO,ADULTEZ (29-59),Víctima Conflicto Armado,CORVIVIENDA,Básica secundaria (6.o - 9.o),Hombre,Unión libre,Trabajador Independiente,"Negro(a), mulato(a), afrodescendiente, afrocolombiano(a)",15600000.0
SANEAMIENTO BÁSICO,Entre 1 y 2 SMMLV,Localidad 2 - Virgen y Turistica,URBANO,ADULTEZ (29-59),Damnificados,CORVIVIENDA,Básica secundaria (6.o - 9.o),Mujer,Soltero(a),Desempleado,Ninguno,15600000.0
SANEAMIENTO BÁSICO,Menor a 1 SMMLV,Localidad 2 - Virgen y Turistica,URBANO,ADULTEZ (29-59),Víctima Conflicto Armado,CORVIVIENDA,Técnico o tecnológico (1 - 4),Mujer,Unión libre,Ama de Casa/Cuidador,Ninguno,15600000.0
SANEAMIENTO BÁSICO,Menor a 1 SMMLV,Localidad 2 - Virgen y Turistica,URBANO,ADULTEZ (29-59),Ninguno,CORVIVIENDA,Básica secundaria (6.o - 9.o),Hombre,Unión libre,Trabajador Independiente,Ninguno,15600000.0
SANEAMIENTO BÁSICO,Menor a 1 SMMLV,Localidad 2 - Virgen y Turistica,URBANO,ADULTEZ (29-59),Pobreza Extrema,CORVIVIENDA,Media (10.o - 13.o),Mujer,Unión libre,Ama de Casa/Cuidador,Ninguno,15600000.0
SANEAMIENTO BÁSICO,Menor a 1 SMMLV,Localidad 2 - Virgen y Turistica,URBANO,ADULTEZ (29-59),Ninguno,CORVIVIENDA,Técnico o tecnológico (1 - 4),Hombre,Separado(a) o divorciado(a),Empleado,Ninguno,15600000.0
SANEAMIENTO BÁSICO,Menor a 1 SMMLV,Localidad 2 - Virgen y Turistica,URBANO,ADULTO MAYOR (60 o más),Víctima Conflicto Armado por Desplazamiento Forzado,CORVIVIENDA,Media (10.o - 13.o),Mujer,Soltero(a),Desempleado,Ninguno,15600000.0
SANEAMIENTO BÁSICO,Entre 1 y 2 SMMLV,Localidad 2 - Virgen y Turistica,URBANO,ADULTEZ (29-59),Ninguno,CORVIVIENDA,Técnico o tecnológico (1 - 4),Hombre,Unión libre,Empleado,Ninguno,15600000.0
SANEAMIENTO BÁSICO,Entre 1 y 2 SMMLV,Localidad 2 - Virgen y Turistica,URBANO,ADULTO MAYOR (60 o más),Ninguno,CORVIVIENDA,Media (10.o - 13.o),Hombre,Unión libre,Trabajador Independiente,Ninguno,15600000.0
SANEAMIENTO BÁSICO,Entre 1 y 2 SMMLV,Localidad 2 - Virgen y Turistica,URBANO,ADULTO MAYOR (60 o más),Ninguno,CORVIVIENDA,Básica secundaria (6.o - 9.o),Hombre,Unión libre,Empleado,"Negro(a), mulato(a), afrodescendiente, afrocolombiano(a)",15600000.0
SANEAMIENTO BÁSICO,Menor a 1 SMMLV,Localidad 2 - Virgen y Turistica,URBANO,ADULTO MAYOR (60 o más),Ninguno,CORVIVIENDA,Básica secundaria (6.o - 9.o),Mujer,Separado(a) o divorciado(a),Ama de Casa/Cuidador,Ninguno,15600000.0
SANEAMIENTO BÁSICO,Menor a 1 SMMLV,Localidad 2 - Virgen y Turistica,URBANO,ADULTEZ (29-59),Pobreza Extrema,CORVIVIENDA,Ninguno,Mujer,Unión libre,Ama de Casa/Cuidador,Ninguno,15600000.0
SANEAMIENTO BÁSICO,Menor a 1 SMMLV,Localidad 2 - Virgen y Turistica,URBANO,ADULTEZ (29-59),Pobreza Extrema,CORVIVIENDA,Media (10.o - 13.o),Mujer,Soltero(a),Ama de Casa/Cuidador,Ninguno,15600000.0
SANEAMIENTO BÁSICO,Menor a 1 SMMLV,Localidad 2 - Virgen y Turistica,URBANO,ADULTO MAYOR (60 o más),Ninguno,CORVIVIENDA,Técnico o tecnológico (1 - 4),Mujer,Soltero(a),Ama de Casa/Cuidador,Ninguno,15600000.0
SANEAMIENTO BÁSICO,Entre 1 y 2 SMMLV,Localidad 2 - Virgen y Turistica,URBANO,ADULTEZ (29-59),Ninguno,CORVIVIENDA,Técnico o tecnológico (1 - 4),Mujer,Viudo(a),Ama de Casa/Cuidador,Indígena,15600000.0
SANEAMIENTO BÁSICO,Menor a 1 SMMLV,Localidad 2 - Virgen y Turistica,URBANO,ADULTO MAYOR (60 o más),Pobreza Extrema,CORVIVIENDA,Básica primaria (1.o - 5.o),Mujer,Unión libre,Ama de Casa/Cuidador,Ninguno,15600000.0
SANEAMIENTO BÁSICO,Menor a 1 SMMLV,Localidad 2 - Virgen y Turistica,URBANO,ADULTEZ (29-59),Ninguno,CORVIVIENDA,Media (10.o - 13.o),Mujer,Casado(a),Trabajador Independiente,"Negro(a), mulato(a), afrodescendiente, afrocolombiano(a)",15600000.0
SANEAMIENTO BÁSICO,Mayor a 2 SMMLV,Localidad 2 - Virgen y Turistica,URBANO,ADULTEZ (29-59),Ninguno,CORVIVIENDA,Universitario (1 - 6),Mujer,Unión libre,Empleado,Ninguno,15600000.0
SANEAMIENTO BÁSICO,Entre 1 y 2 SMMLV,Localidad 2 - Virgen y Turistica,URBANO,ADULTO MAYOR (60 o más),Ninguno,CORVIVIENDA,Técnico o tecnológico (1 - 4),Mujer,Viudo(a),Ama de Casa/Cuidador,Indígena,15600000.0
SANEAMIENTO BÁSICO,Entre 1 y 2 SMMLV,Localidad 2 - Virgen y Turistica,URBANO,ADULTO MAYOR (60 o más),Ninguno,CORVIVIENDA,Básica primaria (1.o - 5.o),Mujer,Soltero(a),Ama de Casa/Cuidador,Ninguno,15600000.0
SANEAMIENTO BÁSICO,Entre 1 y 2 SMMLV,Localidad 2 - Virgen y Turistica,URBANO,ADULTEZ (29-59),Ninguno,CORVIVIENDA,Técnico o tecnológico (1 - 4),Mujer,Casado(a),Ama de Casa/Cuidador,Ninguno,15600000.0
SANEAMIENTO BÁSICO,Entre 1 y 2 SMMLV,Localidad 2 - Virgen y Turistica,URBANO,ADULTEZ (29-59),Ninguno,CORVIVIENDA,Básica primaria (1.o - 5.o),Hombre,Unión libre,Empleado,Ninguno,15600000.0
SANEAMIENTO BÁSICO,Menor a 1 SMMLV,Localidad 2 - Virgen y Turistica,URBANO,ADULTO MAYOR (60 o más),Ninguno,CORVIVIENDA,Básica primaria (1.o - 5.o),Hombre,Casado(a),Trabajador Independiente,Ninguno,15600000.0
SANEAMIENTO BÁSICO,Entre 1 y 2 SMMLV,Localidad 2 - Virgen y Turistica,URBANO,ADULTEZ (29-59),Ninguno,CORVIVIENDA,Técnico o tecnológico (1 - 4),Mujer,Soltero(a),Empleado,"Negro(a), mulato(a), afrodescendiente, afrocolombiano(a)",15600000.0
SANEAMIENTO BÁSICO,Entre 1 y 2 SMMLV,Localidad 2 - Virgen y Turistica,URBANO,ADULTEZ (29-59),Ninguno,CORVIVIENDA,Media (10.o - 13.o),Mujer,Soltero(a),Empleado,Ninguno,15600000.0
SANEAMIENTO BÁSICO,Entre 1 y 2 SMMLV,Localidad 2 - Virgen y Turistica,URBANO,ADULTEZ (29-59),Ninguno,CORVIVIENDA,Técnico o tecnológico (1 - 4),Hombre,Unión libre,Trabajador Independiente,Ninguno,15600000.0
SANEAMIENTO BÁSICO,No tiene,Localidad 2 - Virgen y Turistica,URBANO,ADULTEZ (29-59),Víctima Conflicto Armado,CORVIVIENDA,Técnico o tecnológico (1 - 4),Mujer,Soltero(a),Desempleado,Ninguno,15600000.0
SANEAMIENTO BÁSICO,Menor a 1 SMMLV,Localidad 2 - Virgen y Turistica,URBANO,ADULTO MAYOR (60 o más),Víctima Conflicto Armado por Desplazamiento Forzado,CORVIVIENDA,Media (10.o - 13.o),Mujer,Separado(a) o divorciado(a),Desempleado,Ninguno,15600000.0
SANEAMIENTO BÁSICO,Menor a 1 SMMLV,Localidad 2 - Virgen y Turistica,URBANO,ADULTEZ (29-59),Ninguno,CORVIVIENDA,Técnico o tecnológico (1 - 4),Mujer,Casado(a),Ama de Casa/Cuidador,Ninguno,15600000.0
SANEAMIENTO BÁSICO,Menor a 1 SMMLV,Localidad 2 - Virgen y Turistica,URBANO,ADULTEZ (29-59),Pobreza Extrema,CORVIVIENDA,Media (10.o - 13.o),Mujer,Unión libre,Ama de Casa/Cuidador,Ninguno,15600000.0
SANEAMIENTO BÁSICO,Menor a 1 SMMLV,Localidad 2 - Virgen y Turistica,URBANO,ADULTEZ (29-59),Ninguno,CORVIVIENDA,Media (10.o - 13.o),Mujer,Unión libre,Ama de Casa/Cuidador,Ninguno,15600000.0
SANEAMIENTO BÁSICO,Menor a 1 SMMLV,Localidad 2 - Virgen y Turistica,URBANO,ADULTO MAYOR (60 o más),Víctima Conflicto Armado,CORVIVIENDA,Básica secundaria (6.o - 9.o),Mujer,Soltero(a),Trabajador Independiente,"Negro(a), mulato(a), afrodescendiente, afrocolombiano(a)",15600000.0
SANEAMIENTO BÁSICO,Menor a 1 SMMLV,Localidad 2 - Virgen y Turistica,URBANO,ADULTO MAYOR (60 o más),Pobreza Extrema,CORVIVIENDA,Media (10.o - 13.o),Mujer,Casado(a),Ama de Casa/Cuidador,Ninguno,15600000.0
SANEAMIENTO BÁSICO,Entre 1 y 2 SMMLV,Localidad 2 - Virgen y Turistica,URBANO,ADULTEZ (29-59),Víctima Conflicto Armado,CORVIVIENDA,Técnico o tecnológico (1 - 4),Mujer,Soltero(a),Empleado,Ninguno,15600000.0
SANEAMIENTO BÁSICO,Menor a 1 SMMLV,Localidad 2 - Virgen y Turistica,URBANO,ADULTEZ (29-59),Ninguno,CORVIVIENDA,Básica secundaria (6.o - 9.o),Mujer,Soltero(a),Trabajador Independiente,Ninguno,15600000.0
SANEAMIENTO BÁSICO,Menor a 1 SMMLV,Localidad 2 - Virgen y Turistica,URBANO,ADULTEZ (29-59),Pobreza Extrema,CORVIVIENDA,Básica secundaria (6.o - 9.o),Mujer,Unión libre,Ama de Casa/Cuidador,Ninguno,15600000.0
SANEAMIENTO BÁSICO,Menor a 1 SMMLV,Localidad 2 - Virgen y Turistica,URBANO,ADULTEZ (29-59),Víctima Conflicto Armado,CORVIVIENDA,Básica secundaria (6.o - 9.o),Mujer,Soltero(a),Trabajador Independiente,Ninguno,15600000.0
SANEAMIENTO BÁSICO,Entre 1 y 2 SMMLV,Localidad 2 - Virgen y Turistica,URBANO,ADULTEZ (29-59),Ninguno,CORVIVIENDA,Básica secundaria (6.o - 9.o),Hombre,Unión libre,Trabajador Independiente,"Negro(a), mulato(a), afrodescendiente, afrocolombiano(a)",15600000.0
SANEAMIENTO BÁSICO,Menor a 1 SMMLV,Localidad 2 - Virgen y Turistica,URBANO,ADULTO MAYOR (60 o más),Pobreza Extrema,CORVIVIENDA,Básica primaria (1.o - 5.o),Mujer,Soltero(a),Ama de Casa/Cuidador,Ninguno,15600000.0
SANEAMIENTO BÁSICO,Menor a 1 SMMLV,Localidad 2 - Virgen y Turistica,URBANO,ADULTEZ (29-59),Pobreza Extrema,CORVIVIENDA,Media (10.o - 13.o),Hombre,Unión libre,Ama de Casa/Cuidador,Ninguno,15600000.0
SANEAMIENTO BÁSICO,Menor a 1 SMMLV,Localidad 2 - Virgen y Turistica,URBANO,ADULTEZ (29-59),Pobreza Extrema,CORVIVIENDA,Básica secundaria (6.o - 9.o),Mujer,Soltero(a),Trabajador Independiente,Ninguno,15600000.0
SANEAMIENTO BÁSICO,Menor a 1 SMMLV,Localidad 2 - Virgen y Turistica,URBANO,ADULTO MAYOR (60 o más),Ninguno,CORVIVIENDA,Media (10.o - 13.o),Mujer,Unión libre,Sin actividad,Ninguno,15600000.0
SANEAMIENTO BÁSICO,Menor a 1 SMMLV,Localidad 2 - Virgen y Turistica,URBANO,ADULTEZ (29-59),Pobreza Extrema,CORVIVIENDA,Media (10.o - 13.o),Mujer,Casado(a),Ama de Casa/Cuidador,Ninguno,15600000.0
SANEAMIENTO BÁSICO,Menor a 1 SMMLV,Localidad 2 - Virgen y Turistica,URBANO,ADULTO MAYOR (60 o más),Pobreza Extrema,CORVIVIENDA,Media (10.o - 13.o),Hombre,Unión libre,Trabajador Independiente,Ninguno,15600000.0
SANEAMIENTO BÁSICO,Menor a 1 SMMLV,Localidad 2 - Virgen y Turistica,URBANO,ADULTO MAYOR (60 o más),Ninguno,CORVIVIENDA,Básica primaria (1.o - 5.o),Mujer,Casado(a),Trabajador Independiente,Ninguno,15600000.0
SANEAMIENTO BÁSICO,Menor a 1 SMMLV,Localidad 2 - Virgen y Turistica,URBANO,ADULTEZ (29-59),Ninguno,CORVIVIENDA,Media (10.o - 13.o),Mujer,Unión libre,Sin actividad,Ninguno,15600000.0
SANEAMIENTO BÁSICO,Menor a 1 SMMLV,Localidad 2 - Virgen y Turistica,URBANO,ADULTEZ (29-59),Ninguno,CORVIVIENDA,Media (10.o - 13.o),Mujer,Soltero(a),Trabajador Independiente,"Negro(a), mulato(a), afrodescendiente, afrocolombiano(a)",15600000.0
SANEAMIENTO BÁSICO,Entre 1 y 2 SMMLV,Localidad 2 - Virgen y Turistica,URBANO,JUVENTUD (18-28),Ninguno,CORVIVIENDA,Universitario (1 - 6),Mujer,Soltero(a),Trabajador Independiente,Ninguno,15600000.0
SANEAMIENTO BÁSICO,Entre 1 y 2 SMMLV,Localidad 2 - Virgen y Turistica,URBANO,ADULTO MAYOR (60 o más),Ninguno,CORVIVIENDA,Ninguno,Mujer,Soltero(a),Sin actividad,Ninguno,15600000.0
SANEAMIENTO BÁSICO,Menor a 1 SMMLV,Localidad 2 - Virgen y Turistica,URBANO,ADULTO MAYOR (60 o más),Pobreza Extrema,CORVIVIENDA,Básica secundaria (6.o - 9.o),Hombre,Soltero(a),Desempleado,Ninguno,15600000.0
SANEAMIENTO BÁSICO,Menor a 1 SMMLV,Localidad 2 - Virgen y Turistica,URBANO,ADULTO MAYOR (60 o más),Pobreza Extrema,CORVIVIENDA,Ninguno,Mujer,Unión libre,Ama de Casa/Cuidador,Ninguno,15600000.0
SANEAMIENTO BÁSICO,Menor a 1 SMMLV,Localidad 2 - Virgen y Turistica,URBANO,ADULTEZ (29-59),Víctima Conflicto Armado,CORVIVIENDA,Ninguno,Mujer,Casado(a),Trabajador Independiente,"Negro(a), mulato(a), afrodescendiente, afrocolombiano(a)",15600000.0
SANEAMIENTO BÁSICO,Menor a 1 SMMLV,Localidad 2 - Virgen y Turistica,URBANO,ADULTEZ (29-59),Ninguno,CORVIVIENDA,Básica secundaria (6.o - 9.o),Mujer,Unión libre,Ama de Casa/Cuidador,"Negro(a), mulato(a), afrodescendiente, afrocolombiano(a)",15600000.0
SANEAMIENTO BÁSICO,Menor a 1 SMMLV,Localidad 2 - Virgen y Turistica,URBANO,ADULTEZ (29-59),Damnificados,CORVIVIENDA,Básica primaria (1.o - 5.o),Hombre,Unión libre,Desempleado,"Negro(a), mulato(a), afrodescendiente, afrocolombiano(a)",15600000.0
SANEAMIENTO BÁSICO,Entre 1 y 2 SMMLV,Localidad 2 - Virgen y Turistica,URBANO,ADULTEZ (29-59),Ninguno,CORVIVIENDA,Media (10.o - 13.o),Hombre,Unión libre,Empleado,"Negro(a), mulato(a), afrodescendiente, afrocolombiano(a)",15600000.0
SANEAMIENTO BÁSICO,Menor a 1 SMMLV,Localidad 2 - Virgen y Turistica,URBANO,ADULTO MAYOR (60 o más),Víctima Conflicto Armado,CORVIVIENDA,Ninguno,Mujer,Viudo(a),Trabajador Independiente,"Negro(a), mulato(a), afrodescendiente, afrocolombiano(a)",15600000.0
SANEAMIENTO BÁSICO,Menor a 1 SMMLV,Localidad 2 - Virgen y Turistica,URBANO,ADULTEZ (29-59),Pobreza Extrema,CORVIVIENDA,Básica primaria (1.o - 5.o),Mujer,Soltero(a),Trabajador Independiente,Ninguno,15600000.0
SANEAMIENTO BÁSICO,Entre 1 y 2 SMMLV,Localidad 2 - Virgen y Turistica,URBANO,JUVENTUD (18-28),Ninguno,CORVIVIENDA,Básica secundaria (6.o - 9.o),Mujer,Unión libre,Ama de Casa/Cuidador,"Negro(a), mulato(a), afrodescendiente, afrocolombiano(a)",15600000.0
SANEAMIENTO BÁSICO,Menor a 1 SMMLV,Localidad 2 - Virgen y Turistica,URBANO,ADULTO MAYOR (60 o más),Pobreza Extrema,CORVIVIENDA,Básica primaria (1.o - 5.o),Mujer,Soltero(a),Ama de Casa/Cuidador,Ninguno,15600000.0
SANEAMIENTO BÁSICO,Menor a 1 SMMLV,Localidad 2 - Virgen y Turistica,URBANO,ADULTEZ (29-59),Pobreza Extrema,CORVIVIENDA,Básica primaria (1.o - 5.o),Mujer,Soltero(a),Incapacitado permanentemente para trabajar,Ninguno,15600000.0
SANEAMIENTO BÁSICO,Menor a 1 SMMLV,Localidad 2 - Virgen y Turistica,URBANO,ADULTEZ (29-59),Pobreza Extrema,CORVIVIENDA,Básica secundaria (6.o - 9.o),Mujer,Soltero(a),Trabajador Independiente,"Negro(a), mulato(a), afrodescendiente, afrocolombiano(a)",15600000.0
SANEAMIENTO BÁSICO,Entre 1 y 2 SMMLV,Localidad 2 - Virgen y Turistica,URBANO,ADULTEZ (29-59),Víctima Conflicto Armado,CORVIVIENDA,Básica secundaria (6.o - 9.o),Mujer,Casado(a),Ama de Casa/Cuidador,"Negro(a), mulato(a), afrodescendiente, afrocolombiano(a)",15600000.0
SANEAMIENTO BÁSICO,Menor a 1 SMMLV,Localidad 2 - Virgen y Turistica,URBANO,ADULTEZ (29-59),Pobreza Extrema,CORVIVIENDA,Media (10.o - 13.o),Mujer,Unión libre,Ama de Casa/Cuidador,Ninguno,15600000.0
SANEAMIENTO BÁSICO,Menor a 1 SMMLV,Localidad 2 - Virgen y Turistica,URBANO,ADULTO MAYOR (60 o más),Pobreza Extrema,CORVIVIENDA,Básica secundaria (6.o - 9.o),Mujer,Soltero(a),Desempleado,Ninguno,15600000.0
SANEAMIENTO BÁSICO,Menor a 1 SMMLV,Localidad 2 - Virgen y Turistica,URBANO,ADULTEZ (29-59),Pobreza Extrema,CORVIVIENDA,Media (10.o - 13.o),Hombre,Unión libre,Ama de Casa/Cuidador,Ninguno,15600000.0
SANEAMIENTO BÁSICO,Menor a 1 SMMLV,Localidad 2 - Virgen y Turistica,URBANO,ADULTEZ (29-59),Pobreza Extrema,CORVIVIENDA,Básica secundaria (6.o - 9.o),Hombre,Soltero(a),Trabajador Independiente,Ninguno,15600000.0
SANEAMIENTO BÁSICO,Menor a 1 SMMLV,Localidad 2 - Virgen y Turistica,URBANO,ADULTO MAYOR (60 o más),Pobreza Extrema,CORVIVIENDA,Media (10.o - 13.o),Mujer,Casado(a),Ama de Casa/Cuidador,Ninguno,15600000.0
SANEAMIENTO BÁSICO,Entre 1 y 2 SMMLV,Localidad 2 - Virgen y Turistica,URBANO,ADULTO MAYOR (60 o más),Ninguno,CORVIVIENDA,Media (10.o - 13.o),Hombre,Unión libre,Trabajador Independiente,Ninguno,15600000.0
SANEAMIENTO BÁSICO,Menor a 1 SMMLV,Localidad 2 - Virgen y Turistica,URBANO,ADULTEZ (29-59),Damnificados,CORVIVIENDA,Básica secundaria (6.o - 9.o),Mujer,Soltero(a),Ama de Casa/Cuidador,"Negro(a), mulato(a), afrodescendiente, afrocolombiano(a)",15600000.0
SANEAMIENTO BÁSICO,Menor a 1 SMMLV,Localidad 2 - Virgen y Turistica,URBANO,ADULTO MAYOR (60 o más),Víctima Conflicto Armado,CORVIVIENDA,Ninguno,Mujer,Soltero(a),Trabajador Independiente,"Negro(a), mulato(a), afrodescendiente, afrocolombiano(a)",15600000.0
SANEAMIENTO BÁSICO,Menor a 1 SMMLV,Localidad 2 - Virgen y Turistica,URBANO,ADULTEZ (29-59),Pobreza Extrema,CORVIVIENDA,Básica primaria (1.o - 5.o),Hombre,Soltero(a),Desempleado,Ninguno,15600000.0
SANEAMIENTO BÁSICO,Menor a 1 SMMLV,Localidad 2 - Virgen y Turistica,URBANO,ADULTEZ (29-59),Pobreza Extrema,CORVIVIENDA,Media (10.o - 13.o),Hombre,Unión libre,Trabajador Independiente,Ninguno,15600000.0
SANEAMIENTO BÁSICO,Menor a 1 SMMLV,Localidad 2 - Virgen y Turistica,URBANO,ADULTEZ (29-59),Pobreza Extrema,CORVIVIENDA,Básica primaria (1.o - 5.o),Mujer,Soltero(a),Ama de Casa/Cuidador,Ninguno,15600000.0
SANEAMIENTO BÁSICO,Menor a 1 SMMLV,Localidad 2 - Virgen y Turistica,URBANO,JUVENTUD (18-28),Pobreza Extrema,CORVIVIENDA,Básica secundaria (6.o - 9.o),Mujer,Soltero(a),Trabajador Independiente,Ninguno,15600000.0
SANEAMIENTO BÁSICO,Menor a 1 SMMLV,Localidad 2 - Virgen y Turistica,URBANO,ADULTEZ (29-59),Ninguno,CORVIVIENDA,Básica secundaria (6.o - 9.o),Mujer,Soltero(a),Ama de Casa/Cuidador,"Negro(a), mulato(a), afrodescendiente, afrocolombiano(a)",15600000.0
SANEAMIENTO BÁSICO,Menor a 1 SMMLV,Localidad 2 - Virgen y Turistica,URBANO,ADULTEZ (29-59),Pobreza Extrema,CORVIVIENDA,Básica primaria (1.o - 5.o),Mujer,Unión libre,Ama de Casa/Cuidador,Ninguno,15600000.0
SANEAMIENTO BÁSICO,Menor a 1 SMMLV,Localidad 2 - Virgen y Turistica,URBANO,ADULTEZ (29-59),Víctima Conflicto Armado,CORVIVIENDA,Básica primaria (1.o - 5.o),Mujer,Separado(a) o divorciado(a),Trabajador Independiente,"Negro(a), mulato(a), afrodescendiente, afrocolombiano(a)",15600000.0
SANEAMIENTO BÁSICO,Menor a 1 SMMLV,Localidad 2 - Virgen y Turistica,URBANO,ADULTEZ (29-59),Ninguno,CORVIVIENDA,Básica primaria (1.o - 5.o),Mujer,Soltero(a),Ama de Casa/Cuidador,"Negro(a), mulato(a), afrodescendiente, afrocolombiano(a)",15600000.0
SANEAMIENTO BÁSICO,Menor a 1 SMMLV,Localidad 2 - Virgen y Turistica,URBANO,ADULTO MAYOR (60 o más),Pobreza Extrema,CORVIVIENDA,Básica primaria (1.o - 5.o),Hombre,Casado(a),Ama de Casa/Cuidador,Ninguno,15600000.0
SANEAMIENTO BÁSICO,Menor a 1 SMMLV,Localidad 2 - Virgen y Turistica,URBANO,ADULTEZ (29-59),Pobreza Extrema,CORVIVIENDA,Media (10.o - 13.o),Mujer,Casado(a),Ama de Casa/Cuidador,Ninguno,15600000.0
SANEAMIENTO BÁSICO,Menor a 1 SMMLV,Localidad 2 - Virgen y Turistica,URBANO,ADULTEZ (29-59),Ninguno,CORVIVIENDA,Media (10.o - 13.o),Mujer,Unión libre,Empleado,Ninguno,15600000.0
SANEAMIENTO BÁSICO,Menor a 1 SMMLV,Localidad 2 - Virgen y Turistica,URBANO,ADULTO MAYOR (60 o más),Pobreza Extrema,CORVIVIENDA,Técnico o tecnológico (1 - 4),Hombre,Unión libre,Ama de Casa/Cuidador,Ninguno,15600000.0
SANEAMIENTO BÁSICO,Menor a 1 SMMLV,Localidad 2 - Virgen y Turistica,URBANO,ADULTEZ (29-59),Pobreza Extrema,CORVIVIENDA,Básica primaria (1.o - 5.o),Hombre,Soltero(a),Trabajador Independiente,Ninguno,15600000.0
SANEAMIENTO BÁSICO,Menor a 1 SMMLV,Localidad 2 - Virgen y Turistica,URBANO,ADULTO MAYOR (60 o más),Pobreza Extrema,CORVIVIENDA,Media (10.o - 13.o),Hombre,Soltero(a),Trabajador Independiente,Ninguno,15600000.0
SANEAMIENTO BÁSICO,Menor a 1 SMMLV,Localidad 2 - Virgen y Turistica,URBANO,ADULTO MAYOR (60 o más),Pobreza Extrema,CORVIVIENDA,Media (10.o - 13.o),Mujer,Unión libre,Ama de Casa/Cuidador,Ninguno,15600000.0
SANEAMIENTO BÁSICO,Menor a 1 SMMLV,Localidad 2 - Virgen y Turistica,URBANO,ADULTEZ (29-59),Ninguno,CORVIVIENDA,Media (10.o - 13.o),Mujer,Soltero(a),Ama de Casa/Cuidador,Ninguno,15600000.0
SANEAMIENTO BÁSICO,Menor a 1 SMMLV,Localidad 2 - Virgen y Turistica,URBANO,ADULTEZ (29-59),Pobreza Extrema,CORVIVIENDA,Ninguno,Mujer,Unión libre,Ama de Casa/Cuidador,Ninguno,15600000.0
SANEAMIENTO BÁSICO,Menor a 1 SMMLV,Localidad 2 - Virgen y Turistica,URBANO,ADULTEZ (29-59),Víctima Conflicto Armado,CORVIVIENDA,Básica primaria (1.o - 5.o),Mujer,Separado(a) o divorciado(a),Ama de Casa/Cuidador,"Negro(a), mulato(a), afrodescendiente, afrocolombiano(a)",15600000.0
SANEAMIENTO BÁSICO,Menor a 1 SMMLV,Localidad 2 - Virgen y Turistica,URBANO,ADULTEZ (29-59),Ninguno,CORVIVIENDA,Básica primaria (1.o - 5.o),Mujer,Casado(a),Ama de Casa/Cuidador,Ninguno,15600000.0
SANEAMIENTO BÁSICO,Menor a 1 SMMLV,Localidad 2 - Virgen y Turistica,URBANO,ADULTEZ (29-59),Ninguno,CORVIVIENDA,Ninguno,Mujer,Unión libre,Ama de Casa/Cuidador,"Negro(a), mulato(a), afrodescendiente, afrocolombiano(a)",15600000.0
SANEAMIENTO BÁSICO,Menor a 1 SMMLV,Localidad 2 - Virgen y Turistica,URBANO,ADULTEZ (29-59),Pobreza Extrema,CORVIVIENDA,Básica primaria (1.o - 5.o),Mujer,Unión libre,Ama de Casa/Cuidador,Ninguno,15600000.0
SANEAMIENTO BÁSICO,Menor a 1 SMMLV,Localidad 2 - Virgen y Turistica,URBANO,ADULTO MAYOR (60 o más),Pobreza Extrema,CORVIVIENDA,Media (10.o - 13.o),Hombre,Unión libre,Trabajador Independiente,Ninguno,15600000.0
SANEAMIENTO BÁSICO,No tiene,Localidad 2 - Virgen y Turistica,URBANO,ADULTO MAYOR (60 o más),Pobreza Extrema,CORVIVIENDA,Básica secundaria (6.o - 9.o),Hombre,Unión libre,Ama de Casa/Cuidador,Ninguno,15600000.0
SANEAMIENTO BÁSICO,Menor a 1 SMMLV,Localidad 2 - Virgen y Turistica,URBANO,ADULTEZ (29-59),Pobreza Extrema,CORVIVIENDA,Básica secundaria (6.o - 9.o),Mujer,Unión libre,Ama de Casa/Cuidador,Ninguno,15600000.0
SANEAMIENTO BÁSICO,Menor a 1 SMMLV,Localidad 2 - Virgen y Turistica,URBANO,ADULTEZ (29-59),Pobreza Extrema,CORVIVIENDA,Básica secundaria (6.o - 9.o),Mujer,Soltero(a),Trabajador Independiente,Ninguno,15600000.0
SANEAMIENTO BÁSICO,Menor a 1 SMMLV,Localidad 2 - Virgen y Turistica,URBANO,ADULTO MAYOR (60 o más),Ninguno,CORVIVIENDA,Básica primaria (1.o - 5.o),Mujer,Soltero(a),Ama de Casa/Cuidador,Ninguno,15600000.0
SANEAMIENTO BÁSICO,Menor a 1 SMMLV,Localidad 2 - Virgen y Turistica,URBANO,ADULTEZ (29-59),Pobreza Extrema,CORVIVIENDA,Básica secundaria (6.o - 9.o),Hombre,Soltero(a),Trabajador Independiente,Ninguno,15600000.0
SANEAMIENTO BÁSICO,Menor a 1 SMMLV,Localidad 2 - Virgen y Turistica,URBANO,ADULTO MAYOR (60 o más),Ninguno,CORVIVIENDA,Básica secundaria (6.o - 9.o),Hombre,Soltero(a),Desempleado,Ninguno,15600000.0
SANEAMIENTO BÁSICO,No tiene,Localidad 2 - Virgen y Turistica,URBANO,ADULTO MAYOR (60 o más),Ninguno,CORVIVIENDA,Básica primaria (1.o - 5.o),Mujer,Soltero(a),Ama de Casa/Cuidador,Ninguno,15600000.0
SANEAMIENTO BÁSICO,Menor a 1 SMMLV,Localidad 2 - Virgen y Turistica,URBANO,ADULTO MAYOR (60 o más),Pobreza Extrema,CORVIVIENDA,Básica primaria (1.o - 5.o),Mujer,Soltero(a),Ama de Casa/Cuidador,Ninguno,15600000.0
SANEAMIENTO BÁSICO,No tiene,Localidad 2 - Virgen y Turistica,URBANO,ADULTEZ (29-59),Pobreza Extrema,CORVIVIENDA,Básica secundaria (6.o - 9.o),Hombre,Soltero(a),Desempleado,Ninguno,15600000.0
SANEAMIENTO BÁSICO,Menor a 1 SMMLV,Localidad 2 - Virgen y Turistica,URBANO,ADULTEZ (29-59),Ninguno,CORVIVIENDA,Básica primaria (1.o - 5.o),Mujer,Soltero(a),Ama de Casa/Cuidador,Ninguno,15600000.0
SANEAMIENTO BÁSICO,Menor a 1 SMMLV,Localidad 2 - Virgen y Turistica,URBANO,ADULTEZ (29-59),Pobreza Extrema,CORVIVIENDA,Básica primaria (1.o - 5.o),Hombre,Casado(a),Desempleado,Ninguno,15600000.0
SANEAMIENTO BÁSICO,Menor a 1 SMMLV,Localidad 2 - Virgen y Turistica,URBANO,ADULTO MAYOR (60 o más),Pobreza Extrema,CORVIVIENDA,Ninguno,Hombre,Soltero(a),Desempleado,Ninguno,15600000.0
SANEAMIENTO BÁSICO,Menor a 1 SMMLV,Localidad 2 - Virgen y Turistica,URBANO,ADULTEZ (29-59),Ninguno,CORVIVIENDA,Básica primaria (1.o - 5.o),Mujer,Separado(a) o divorciado(a),Ama de Casa/Cuidador,Ninguno,15600000.0
SANEAMIENTO BÁSICO,Menor a 1 SMMLV,Localidad 2 - Virgen y Turistica,URBANO,ADULTO MAYOR (60 o más),Ninguno,CORVIVIENDA,Media (10.o - 13.o),Mujer,Soltero(a),Ama de Casa/Cuidador,Ninguno,15600000.0
SANEAMIENTO BÁSICO,No tiene,Localidad 2 - Virgen y Turistica,URBANO,ADULTEZ (29-59),Ninguno,CORVIVIENDA,Básica secundaria (6.o - 9.o),Mujer,Soltero(a),Ama de Casa/Cuidador,Ninguno,15600000.0
SANEAMIENTO BÁSICO,No tiene,Localidad 2 - Virgen y Turistica,URBANO,ADULTEZ (29-59),Ninguno,CORVIVIENDA,Media (10.o - 13.o),Mujer,Soltero(a),Ama de Casa/Cuidador,Ninguno,15600000.0
SANEAMIENTO BÁSICO,No tiene,Localidad 2 - Virgen y Turistica,URBANO,ADULTEZ (29-59),Ninguno,CORVIVIENDA,Básica primaria (1.o - 5.o),Mujer,Separado(a) o divorciado(a),Ama de Casa/Cuidador,Ninguno,15600000.0
SANEAMIENTO BÁSICO,Menor a 1 SMMLV,Localidad 2 - Virgen y Turistica,URBANO,ADULTO MAYOR (60 o más),Ninguno,CORVIVIENDA,Básica primaria (1.o - 5.o),Hombre,Soltero(a),Desempleado,Ninguno,15600000.0
SANEAMIENTO BÁSICO,Menor a 1 SMMLV,Localidad 2 - Virgen y Turistica,URBANO,ADULTEZ (29-59),Ninguno,CORVIVIENDA,Media (10.o - 13.o),Mujer,Soltero(a),Ama de Casa/Cuidador,Ninguno,15600000.0
SANEAMIENTO BÁSICO,No tiene,Localidad 2 - Virgen y Turistica,URBANO,ADULTEZ (29-59),Ninguno,CORVIVIENDA,Básica secundaria (6.o - 9.o),Mujer,Separado(a) o divorciado(a),Ama de Casa/Cuidador,Ninguno,15600000.0
SANEAMIENTO BÁSICO,Menor a 1 SMMLV,Localidad 2 - Virgen y Turistica,URBANO,ADULTEZ (29-59),Ninguno,CORVIVIENDA,Básica secundaria (6.o - 9.o),Hombre,Separado(a) o divorciado(a),Trabajador Independiente,Ninguno,15600000.0
SANEAMIENTO BÁSICO,No tiene,Localidad 2 - Virgen y Turistica,URBANO,ADULTEZ (29-59),Ninguno,CORVIVIENDA,Básica primaria (1.o - 5.o),Mujer,Soltero(a),Ama de Casa/Cuidador,Ninguno,15600000.0
SANEAMIENTO BÁSICO,Menor a 1 SMMLV,Localidad 2 - Virgen y Turistica,URBANO,ADULTO MAYOR (60 o más),Ninguno,CORVIVIENDA,Básica primaria (1.o - 5.o),Hombre,Separado(a) o divorciado(a),Desempleado,Ninguno,15600000.0
SANEAMIENTO BÁSICO,Menor a 1 SMMLV,Localidad 2 - Virgen y Turistica,URBANO,ADULTO MAYOR (60 o más),Ninguno,CORVIVIENDA,Básica secundaria (6.o - 9.o),Mujer,Soltero(a),Trabajador Independiente,Ninguno,15600000.0
SANEAMIENTO BÁSICO,No tiene,Localidad 2 - Virgen y Turistica,URBANO,ADULTEZ (29-59),Ninguno,CORVIVIENDA,Media (10.o - 13.o),Mujer,Separado(a) o divorciado(a),Ama de Casa/Cuidador,Ninguno,15600000.0
SANEAMIENTO BÁSICO,Menor a 1 SMMLV,Localidad 2 - Virgen y Turistica,URBANO,ADULTEZ (29-59),Ninguno,CORVIVIENDA,Básica primaria (1.o - 5.o),Mujer,Separado(a) o divorciado(a),Trabajador Independiente,Ninguno,15600000.0
SANEAMIENTO BÁSICO,Menor a 1 SMMLV,Localidad 2 - Virgen y Turistica,URBANO,ADULTEZ (29-59),Pobreza Extrema,CORVIVIENDA,Básica primaria (1.o - 5.o),Mujer,Soltero(a),Ama de Casa/Cuidador,Ninguno,15600000.0
SANEAMIENTO BÁSICO,Menor a 1 SMMLV,Localidad 2 - Virgen y Turistica,URBANO,ADULTEZ (29-59),Ninguno,CORVIVIENDA,Básica secundaria (6.o - 9.o),Mujer,Soltero(a),Ama de Casa/Cuidador,Ninguno,15600000.0
SANEAMIENTO BÁSICO,Menor a 1 SMMLV,Localidad 2 - Virgen y Turistica,URBANO,ADULTEZ (29-59),Ninguno,CORVIVIENDA,Básica secundaria (6.o - 9.o),Mujer,Separado(a) o divorciado(a),Ama de Casa/Cuidador,Ninguno,15600000.0
SANEAMIENTO BÁSICO,Menor a 1 SMMLV,Localidad 2 - Virgen y Turistica,URBANO,ADULTO MAYOR (60 o más),Ninguno,CORVIVIENDA,Media (10.o - 13.o),Mujer,Soltero(a),Trabajador Independiente,Ninguno,15600000.0
SANEAMIENTO BÁSICO,Menor a 1 SMMLV,Localidad 2 - Virgen y Turistica,URBANO,ADULTEZ (29-59),Pobreza Extrema,CORVIVIENDA,Básica primaria (1.o - 5.o),Mujer,Soltero(a),Trabajador Independiente,Ninguno,15600000.0
SANEAMIENTO BÁSICO,Menor a 1 SMMLV,Localidad 2 - Virgen y Turistica,URBANO,ADULTEZ (29-59),Ninguno,CORVIVIENDA,Básica secundaria (6.o - 9.o),Hombre,Separado(a) o divorciado(a),Desempleado,Ninguno,15600000.0
SANEAMIENTO BÁSICO,Menor a 1 SMMLV,Localidad 2 - Virgen y Turistica,URBANO,ADULTEZ (29-59),Ninguno,CORVIVIENDA,Básica primaria (1.o - 5.o),Mujer,Soltero(a),Trabajador Independiente,Ninguno,15600000.0
SANEAMIENTO BÁSICO,Entre 1 y 2 SMMLV,Localidad 2 - Virgen y Turistica,URBANO,ADULTEZ (29-59),Ninguno,CORVIVIENDA,Media (10.o - 13.o),Hombre,Separado(a) o divorciado(a),Empleado,Ninguno,15600000.0
SANEAMIENTO BÁSICO,Entre 1 y 2 SMMLV,Localidad 2 - Virgen y Turistica,URBANO,ADULTEZ (29-59),Ninguno,CORVIVIENDA,Media (10.o - 13.o),Mujer,Soltero(a),Empleado,Ninguno,15600000.0
SANEAMIENTO BÁSICO,Menor a 1 SMMLV,Localidad 2 - Virgen y Turistica,URBANO,ADULTO MAYOR (60 o más),Ninguno,CORVIVIENDA,Básica primaria (1.o - 5.o),Hombre,Soltero(a),Trabajador Independiente,Ninguno,15600000.0
SANEAMIENTO BÁSICO,Entre 1 y 2 SMMLV,Localidad 2 - Virgen y Turistica,URBANO,ADULTEZ (29-59),Ninguno,CORVIVIENDA,Técnico o tecnológico (1 - 4),Mujer,Soltero(a),Empleado,Ninguno,15600000.0
LOCATIVO,Menor a 1 SMMLV,Localidad 3 - Industrial y de la Bahía,RURAL,ADULTEZ (29-59),Víctima Conflicto Armado,CORVIVIENDA,Básica secundaria (6.o - 9.o),Mujer,Unión libre,Ama de Casa/Cuidador,Indígena,38276000.0
LOCATIVO,Menor a 1 SMMLV,Localidad 3 - Industrial y de la Bahía,RURAL,ADULTEZ (29-59),Ninguno,CORVIVIENDA,Media (10.o - 13.o),Hombre,Unión libre,Trabajador Independiente,"Negro(a), mulato(a), afrodescendiente, afrocolombiano(a)",38276000.0
LOCATIVO,Menor a 1 SMMLV,Localidad 3 - Industrial y de la Bahía,RURAL,ADULTO MAYOR (60 o más),Pobreza Extrema,CORVIVIENDA,Básica primaria (1.o - 5.o),Mujer,Soltero(a),Trabajador Independiente,Ninguno,38276000.0
LOCATIVO,Entre 1 y 2 SMMLV,Localidad 3 - Industrial y de la Bahía,RURAL,ADULTEZ (29-59),Víctima Conflicto Armado,CORVIVIENDA,Básica secundaria (6.o - 9.o),Mujer,Unión libre,Trabajador Independiente,Indígena,38276000.0
LOCATIVO,Menor a 1 SMMLV,Localidad 3 - Industrial y de la Bahía,RURAL,ADULTO MAYOR (60 o más),Ninguno,CORVIVIENDA,Básica primaria (1.o - 5.o),Mujer,Separado(a) o divorciado(a),Ama de Casa/Cuidador,Ninguno,38276000.0
LOCATIVO,Entre 1 y 2 SMMLV,Localidad 3 - Industrial y de la Bahía,RURAL,ADULTEZ (29-59),Ninguno,CORVIVIENDA,Ninguno,Mujer,Unión libre,Empleado,Ninguno,38276000.0
LOCATIVO,Menor a 1 SMMLV,Localidad 3 - Industrial y de la Bahía,RURAL,ADULTO MAYOR (60 o más),Pobreza Extrema,CORVIVIENDA,Básica primaria (1.o - 5.o),Mujer,Unión libre,Ama de Casa/Cuidador,Ninguno,38276000.0
LOCATIVO,Menor a 1 SMMLV,Localidad 3 - Industrial y de la Bahía,RURAL,ADULTEZ (29-59),Ninguno,CORVIVIENDA,Básica secundaria (6.o - 9.o),Mujer,Soltero(a),Trabajador Independiente,Ninguno,38276000.0
LOCATIVO,No tiene,Localidad 3 - Industrial y de la Bahía,RURAL,ADULTO MAYOR (60 o más),Ninguno,CORVIVIENDA,Básica primaria (1.o - 5.o),Mujer,Soltero(a),Ama de Casa/Cuidador,Ninguno,38276000.0
LOCATIVO,Entre 1 y 2 SMMLV,Localidad 3 - Industrial y de la Bahía,RURAL,ADULTEZ (29-59),Ninguno,CORVIVIENDA,Media (10.o - 13.o),Mujer,Casado(a),Ama de Casa/Cuidador,"Negro(a), mulato(a), afrodescendiente, afrocolombiano(a)",38276000.0
LOCATIVO,Menor a 1 SMMLV,Localidad 3 - Industrial y de la Bahía,RURAL,ADULTEZ (29-59),Víctima Conflicto Armado,CORVIVIENDA,Básica primaria (1.o - 5.o),Mujer,Casado(a),Ama de Casa/Cuidador,Indígena,38276000.0
LOCATIVO,Menor a 1 SMMLV,Localidad 3 - Industrial y de la Bahía,RURAL,ADULTEZ (29-59),Pobreza Extrema,CORVIVIENDA,Técnico o tecnológico (1 - 4),Mujer,Unión libre,Trabajador Independiente,"Negro(a), mulato(a), afrodescendiente, afrocolombiano(a)",38276000.0
LOCATIVO,Menor a 1 SMMLV,Localidad 3 - Industrial y de la Bahía,RURAL,ADULTO MAYOR (60 o más),Pobreza Extrema,CORVIVIENDA,Ninguno,Hombre,Soltero(a),Incapacitado permanentemente para trabajar,Ninguno,38276000.0
LOCATIVO,Menor a 1 SMMLV,Localidad 3 - Industrial y de la Bahía,RURAL,ADULTEZ (29-59),Ninguno,CORVIVIENDA,Básica secundaria (6.o - 9.o),Mujer,Soltero(a),Ama de Casa/Cuidador,Ninguno,38276000.0
LOCATIVO,Entre 1 y 2 SMMLV,Localidad 3 - Industrial y de la Bahía,RURAL,ADULTEZ (29-59),Ninguno,CORVIVIENDA,Media (10.o - 13.o),Mujer,Separado(a) o divorciado(a),Empleado,Ninguno,38276000.0
LOCATIVO,Menor a 1 SMMLV,Localidad 3 - Industrial y de la Bahía,RURAL,ADULTO MAYOR (60 o más),Pobreza Extrema,CORVIVIENDA,Media (10.o - 13.o),Mujer,Soltero(a),Ama de Casa/Cuidador,Ninguno,38276000.0
LOCATIVO,Menor a 1 SMMLV,Localidad 3 - Industrial y de la Bahía,RURAL,ADULTEZ (29-59),Ninguno,CORVIVIENDA,Media (10.o - 13.o),Mujer,Separado(a) o divorciado(a),Trabajador Independiente,Ninguno,38276000.0
LOCATIVO,Entre 1 y 2 SMMLV,Localidad 3 - Industrial y de la Bahía,RURAL,ADULTEZ (29-59),Ninguno,CORVIVIENDA,Media (10.o - 13.o),Hombre,Unión libre,Empleado,Ninguno,38276000.0
LOCATIVO,Menor a 1 SMMLV,Localidad 3 - Industrial y de la Bahía,RURAL,ADULTEZ (29-59),Ninguno,CORVIVIENDA,Técnico o tecnológico (1 - 4),Mujer,Soltero(a),Trabajador Independiente,Ninguno,38276000.0
LOCATIVO,No tiene,Localidad 3 - Industrial y de la Bahía,RURAL,ADULTEZ (29-59),Ninguno,CORVIVIENDA,Básica secundaria (6.o - 9.o),Mujer,Separado(a) o divorciado(a),Ama de Casa/Cuidador,Ninguno,38276000.0
SANEAMIENTO BÁSICO,Entre 1 y 2 SMMLV,Localidad 3 - Industrial y de la Bahía,RURAL,ADULTEZ (29-59),Ninguno,CORVIVIENDA,Básica primaria (1.o - 5.o),Mujer,Unión libre,Ama de Casa/Cuidador,Ninguno,11150000.0
SANEAMIENTO BÁSICO,No tiene,Localidad 3 - Industrial y de la Bahía,RURAL,ADULTEZ (29-59),Pobreza Extrema,CORVIVIENDA,Básica secundaria (6.o - 9.o),Mujer,Soltero(a),Desempleado,Ninguno,11150000.0
SANEAMIENTO BÁSICO,Menor a 1 SMMLV,Localidad 3 - Industrial y de la Bahía,RURAL,ADULTO MAYOR (60 o más),Ninguno,CORVIVIENDA,Básica secundaria (6.o - 9.o),Hombre,Separado(a) o divorciado(a),Trabajador Independiente,Ninguno,11150000.0
SANEAMIENTO BÁSICO,Menor a 1 SMMLV,Localidad 3 - Industrial y de la Bahía,RURAL,ADULTEZ (29-59),Pobreza Extrema,CORVIVIENDA,Básica primaria (1.o - 5.o),Mujer,Soltero(a),Ama de Casa/Cuidador,Ninguno,11150000.0
SANEAMIENTO BÁSICO,Menor a 1 SMMLV,Localidad 3 - Industrial y de la Bahía,RURAL,ADULTEZ (29-59),Pobreza Extrema,CORVIVIENDA,Básica secundaria (6.o - 9.o),Mujer,Soltero(a),Ama de Casa/Cuidador,Ninguno,11150000.0
SANEAMIENTO BÁSICO,Entre 1 y 2 SMMLV,Localidad 3 - Industrial y de la Bahía,RURAL,ADULTEZ (29-59),Ninguno,CORVIVIENDA,Básica secundaria (6.o - 9.o),Mujer,Unión libre,Ama de Casa/Cuidador,"Negro(a), mulato(a), afrodescendiente, afrocolombiano(a)",11150000.0
SANEAMIENTO BÁSICO,Entre 1 y 2 SMMLV,Localidad 3 - Industrial y de la Bahía,RURAL,ADULTEZ (29-59),Ninguno,CORVIVIENDA,Media (10.o - 13.o),Hombre,Soltero(a),Empleado,Ninguno,11150000.0
SANEAMIENTO BÁSICO,Menor a 1 SMMLV,Localidad 1 - Historica y del Caribe Norte,RURAL,ADULTEZ (29-59),Pobreza Extrema,CORVIVIENDA,Básica primaria (1.o - 5.o),Hombre,Casado(a),Desempleado,"Negro(a), mulato(a), afrodescendiente, afrocolombiano(a)",11150000.0
SANEAMIENTO BÁSICO,Menor a 1 SMMLV,Localidad 3 - Industrial y de la Bahía,RURAL,ADULTEZ (29-59),Pobreza Extrema,CORVIVIENDA,Básica primaria (1.o - 5.o),Hombre,Unión libre,Trabajador Independiente,Ninguno,11150000.0
SANEAMIENTO BÁSICO,Menor a 1 SMMLV,Localidad 3 - Industrial y de la Bahía,RURAL,ADULTEZ (29-59),Ninguno,CORVIVIENDA,Básica primaria (1.o - 5.o),Mujer,Soltero(a),Trabajador Independiente,Ninguno,11150000.0
SANEAMIENTO BÁSICO,Menor a 1 SMMLV,Localidad 1 - Historica y del Caribe Norte,RURAL,ADULTEZ (29-59),Pobreza Extrema,CORVIVIENDA,Básica primaria (1.o - 5.o),Hombre,Soltero(a),Trabajador Independiente,Ninguno,10000000.0
SANEAMIENTO BÁSICO,Menor a 1 SMMLV,Localidad 1 - Historica y del Caribe Norte,RURAL,ADULTEZ (29-59),Pobreza Extrema,CORVIVIENDA,Básica primaria (1.o - 5.o),Mujer,Soltero(a),Desempleado,Ninguno,10000000.0
SANEAMIENTO BÁSICO,Menor a 1 SMMLV,Localidad 1 - Historica y del Caribe Norte,RURAL,ADULTEZ (29-59),Víctima Conflicto Armado,CORVIVIENDA,Básica primaria (1.o - 5.o),Mujer,Unión libre,Trabajador Independiente,"Negro(a), mulato(a), afrodescendiente, afrocolombiano(a)",10000000.0
SANEAMIENTO BÁSICO,Menor a 1 SMMLV,Localidad 1 - Historica y del Caribe Norte,RURAL,ADULTEZ (29-59),Pobreza Extrema,CORVIVIENDA,Básica secundaria (6.o - 9.o),Mujer,Soltero(a),Trabajador Independiente,Ninguno,10000000.0
SANEAMIENTO BÁSICO,Menor a 1 SMMLV,Localidad 1 - Historica y del Caribe Norte,RURAL,ADULTEZ (29-59),Pobreza Extrema,CORVIVIENDA,Básica secundaria (6.o - 9.o),Hombre,Soltero(a),Trabajador Independiente,Ninguno,10000000.0
SANEAMIENTO BÁSICO,Menor a 1 SMMLV,Localidad 1 - Historica y del Caribe Norte,RURAL,ADULTO MAYOR (60 o más),Pobreza Extrema,CORVIVIENDA,Básica primaria (1.o - 5.o),Hombre,Soltero(a),Desempleado,Ninguno,10000000.0
SANEAMIENTO BÁSICO,Menor a 1 SMMLV,Localidad 1 - Historica y del Caribe Norte,RURAL,ADULTO MAYOR (60 o más),Pobreza Extrema,CORVIVIENDA,Básica primaria (1.o - 5.o),Mujer,Soltero(a),Ama de Casa/Cuidador,Ninguno,10000000.0
SANEAMIENTO BÁSICO,Menor a 1 SMMLV,Localidad 1 - Historica y del Caribe Norte,RURAL,ADULTEZ (29-59),Pobreza Extrema,CORVIVIENDA,Básica primaria (1.o - 5.o),Hombre,Unión libre,Trabajador Independiente,Ninguno,10000000.0
SANEAMIENTO BÁSICO,Menor a 1 SMMLV,Localidad 1 - Historica y del Caribe Norte,RURAL,ADULTEZ (29-59),Pobreza Extrema,CORVIVIENDA,Básica primaria (1.o - 5.o),Mujer,Soltero(a),Ama de Casa/Cuidador,Ninguno,10000000.0
SANEAMIENTO BÁSICO,Menor a 1 SMMLV,Localidad 1 - Historica y del Caribe Norte,RURAL,JUVENTUD (18-28),Pobreza Extrema,CORVIVIENDA,Media (10.o - 13.o),Mujer,Unión libre,Ama de Casa/Cuidador,Ninguno,10000000.0
SANEAMIENTO BÁSICO,Menor a 1 SMMLV,Localidad 1 - Historica y del Caribe Norte,RURAL,ADULTO MAYOR (60 o más),Pobreza Extrema,CORVIVIENDA,Ninguno,Hombre,Soltero(a),Desempleado,Ninguno,10000000.0
SANEAMIENTO BÁSICO,Menor a 1 SMMLV,Localidad 1 - Historica y del Caribe Norte,RURAL,ADULTEZ (29-59),Pobreza Extrema,CORVIVIENDA,Básica primaria (1.o - 5.o),Hombre,Unión libre,Trabajador Independiente,Ninguno,10000000.0
SANEAMIENTO BÁSICO,Menor a 1 SMMLV,Localidad 1 - Historica y del Caribe Norte,RURAL,ADULTEZ (29-59),Víctima Conflicto Armado,CORVIVIENDA,Básica secundaria (6.o - 9.o),Mujer,Casado(a),Ama de Casa/Cuidador,"Negro(a), mulato(a), afrodescendiente, afrocolombiano(a)",10000000.0
SANEAMIENTO BÁSICO,Menor a 1 SMMLV,Localidad 1 - Historica y del Caribe Norte,RURAL,ADULTEZ (29-59),Ninguno,CORVIVIENDA,Básica secundaria (6.o - 9.o),Hombre,Unión libre,Sin actividad,"Negro(a), mulato(a), afrodescendiente, afrocolombiano(a)",10000000.0
SANEAMIENTO BÁSICO,No tiene,Localidad 1 - Historica y del Caribe Norte,RURAL,ADULTEZ (29-59),Ninguno,CORVIVIENDA,Básica primaria (1.o - 5.o),Mujer,Unión libre,Sin actividad,"Negro(a), mulato(a), afrodescendiente, afrocolombiano(a)",10000000.0
SANEAMIENTO BÁSICO,Menor a 1 SMMLV,Localidad 1 - Historica y del Caribe Norte,RURAL,ADULTO MAYOR (60 o más),Ninguno,CORVIVIENDA,Ninguno,Mujer,Unión libre,Ama de Casa/Cuidador,Ninguno,10000000.0
SANEAMIENTO BÁSICO,No tiene,Localidad 1 - Historica y del Caribe Norte,RURAL,ADULTEZ (29-59),Ninguno,CORVIVIENDA,Básica secundaria (6.o - 9.o),Mujer,Unión libre,Ama de Casa/Cuidador,"Negro(a), mulato(a), afrodescendiente, afrocolombiano(a)",10000000.0
SANEAMIENTO BÁSICO,No tiene,Localidad 1 - Historica y del Caribe Norte,RURAL,ADULTO MAYOR (60 o más),Ninguno,CORVIVIENDA,Ninguno,Mujer,Unión libre,Ama de Casa/Cuidador,"Negro(a), mulato(a), afrodescendiente, afrocolombiano(a)",10000000.0
SANEAMIENTO BÁSICO,Menor a 1 SMMLV,Localidad 1 - Historica y del Caribe Norte,RURAL,ADULTO MAYOR (60 o más),Pobreza Extrema,CORVIVIENDA,Ninguno,Mujer,Soltero(a),Ama de Casa/Cuidador,Ninguno,10000000.0
SANEAMIENTO BÁSICO,Menor a 1 SMMLV,Localidad 1 - Historica y del Caribe Norte,RURAL,ADULTO MAYOR (60 o más),Pobreza Extrema,CORVIVIENDA,Básica primaria (1.o - 5.o),Mujer,Soltero(a),Ama de Casa/Cuidador,"Negro(a), mulato(a), afrodescendiente, afrocolombiano(a)",10000000.0
SANEAMIENTO BÁSICO,No tiene,Localidad 1 - Historica y del Caribe Norte,RURAL,ADULTO MAYOR (60 o más),Ninguno,CORVIVIENDA,Básica primaria (1.o - 5.o),Hombre,Unión libre,Sin actividad,"Negro(a), mulato(a), afrodescendiente, afrocolombiano(a)",10000000.0
SANEAMIENTO BÁSICO,No tiene,Localidad 1 - Historica y del Caribe Norte,RURAL,ADULTEZ (29-59),Ninguno,CORVIVIENDA,Básica secundaria (6.o - 9.o),Mujer,Unión libre,Ama de Casa/Cuidador,Ninguno,10000000.0
SANEAMIENTO BÁSICO,Menor a 1 SMMLV,Localidad 1 - Historica y del Caribe Norte,RURAL,ADULTEZ (29-59),Ninguno,CORVIVIENDA,Básica primaria (1.o - 5.o),Mujer,Unión libre,Ama de Casa/Cuidador,"Negro(a), mulato(a), afrodescendiente, afrocolombiano(a)",10000000.0
SANEAMIENTO BÁSICO,No tiene,Localidad 1 - Historica y del Caribe Norte,RURAL,ADULTEZ (29-59),Ninguno,CORVIVIENDA,Básica secundaria (6.o - 9.o),Mujer,Unión libre,Ama de Casa/Cuidador,Ninguno,10000000.0
SANEAMIENTO BÁSICO,Entre 1 y 2 SMMLV,Localidad 1 - Historica y del Caribe Norte,RURAL,ADULTEZ (29-59),Pobreza Extrema,CORVIVIENDA,Básica secundaria (6.o - 9.o),Hombre,Unión libre,Empleado,Ninguno,10000000.0
SANEAMIENTO BÁSICO,No tiene,Localidad 1 - Historica y del Caribe Norte,RURAL,ADULTEZ (29-59),Ninguno,CORVIVIENDA,Básica primaria (1.o - 5.o),Mujer,Unión libre,Ama de Casa/Cuidador,Ninguno,10000000.0
SANEAMIENTO BÁSICO,No tiene,Localidad 1 - Historica y del Caribe Norte,RURAL,ADULTO MAYOR (60 o más),Ninguno,CORVIVIENDA,Básica primaria (1.o - 5.o),Mujer,Unión libre,Sin actividad,"Negro(a), mulato(a), afrodescendiente, afrocolombiano(a)",10000000.0
SANEAMIENTO BÁSICO,No tiene,Localidad 1 - Historica y del Caribe Norte,RURAL,ADULTEZ (29-59),Ninguno,CORVIVIENDA,Básica primaria (1.o - 5.o),Mujer,Unión libre,Ama de Casa/Cuidador,"Negro(a), mulato(a), afrodescendiente, afrocolombiano(a)",10000000.0
SANEAMIENTO BÁSICO,Menor a 1 SMMLV,Localidad 1 - Historica y del Caribe Norte,RURAL,ADULTEZ (29-59),Pobreza Extrema,CORVIVIENDA,Media (10.o - 13.o),Mujer,Unión libre,Ama de Casa/Cuidador,"Negro(a), mulato(a), afrodescendiente, afrocolombiano(a)",10000000.0
SANEAMIENTO BÁSICO,No tiene,Localidad 1 - Historica y del Caribe Norte,RURAL,ADULTO MAYOR (60 o más),Ninguno,CORVIVIENDA,Básica primaria (1.o - 5.o),Mujer,Unión libre,Sin actividad,Ninguno,10000000.0
SANEAMIENTO BÁSICO,No tiene,Localidad 1 - Historica y del Caribe Norte,RURAL,ADULTEZ (29-59),Ninguno,CORVIVIENDA,Básica primaria (1.o - 5.o),Mujer,Unión libre,Sin actividad,Ninguno,10000000.0
SANEAMIENTO BÁSICO,No tiene,Localidad 1 - Historica y del Caribe Norte,RURAL,JUVENTUD (18-28),Ninguno,CORVIVIENDA,Básica primaria (1.o - 5.o),Mujer,Unión libre,Sin actividad,"Negro(a), mulato(a), afrodescendiente, afrocolombiano(a)",10000000.0
SANEAMIENTO BÁSICO,No tiene,Localidad 1 - Historica y del Caribe Norte,RURAL,ADULTO MAYOR (60 o más),Ninguno,CORVIVIENDA,Básica primaria (1.o - 5.o),Mujer,Unión libre,Ama de Casa/Cuidador,"Negro(a), mulato(a), afrodescendiente, afrocolombiano(a)",10000000.0
SANEAMIENTO BÁSICO,Menor a 1 SMMLV,Localidad 1 - Historica y del Caribe Norte,RURAL,ADULTO MAYOR (60 o más),Pobreza Extrema,CORVIVIENDA,Básica primaria (1.o - 5.o),Mujer,Unión libre,Ama de Casa/Cuidador,"Negro(a), mulato(a), afrodescendiente, afrocolombiano(a)",10000000.0
SANEAMIENTO BÁSICO,No tiene,Localidad 1 - Historica y del Caribe Norte,RURAL,ADULTO MAYOR (60 o más),Ninguno,CORVIVIENDA,Básica secundaria (6.o - 9.o),Hombre,Unión libre,Sin actividad,Ninguno,10000000.0
SANEAMIENTO BÁSICO,No tiene,Localidad 1 - Historica y del Caribe Norte,RURAL,ADULTO MAYOR (60 o más),Ninguno,CORVIVIENDA,Básica primaria (1.o - 5.o),Mujer,Unión libre,Ama de Casa/Cuidador,Ninguno,10000000.0
SANEAMIENTO BÁSICO,Menor a 1 SMMLV,Localidad 1 - Historica y del Caribe Norte,RURAL,ADULTO MAYOR (60 o más),Ninguno,CORVIVIENDA,Básica primaria (1.o - 5.o),Mujer,Unión libre,Ama de Casa/Cuidador,"Negro(a), mulato(a), afrodescendiente, afrocolombiano(a)",10000000.0
SANEAMIENTO BÁSICO,Menor a 1 SMMLV,Localidad 1 - Historica y del Caribe Norte,RURAL,ADULTO MAYOR (60 o más),Pobreza Extrema,CORVIVIENDA,Básica primaria (1.o - 5.o),Hombre,Soltero(a),Ama de Casa/Cuidador,Ninguno,10000000.0
SANEAMIENTO BÁSICO,No tiene,Localidad 1 - Historica y del Caribe Norte,RURAL,ADULTO MAYOR (60 o más),Ninguno,CORVIVIENDA,Básica secundaria (6.o - 9.o),Hombre,Unión libre,Trabajador Independiente,Ninguno,10000000.0
SANEAMIENTO BÁSICO,No tiene,Localidad 1 - Historica y del Caribe Norte,RURAL,ADULTO MAYOR (60 o más),Pobreza Extrema,CORVIVIENDA,Básica primaria (1.o - 5.o),Hombre,Casado(a),Desempleado,"Negro(a), mulato(a), afrodescendiente, afrocolombiano(a)",10000000.0
SANEAMIENTO BÁSICO,Menor a 1 SMMLV,Localidad 1 - Historica y del Caribe Norte,RURAL,ADULTEZ (29-59),Ninguno,CORVIVIENDA,Básica primaria (1.o - 5.o),Hombre,Unión libre,Trabajador Independiente,Ninguno,10000000.0
SANEAMIENTO BÁSICO,Menor a 1 SMMLV,Localidad 1 - Historica y del Caribe Norte,RURAL,ADULTEZ (29-59),Ninguno,CORVIVIENDA,Básica primaria (1.o - 5.o),Mujer,Unión libre,Trabajador Independiente,"Negro(a), mulato(a), afrodescendiente, afrocolombiano(a)",10000000.0
SANEAMIENTO BÁSICO,No tiene,Localidad 1 - Historica y del Caribe Norte,RURAL,ADULTO MAYOR (60 o más),Ninguno,CORVIVIENDA,Básica primaria (1.o - 5.o),Hombre,Unión libre,Ama de Casa/Cuidador,Ninguno,10000000.0
SANEAMIENTO BÁSICO,Menor a 1 SMMLV,Localidad 1 - Historica y del Caribe Norte,RURAL,ADULTO MAYOR (60 o más),Pobreza Extrema,CORVIVIENDA,Básica primaria (1.o - 5.o),Mujer,Unión libre,Ama de Casa/Cuidador,Ninguno,10000000.0
SANEAMIENTO BÁSICO,No tiene,Localidad 1 - Historica y del Caribe Norte,RURAL,ADULTO MAYOR (60 o más),Ninguno,CORVIVIENDA,Básica primaria (1.o - 5.o),Hombre,Unión libre,Sin actividad,Ninguno,10000000.0
SANEAMIENTO BÁSICO,Menor a 1 SMMLV,Localidad 1 - Historica y del Caribe Norte,RURAL,ADULTEZ (29-59),Ninguno,CORVIVIENDA,Básica secundaria (6.o - 9.o),Hombre,Unión libre,Trabajador Independiente,Ninguno,10000000.0
SANEAMIENTO BÁSICO,Menor a 1 SMMLV,Localidad 1 - Historica y del Caribe Norte,RURAL,ADULTO MAYOR (60 o más),Ninguno,CORVIVIENDA,Básica secundaria (6.o - 9.o),Hombre,Unión libre,Trabajador Independiente,"Negro(a), mulato(a), afrodescendiente, afrocolombiano(a)",10000000.0
SANEAMIENTO BÁSICO,Menor a 1 SMMLV,Localidad 1 - Historica y del Caribe Norte,RURAL,ADULTO MAYOR (60 o más),Ninguno,CORVIVIENDA,Básica primaria (1.o - 5.o),Mujer,Soltero(a),Ama de Casa/Cuidador,"Negro(a), mulato(a), afrodescendiente, afrocolombiano(a)",10000000.0
SANEAMIENTO BÁSICO,No tiene,Localidad 1 - Historica y del Caribe Norte,RURAL,ADULTO MAYOR (60 o más),Ninguno,CORVIVIENDA,Básica primaria (1.o - 5.o),Hombre,Unión libre,Trabajador Independiente,Ninguno,10000000.0
SANEAMIENTO BÁSICO,Menor a 1 SMMLV,Localidad 1 - Historica y del Caribe Norte,RURAL,JUVENTUD (18-28),Pobreza Extrema,CORVIVIENDA,Básica secundaria (6.o - 9.o),Mujer,Soltero(a),Trabajador Independiente,Ninguno,10000000.0
SANEAMIENTO BÁSICO,Menor a 1 SMMLV,Localidad 1 - Historica y del Caribe Norte,RURAL,ADULTO MAYOR (60 o más),Pobreza Extrema,CORVIVIENDA,Básica primaria (1.o - 5.o),Mujer,Casado(a),Ama de Casa/Cuidador,Ninguno,10000000.0
SANEAMIENTO BÁSICO,No tiene,Localidad 1 - Historica y del Caribe Norte,RURAL,ADULTO MAYOR (60 o más),Ninguno,CORVIVIENDA,Ninguno,Mujer,Unión libre,Sin actividad,Ninguno,10000000.0
SANEAMIENTO BÁSICO,Menor a 1 SMMLV,Localidad 1 - Historica y del Caribe Norte,RURAL,ADULTO MAYOR (60 o más),Ninguno,CORVIVIENDA,Básica primaria (1.o - 5.o),Mujer,Viudo(a),Ama de Casa/Cuidador,"Negro(a), mulato(a), afrodescendiente, afrocolombiano(a)",10000000.0
SANEAMIENTO BÁSICO,No tiene,Localidad 1 - Historica y del Caribe Norte,RURAL,ADULTEZ (29-59),Ninguno,CORVIVIENDA,Básica secundaria (6.o - 9.o),Mujer,Unión libre,Sin actividad,Ninguno,10000000.0
SANEAMIENTO BÁSICO,Entre 1 y 2 SMMLV,Localidad 1 - Historica y del Caribe Norte,RURAL,ADULTEZ (29-59),Pobreza Extrema,CORVIVIENDA,Básica secundaria (6.o - 9.o),Mujer,Unión libre,Ama de Casa/Cuidador,Ninguno,10000000.0
SANEAMIENTO BÁSICO,No tiene,Localidad 1 - Historica y del Caribe Norte,RURAL,JUVENTUD (18-28),Ninguno,CORVIVIENDA,Básica secundaria (6.o - 9.o),Mujer,Unión libre,Ama de Casa/Cuidador,Ninguno,10000000.0
SANEAMIENTO BÁSICO,No tiene,Localidad 1 - Historica y del Caribe Norte,RURAL,ADULTO MAYOR (60 o más),Ninguno,CORVIVIENDA,Básica secundaria (6.o - 9.o),Mujer,Unión libre,Sin actividad,"Negro(a), mulato(a), afrodescendiente, afrocolombiano(a)",10000000.0
SANEAMIENTO BÁSICO,Menor a 1 SMMLV,Localidad 1 - Historica y del Caribe Norte,RURAL,ADULTO MAYOR (60 o más),Ninguno,CORVIVIENDA,Básica primaria (1.o - 5.o),Mujer,Soltero(a),Ama de Casa/Cuidador,Ninguno,10000000.0
SANEAMIENTO BÁSICO,Menor a 1 SMMLV,Localidad 1 - Historica y del Caribe Norte,RURAL,ADULTO MAYOR (60 o más),Ninguno,CORVIVIENDA,Básica primaria (1.o - 5.o),Mujer,Unión libre,Ama de Casa/Cuidador,Ninguno,10000000.0
SANEAMIENTO BÁSICO,Menor a 1 SMMLV,Localidad 1 - Historica y del Caribe Norte,RURAL,ADULTEZ (29-59),Ninguno,CORVIVIENDA,Básica secundaria (6.o - 9.o),Mujer,Unión libre,Ama de Casa/Cuidador,Ninguno,10000000.0
SANEAMIENTO BÁSICO,Menor a 1 SMMLV,Localidad 1 - Historica y del Caribe Norte,RURAL,ADULTEZ (29-59),Ninguno,CORVIVIENDA,Básica primaria (1.o - 5.o),Mujer,Separado(a) o divorciado(a),Trabajador Independiente,Ninguno,10000000.0
SANEAMIENTO BÁSICO,Menor a 1 SMMLV,Localidad 1 - Historica y del Caribe Norte,RURAL,ADULTEZ (29-59),Ninguno,CORVIVIENDA,Básica primaria (1.o - 5.o),Mujer,Unión libre,Ama de Casa/Cuidador,Ninguno,10000000.0
SANEAMIENTO BÁSICO,Menor a 1 SMMLV,Localidad 1 - Historica y del Caribe Norte,RURAL,ADULTO MAYOR (60 o más),Pobreza Extrema,CORVIVIENDA,Ninguno,Mujer,Separado(a) o divorciado(a),Ama de Casa/Cuidador,Ninguno,10000000.0
SANEAMIENTO BÁSICO,Menor a 1 SMMLV,Localidad 1 - Historica y del Caribe Norte,RURAL,ADULTEZ (29-59),Pobreza Extrema,CORVIVIENDA,Básica primaria (1.o - 5.o),Mujer,Unión libre,Ama de Casa/Cuidador,Ninguno,10000000.0
SANEAMIENTO BÁSICO,Menor a 1 SMMLV,Localidad 1 - Historica y del Caribe Norte,RURAL,ADULTEZ (29-59),Ninguno,CORVIVIENDA,Media (10.o - 13.o),Mujer,Separado(a) o divorciado(a),Empleado,Ninguno,10000000.0
SANEAMIENTO BÁSICO,Menor a 1 SMMLV,Localidad 1 - Historica y del Caribe Norte,RURAL,ADULTEZ (29-59),Ninguno,CORVIVIENDA,Media (10.o - 13.o),Mujer,Soltero(a),Empleado,Ninguno,10000000.0
SANEAMIENTO BÁSICO,Menor a 1 SMMLV,Localidad 1 - Historica y del Caribe Norte,RURAL,ADULTEZ (29-59),Ninguno,CORVIVIENDA,Básica primaria (1.o - 5.o),Mujer,Soltero(a),Ama de Casa/Cuidador,Ninguno,10000000.0
SANEAMIENTO BÁSICO,Menor a 1 SMMLV,Localidad 1 - Historica y del Caribe Norte,RURAL,ADULTO MAYOR (60 o más),Ninguno,CORVIVIENDA,Básica primaria (1.o - 5.o),Mujer,Separado(a) o divorciado(a),Ama de Casa/Cuidador,Ninguno,10000000.0
SANEAMIENTO BÁSICO,Menor a 1 SMMLV,Localidad 1 - Historica y del Caribe Norte,RURAL,ADULTEZ (29-59),Ninguno,CORVIVIENDA,Básica primaria (1.o - 5.o),Mujer,Soltero(a),Trabajador Independiente,Ninguno,10000000.0
SANEAMIENTO BÁSICO,Menor a 1 SMMLV,Localidad 1 - Historica y del Caribe Norte,RURAL,ADULTEZ (29-59),Ninguno,CORVIVIENDA,Media (10.o - 13.o),Mujer,Unión libre,Ama de Casa/Cuidador,Ninguno,10000000.0
SANEAMIENTO BÁSICO,Menor a 1 SMMLV,Localidad 1 - Historica y del Caribe Norte,RURAL,JUVENTUD (18-28),Ninguno,CORVIVIENDA,Media (10.o - 13.o),Mujer,Soltero(a),Ama de Casa/Cuidador,Ninguno,10000000.0
SANEAMIENTO BÁSICO,Menor a 1 SMMLV,Localidad 1 - Historica y del Caribe Norte,RURAL,ADULTEZ (29-59),Ninguno,CORVIVIENDA,Media (10.o - 13.o),Mujer,Unión libre,Estudiante,Ninguno,10000000.0
SANEAMIENTO BÁSICO,Menor a 1 SMMLV,Localidad 1 - Historica y del Caribe Norte,RURAL,ADULTEZ (29-59),Ninguno,CORVIVIENDA,Media (10.o - 13.o),Mujer,Soltero(a),Trabajador Independiente,Ninguno,10000000.0
SANEAMIENTO BÁSICO,Menor a 1 SMMLV,Localidad 1 - Historica y del Caribe Norte,RURAL,ADULTO MAYOR (60 o más),Pobreza Extrema,CORVIVIENDA,Básica secundaria (6.o - 9.o),Mujer,Unión libre,Trabajador Independiente,Ninguno,10000000.0
SANEAMIENTO BÁSICO,Menor a 1 SMMLV,Localidad 1 - Historica y del Caribe Norte,RURAL,ADULTO MAYOR (60 o más),Ninguno,CORVIVIENDA,Básica primaria (1.o - 5.o),Hombre,Unión libre,Ama de Casa/Cuidador,Ninguno,10000000.0
SANEAMIENTO BÁSICO,Menor a 1 SMMLV,Localidad 1 - Historica y del Caribe Norte,RURAL,ADULTO MAYOR (60 o más),Ninguno,CORVIVIENDA,Básica primaria (1.o - 5.o),Mujer,Separado(a) o divorciado(a),Desempleado,Ninguno,10000000.0
SANEAMIENTO BÁSICO,Menor a 1 SMMLV,Localidad 1 - Historica y del Caribe Norte,RURAL,ADULTO MAYOR (60 o más),Ninguno,CORVIVIENDA,Básica secundaria (6.o - 9.o),Mujer,Separado(a) o divorciado(a),Empleado,Ninguno,10000000.0
SANEAMIENTO BÁSICO,Menor a 1 SMMLV,Localidad 1 - Historica y del Caribe Norte,RURAL,ADULTO MAYOR (60 o más),Pobreza Extrema,CORVIVIENDA,Ninguno,Hombre,Casado(a),Ama de Casa/Cuidador,Ninguno,10000000.0
SANEAMIENTO BÁSICO,Menor a 1 SMMLV,Localidad 1 - Historica y del Caribe Norte,RURAL,ADULTEZ (29-59),Ninguno,CORVIVIENDA,Media (10.o - 13.o),Hombre,Unión libre,Estudiante,Ninguno,10000000.0
SANEAMIENTO BÁSICO,Menor a 1 SMMLV,Localidad 1 - Historica y del Caribe Norte,RURAL,JUVENTUD (18-28),Ninguno,CORVIVIENDA,Básica secundaria (6.o - 9.o),Mujer,Separado(a) o divorciado(a),Empleado,Ninguno,10000000.0
SANEAMIENTO BÁSICO,Menor a 1 SMMLV,Localidad 1 - Historica y del Caribe Norte,RURAL,ADULTO MAYOR (60 o más),Ninguno,CORVIVIENDA,Ninguno,Hombre,Soltero(a),Ama de Casa/Cuidador,Ninguno,10000000.0
SANEAMIENTO BÁSICO,Menor a 1 SMMLV,Localidad 1 - Historica y del Caribe Norte,RURAL,ADULTEZ (29-59),Ninguno,CORVIVIENDA,Básica primaria (1.o - 5.o),Hombre,Soltero(a),Ama de Casa/Cuidador,Ninguno,10000000.0
SANEAMIENTO BÁSICO,Menor a 1 SMMLV,Localidad 1 - Historica y del Caribe Norte,RURAL,ADULTEZ (29-59),Ninguno,CORVIVIENDA,Básica secundaria (6.o - 9.o),Hombre,Soltero(a),Estudiante,Ninguno,10000000.0
SANEAMIENTO BÁSICO,Menor a 1 SMMLV,Localidad 1 - Historica y del Caribe Norte,RURAL,ADULTEZ (29-59),Ninguno,CORVIVIENDA,Media (10.o - 13.o),Hombre,Unión libre,Sin actividad,Ninguno,10000000.0
SANEAMIENTO BÁSICO,Entre 1 y 2 SMMLV,Localidad 1 - Historica y del Caribe Norte,RURAL,ADULTEZ (29-59),Ninguno,CORVIVIENDA,Media (10.o - 13.o),Hombre,Soltero(a),Empleado,"Negro(a), mulato(a), afrodescendiente, afrocolombiano(a)",10000000.0
SANEAMIENTO BÁSICO,Menor a 1 SMMLV,Localidad 1 - Historica y del Caribe Norte,RURAL,ADULTO MAYOR (60 o más),Ninguno,CORVIVIENDA,Básica primaria (1.o - 5.o),Hombre,Separado(a) o divorciado(a),Desempleado,Ninguno,10000000.0
SANEAMIENTO BÁSICO,Menor a 1 SMMLV,Localidad 1 - Historica y del Caribe Norte,RURAL,ADULTEZ (29-59),Pobreza Extrema,CORVIVIENDA,Básica primaria (1.o - 5.o),Mujer,Soltero(a),Trabajador Independiente,"Negro(a), mulato(a), afrodescendiente, afrocolombiano(a)",10000000.0
SANEAMIENTO BÁSICO,NO REPORTADO,NO REPORTADO,URBANO,NO DISPONIBLE,NO REGISTRADO,FONVIVIENDA,NO REPORTADO,Hombre,NO REPORTADO,NO REPORTADO,NO REPORTADO,13784818.0
SANEAMIENTO BÁSICO,NO REPORTADO,NO REPORTADO,URBANO,NO DISPONIBLE,NO REGISTRADO,FONVIVIENDA,NO REPORTADO,Mujer,NO REPORTADO,NO REPORTADO,NO REPORTADO,13917937.0
SANEAMIENTO BÁSICO,NO REPORTADO,NO REPORTADO,URBANO,NO DISPONIBLE,Víctima Conflicto Armado,FONVIVIENDA,NO REPORTADO,Mujer,NO REPORTADO,NO REPORTADO,NO REPORTADO,13869406.0
SANEAMIENTO BÁSICO,NO REPORTADO,NO REPORTADO,URBANO,NO DISPONIBLE,NO REGISTRADO,FONVIVIENDA,NO REPORTADO,Mujer,NO REPORTADO,NO REPORTADO,NO REPORTADO,13892622.0
SANEAMIENTO BÁSICO,NO REPORTADO,NO REPORTADO,URBANO,NO DISPONIBLE,NO REGISTRADO,FONVIVIENDA,NO REPORTADO,Mujer,NO REPORTADO,NO REPORTADO,NO REPORTADO,13887701.0
SANEAMIENTO BÁSICO,NO REPORTADO,NO REPORTADO,URBANO,NO DISPONIBLE,NO REGISTRADO,FONVIVIENDA,NO REPORTADO,Mujer,NO REPORTADO,NO REPORTADO,NO REPORTADO,13913762.0
SANEAMIENTO BÁSICO,NO REPORTADO,NO REPORTADO,URBANO,NO DISPONIBLE,NO REGISTRADO,FONVIVIENDA,NO REPORTADO,Mujer,NO REPORTADO,NO REPORTADO,NO REPORTADO,13760163.0
SANEAMIENTO BÁSICO,NO REPORTADO,NO REPORTADO,URBANO,NO DISPONIBLE,NO REGISTRADO,FONVIVIENDA,NO REPORTADO,Mujer,NO REPORTADO,NO REPORTADO,NO REPORTADO,13912125.0
SANEAMIENTO BÁSICO,NO REPORTADO,NO REPORTADO,URBANO,NO DISPONIBLE,NO REGISTRADO,FONVIVIENDA,NO REPORTADO,Mujer,NO REPORTADO,NO REPORTADO,NO REPORTADO,13686059.0
SANEAMIENTO BÁSICO,NO REPORTADO,NO REPORTADO,URBANO,NO DISPONIBLE,NO REGISTRADO,FONVIVIENDA,NO REPORTADO,Mujer,NO REPORTADO,NO REPORTADO,NO REPORTADO,13912253.0
SANEAMIENTO BÁSICO,NO REPORTADO,NO REPORTADO,URBANO,NO DISPONIBLE,NO REGISTRADO,FONVIVIENDA,NO REPORTADO,Mujer,NO REPORTADO,NO REPORTADO,NO REPORTADO,13216578.0
SANEAMIENTO BÁSICO,NO REPORTADO,NO REPORTADO,URBANO,NO DISPONIBLE,NO REGISTRADO,FONVIVIENDA,NO REPORTADO,Hombre,NO REPORTADO,NO REPORTADO,NO REPORTADO,13903618.0
SANEAMIENTO BÁSICO,NO REPORTADO,NO REPORTADO,URBANO,NO DISPONIBLE,NO REGISTRADO,FONVIVIENDA,NO REPORTADO,Mujer,NO REPORTADO,NO REPORTADO,NO REPORTADO,13752428.0
SANEAMIENTO BÁSICO,NO REPORTADO,NO REPORTADO,URBANO,NO DISPONIBLE,Víctima Conflicto Armado,FONVIVIENDA,NO REPORTADO,Mujer,NO REPORTADO,NO REPORTADO,NO REPORTADO,13824526.0
SANEAMIENTO BÁSICO,NO REPORTADO,NO REPORTADO,URBANO,NO DISPONIBLE,NO REGISTRADO,FONVIVIENDA,NO REPORTADO,Mujer,NO REPORTADO,NO REPORTADO,NO REPORTADO,13906737.0
SANEAMIENTO BÁSICO,NO REPORTADO,NO REPORTADO,URBANO,NO DISPONIBLE,Víctima Conflicto Armado,FONVIVIENDA,NO REPORTADO,Mujer,NO REPORTADO,NO REPORTADO,NO REPORTADO,13805157.0
SANEAMIENTO BÁSICO,NO REPORTADO,NO REPORTADO,URBANO,NO DISPONIBLE,NO REGISTRADO,FONVIVIENDA,NO REPORTADO,Mujer,NO REPORTADO,NO REPORTADO,NO REPORTADO,13851729.0
SANEAMIENTO BÁSICO,NO REPORTADO,NO REPORTADO,URBANO,NO DISPONIBLE,NO REGISTRADO,FONVIVIENDA,NO REPORTADO,Mujer,NO REPORTADO,NO REPORTADO,NO REPORTADO,12468245.0
SANEAMIENTO BÁSICO,NO REPORTADO,NO REPORTADO,URBANO,NO DISPONIBLE,NO REGISTRADO,FONVIVIENDA,NO REPORTADO,Mujer,NO REPORTADO,NO REPORTADO,NO REPORTADO,13270657.0
SANEAMIENTO BÁSICO,NO REPORTADO,NO REPORTADO,URBANO,NO DISPONIBLE,NO REGISTRADO,FONVIVIENDA,NO REPORTADO,Mujer,NO REPORTADO,NO REPORTADO,NO REPORTADO,13919851.0
SANEAMIENTO BÁSICO,NO REPORTADO,NO REPORTADO,URBANO,NO DISPONIBLE,NO REGISTRADO,FONVIVIENDA,NO REPORTADO,Mujer,NO REPORTADO,NO REPORTADO,NO REPORTADO,13616246.0
SANEAMIENTO BÁSICO,NO REPORTADO,NO REPORTADO,URBANO,NO DISPONIBLE,NO REGISTRADO,FONVIVIENDA,NO REPORTADO,Mujer,NO REPORTADO,NO REPORTADO,NO REPORTADO,13856600.0
SANEAMIENTO BÁSICO,NO REPORTADO,NO REPORTADO,URBANO,NO DISPONIBLE,Víctima Conflicto Armado,FONVIVIENDA,NO REPORTADO,Mujer,NO REPORTADO,NO REPORTADO,NO REPORTADO,13616956.0
SANEAMIENTO BÁSICO,NO REPORTADO,NO REPORTADO,URBANO,NO DISPONIBLE,NO REGISTRADO,FONVIVIENDA,NO REPORTADO,Hombre,NO REPORTADO,NO REPORTADO,NO REPORTADO,13876542.0
SANEAMIENTO BÁSICO,NO REPORTADO,NO REPORTADO,URBANO,NO DISPONIBLE,NO REGISTRADO,FONVIVIENDA,NO REPORTADO,Hombre,NO REPORTADO,NO REPORTADO,NO REPORTADO,13899826.0
SANEAMIENTO BÁSICO,NO REPORTADO,NO REPORTADO,URBANO,NO DISPONIBLE,NO REGISTRADO,FONVIVIENDA,NO REPORTADO,Hombre,NO REPORTADO,NO REPORTADO,NO REPORTADO,13918287.0
SANEAMIENTO BÁSICO,NO REPORTADO,NO REPORTADO,URBANO,NO DISPONIBLE,NO REGISTRADO,FONVIVIENDA,NO REPORTADO,Mujer,NO REPORTADO,NO REPORTADO,NO REPORTADO,13816850.0
SANEAMIENTO BÁSICO,NO REPORTADO,NO REPORTADO,URBANO,NO DISPONIBLE,NO REGISTRADO,FONVIVIENDA,NO REPORTADO,Mujer,NO REPORTADO,NO REPORTADO,NO REPORTADO,13888290.0
SANEAMIENTO BÁSICO,NO REPORTADO,NO REPORTADO,URBANO,NO DISPONIBLE,NO REGISTRADO,FONVIVIENDA,NO REPORTADO,Mujer,NO REPORTADO,NO REPORTADO,NO REPORTADO,13583340.0
SANEAMIENTO BÁSICO,NO REPORTADO,NO REPORTADO,URBANO,NO DISPONIBLE,Víctima Conflicto Armado,FONVIVIENDA,NO REPORTADO,Hombre,NO REPORTADO,NO REPORTADO,NO REPORTADO,13791492.0
SANEAMIENTO BÁSICO,NO REPORTADO,NO REPORTADO,URBANO,NO DISPONIBLE,Víctima Conflicto Armado,FONVIVIENDA,NO REPORTADO,Hombre,NO REPORTADO,NO REPORTADO,NO REPORTADO,13906754.0
SANEAMIENTO BÁSICO,NO REPORTADO,NO REPORTADO,URBANO,NO DISPONIBLE,NO REGISTRADO,FONVIVIENDA,NO REPORTADO,Mujer,NO REPORTADO,NO REPORTADO,NO REPORTADO,13878259.0
SANEAMIENTO BÁSICO,NO REPORTADO,NO REPORTADO,URBANO,NO DISPONIBLE,NO REGISTRADO,FONVIVIENDA,NO REPORTADO,Mujer,NO REPORTADO,NO REPORTADO,NO REPORTADO,13214063.0
SANEAMIENTO BÁSICO,NO REPORTADO,NO REPORTADO,URBANO,NO DISPONIBLE,Víctima Conflicto Armado,FONVIVIENDA,NO REPORTADO,Mujer,NO REPORTADO,NO REPORTADO,NO REPORTADO,13883688.0
SANEAMIENTO BÁSICO,NO REPORTADO,NO REPORTADO,URBANO,NO DISPONIBLE,NO REGISTRADO,FONVIVIENDA,NO REPORTADO,Hombre,NO REPORTADO,NO REPORTADO,NO REPORTADO,13301398.0
SANEAMIENTO BÁSICO,NO REPORTADO,NO REPORTADO,URBANO,NO DISPONIBLE,NO REGISTRADO,FONVIVIENDA,NO REPORTADO,Mujer,NO REPORTADO,NO REPORTADO,NO REPORTADO,13882192.0
SANEAMIENTO BÁSICO,NO REPORTADO,NO REPORTADO,URBANO,NO DISPONIBLE,NO REGISTRADO,FONVIVIENDA,NO REPORTADO,Mujer,NO REPORTADO,NO REPORTADO,NO REPORTADO,13900444.0
SANEAMIENTO BÁSICO,NO REPORTADO,NO REPORTADO,URBANO,NO DISPONIBLE,NO REGISTRADO,FONVIVIENDA,NO REPORTADO,Mujer,NO REPORTADO,NO REPORTADO,NO REPORTADO,13897832.0
SANEAMIENTO BÁSICO,NO REPORTADO,NO REPORTADO,URBANO,NO DISPONIBLE,NO REGISTRADO,FONVIVIENDA,NO REPORTADO,Hombre,NO REPORTADO,NO REPORTADO,NO REPORTADO,13900142.0
SANEAMIENTO BÁSICO,NO REPORTADO,NO REPORTADO,URBANO,NO DISPONIBLE,NO REGISTRADO,FONVIVIENDA,NO REPORTADO,Hombre,NO REPORTADO,NO REPORTADO,NO REPORTADO,13912509.0
SANEAMIENTO BÁSICO,NO REPORTADO,NO REPORTADO,URBANO,NO DISPONIBLE,NO REGISTRADO,FONVIVIENDA,NO REPORTADO,Mujer,NO REPORTADO,NO REPORTADO,NO REPORTADO,13880017.0
SANEAMIENTO BÁSICO,NO REPORTADO,NO REPORTADO,URBANO,NO DISPONIBLE,NO REGISTRADO,FONVIVIENDA,NO REPORTADO,Mujer,NO REPORTADO,NO REPORTADO,NO REPORTADO,13918929.0
SANEAMIENTO BÁSICO,NO REPORTADO,NO REPORTADO,URBANO,NO DISPONIBLE,NO REGISTRADO,FONVIVIENDA,NO REPORTADO,Mujer,NO REPORTADO,NO REPORTADO,NO REPORTADO,13916769.0
SANEAMIENTO BÁSICO,NO REPORTADO,NO REPORTADO,URBANO,NO DISPONIBLE,Víctima Conflicto Armado,FONVIVIENDA,NO REPORTADO,Hombre,NO REPORTADO,NO REPORTADO,NO REPORTADO,13919985.0
SANEAMIENTO BÁSICO,NO REPORTADO,NO REPORTADO,URBANO,NO DISPONIBLE,Víctima Conflicto Armado,FONVIVIENDA,NO REPORTADO,Mujer,NO REPORTADO,NO REPORTADO,NO REPORTADO,13876198.0
SANEAMIENTO BÁSICO,NO REPORTADO,NO REPORTADO,URBANO,NO DISPONIBLE,NO REGISTRADO,FONVIVIENDA,NO REPORTADO,Mujer,NO REPORTADO,NO REPORTADO,NO REPORTADO,13629024.0
SANEAMIENTO BÁSICO,NO REPORTADO,NO REPORTADO,URBANO,NO DISPONIBLE,NO REGISTRADO,FONVIVIENDA,NO REPORTADO,Mujer,NO REPORTADO,NO REPORTADO,NO REPORTADO,13876758.0
SANEAMIENTO BÁSICO,NO REPORTADO,NO REPORTADO,URBANO,NO DISPONIBLE,NO REGISTRADO,FONVIVIENDA,NO REPORTADO,Hombre,NO REPORTADO,NO REPORTADO,NO REPORTADO,13829993.0
SANEAMIENTO BÁSICO,NO REPORTADO,NO REPORTADO,URBANO,NO DISPONIBLE,NO REGISTRADO,FONVIVIENDA,NO REPORTADO,Mujer,NO REPORTADO,NO REPORTADO,NO REPORTADO,13918179.0
SANEAMIENTO BÁSICO,NO REPORTADO,NO REPORTADO,URBANO,NO DISPONIBLE,Víctima Conflicto Armado,FONVIVIENDA,NO REPORTADO,Hombre,NO REPORTADO,NO REPORTADO,NO REPORTADO,13853033.0
SANEAMIENTO BÁSICO,NO REPORTADO,NO REPORTADO,URBANO,NO DISPONIBLE,Víctima Conflicto Armado,FONVIVIENDA,NO REPORTADO,Hombre,NO REPORTADO,NO REPORTADO,NO REPORTADO,13587135.0
SANEAMIENTO BÁSICO,NO REPORTADO,NO REPORTADO,URBANO,NO DISPONIBLE,NO REGISTRADO,FONVIVIENDA,NO REPORTADO,Hombre,NO REPORTADO,NO REPORTADO,NO REPORTADO,13916841.0
SANEAMIENTO BÁSICO,NO REPORTADO,NO REPORTADO,URBANO,NO DISPONIBLE,Víctima Conflicto Armado,FONVIVIENDA,NO REPORTADO,Hombre,NO REPORTADO,NO REPORTADO,NO REPORTADO,13331637.0
SANEAMIENTO BÁSICO,NO REPORTADO,NO REPORTADO,URBANO,NO DISPONIBLE,NO REGISTRADO,FONVIVIENDA,NO REPORTADO,Mujer,NO REPORTADO,NO REPORTADO,NO REPORTADO,13880346.0
SANEAMIENTO BÁSICO,NO REPORTADO,NO REPORTADO,URBANO,NO DISPONIBLE,NO REGISTRADO,FONVIVIENDA,NO REPORTADO,Mujer,NO REPORTADO,NO REPORTADO,NO REPORTADO,13830973.0
SANEAMIENTO BÁSICO,NO REPORTADO,NO REPORTADO,URBANO,NO DISPONIBLE,NO REGISTRADO,FONVIVIENDA,NO REPORTADO,Mujer,NO REPORTADO,NO REPORTADO,NO REPORTADO,13917058.0
SANEAMIENTO BÁSICO,NO REPORTADO,NO REPORTADO,URBANO,NO DISPONIBLE,NO REGISTRADO,FONVIVIENDA,NO REPORTADO,Mujer,NO REPORTADO,NO REPORTADO,NO REPORTADO,13902570.0
SANEAMIENTO BÁSICO,NO REPORTADO,NO REPORTADO,URBANO,NO DISPONIBLE,NO REGISTRADO,FONVIVIENDA,NO REPORTADO,Mujer,NO REPORTADO,NO REPORTADO,NO REPORTADO,13647328.0
SANEAMIENTO BÁSICO,NO REPORTADO,NO REPORTADO,URBANO,NO DISPONIBLE,NO REGISTRADO,FONVIVIENDA,NO REPORTADO,Mujer,NO REPORTADO,NO REPORTADO,NO REPORTADO,13837639.0
SANEAMIENTO BÁSICO,NO REPORTADO,NO REPORTADO,URBANO,NO DISPONIBLE,Víctima Conflicto Armado,FONVIVIENDA,NO REPORTADO,Hombre,NO REPORTADO,NO REPORTADO,NO REPORTADO,13918176.0
SANEAMIENTO BÁSICO,NO REPORTADO,NO REPORTADO,URBANO,NO DISPONIBLE,NO REGISTRADO,FONVIVIENDA,NO REPORTADO,Mujer,NO REPORTADO,NO REPORTADO,NO REPORTADO,13820205.0
SANEAMIENTO BÁSICO,NO REPORTADO,NO REPORTADO,URBANO,NO DISPONIBLE,NO REGISTRADO,FONVIVIENDA,NO REPORTADO,Hombre,NO REPORTADO,NO REPORTADO,NO REPORTADO,13622406.0
SANEAMIENTO BÁSICO,NO REPORTADO,NO REPORTADO,URBANO,NO DISPONIBLE,NO REGISTRADO,FONVIVIENDA,NO REPORTADO,Mujer,NO REPORTADO,NO REPORTADO,NO REPORTADO,13857777.0
SANEAMIENTO BÁSICO,NO REPORTADO,NO REPORTADO,URBANO,NO DISPONIBLE,NO REGISTRADO,FONVIVIENDA,NO REPORTADO,Mujer,NO REPORTADO,NO REPORTADO,NO REPORTADO,13919987.0
SANEAMIENTO BÁSICO,NO REPORTADO,NO REPORTADO,URBANO,NO DISPONIBLE,NO REGISTRADO,FONVIVIENDA,NO REPORTADO,Mujer,NO REPORTADO,NO REPORTADO,NO REPORTADO,13919977.0
SANEAMIENTO BÁSICO,NO REPORTADO,NO REPORTADO,URBANO,NO DISPONIBLE,NO REGISTRADO,FONVIVIENDA,NO REPORTADO,Hombre,NO REPORTADO,NO REPORTADO,NO REPORTADO,13919953.0
SANEAMIENTO BÁSICO,NO REPORTADO,NO REPORTADO,URBANO,NO DISPONIBLE,NO REGISTRADO,FONVIVIENDA,NO REPORTADO,Mujer,NO REPORTADO,NO REPORTADO,NO REPORTADO,13875013.0
SANEAMIENTO BÁSICO,NO REPORTADO,NO REPORTADO,URBANO,NO DISPONIBLE,NO REGISTRADO,FONVIVIENDA,NO REPORTADO,Mujer,NO REPORTADO,NO REPORTADO,NO REPORTADO,13860819.0
SANEAMIENTO BÁSICO,NO REPORTADO,NO REPORTADO,URBANO,NO DISPONIBLE,NO REGISTRADO,FONVIVIENDA,NO REPORTADO,Mujer,NO REPORTADO,NO REPORTADO,NO REPORTADO,13851426.0
SANEAMIENTO BÁSICO,NO REPORTADO,NO REPORTADO,URBANO,NO DISPONIBLE,NO REGISTRADO,FONVIVIENDA,NO REPORTADO,Mujer,NO REPORTADO,NO REPORTADO,NO REPORTADO,13823804.0
SANEAMIENTO BÁSICO,NO REPORTADO,NO REPORTADO,URBANO,NO DISPONIBLE,NO REGISTRADO,FONVIVIENDA,NO REPORTADO,Hombre,NO REPORTADO,NO REPORTADO,NO REPORTADO,13911882.0
SANEAMIENTO BÁSICO,NO REPORTADO,NO REPORTADO,URBANO,NO DISPONIBLE,NO REGISTRADO,FONVIVIENDA,NO REPORTADO,Mujer,NO REPORTADO,NO REPORTADO,NO REPORTADO,12660752.0
SANEAMIENTO BÁSICO,NO REPORTADO,NO REPORTADO,URBANO,NO DISPONIBLE,NO REGISTRADO,FONVIVIENDA,NO REPORTADO,Mujer,NO REPORTADO,NO REPORTADO,NO REPORTADO,13563843.0
SANEAMIENTO BÁSICO,NO REPORTADO,NO REPORTADO,URBANO,NO DISPONIBLE,Víctima Conflicto Armado,FONVIVIENDA,NO REPORTADO,Mujer,NO REPORTADO,NO REPORTADO,NO REPORTADO,13781263.0
SANEAMIENTO BÁSICO,NO REPORTADO,NO REPORTADO,URBANO,NO DISPONIBLE,NO REGISTRADO,FONVIVIENDA,NO REPORTADO,Mujer,NO REPORTADO,NO REPORTADO,NO REPORTADO,13919822.0
SANEAMIENTO BÁSICO,NO REPORTADO,NO REPORTADO,URBANO,NO DISPONIBLE,NO REGISTRADO,FONVIVIENDA,NO REPORTADO,Mujer,NO REPORTADO,NO REPORTADO,NO REPORTADO,13789099.0
SANEAMIENTO BÁSICO,NO REPORTADO,NO REPORTADO,URBANO,NO DISPONIBLE,NO REGISTRADO,FONVIVIENDA,NO REPORTADO,Mujer,NO REPORTADO,NO REPORTADO,NO REPORTADO,13774217.0
SANEAMIENTO BÁSICO,NO REPORTADO,NO REPORTADO,URBANO,NO DISPONIBLE,NO REGISTRADO,FONVIVIENDA,NO REPORTADO,Hombre,NO REPORTADO,NO REPORTADO,NO REPORTADO,13870229.0
SANEAMIENTO BÁSICO,NO REPORTADO,NO REPORTADO,URBANO,NO DISPONIBLE,NO REGISTRADO,FONVIVIENDA,NO REPORTADO,Hombre,NO REPORTADO,NO REPORTADO,NO REPORTADO,13856862.0
SANEAMIENTO BÁSICO,NO REPORTADO,NO REPORTADO,URBANO,NO DISPONIBLE,Víctima Conflicto Armado,FONVIVIENDA,NO REPORTADO,Mujer,NO REPORTADO,NO REPORTADO,NO REPORTADO,13903027.0
SANEAMIENTO BÁSICO,NO REPORTADO,NO REPORTADO,URBANO,NO DISPONIBLE,Víctima Conflicto Armado,FONVIVIENDA,NO REPORTADO,Mujer,NO REPORTADO,NO REPORTADO,NO REPORTADO,13836292.0
SANEAMIENTO BÁSICO,NO REPORTADO,NO REPORTADO,URBANO,NO DISPONIBLE,Víctima Conflicto Armado,FONVIVIENDA,NO REPORTADO,Mujer,NO REPORTADO,NO REPORTADO,NO REPORTADO,13861363.0
SANEAMIENTO BÁSICO,NO REPORTADO,NO REPORTADO,URBANO,NO DISPONIBLE,NO REGISTRADO,FONVIVIENDA,NO REPORTADO,Mujer,NO REPORTADO,NO REPORTADO,NO REPORTADO,13866520.0
SANEAMIENTO BÁSICO,NO REPORTADO,NO REPORTADO,URBANO,NO DISPONIBLE,NO REGISTRADO,FONVIVIENDA,NO REPORTADO,Hombre,NO REPORTADO,NO REPORTADO,NO REPORTADO,13919936.0
SANEAMIENTO BÁSICO,NO REPORTADO,NO REPORTADO,URBANO,NO DISPONIBLE,NO REGISTRADO,FONVIVIENDA,NO REPORTADO,Mujer,NO REPORTADO,NO REPORTADO,NO REPORTADO,13919942.0
SANEAMIENTO BÁSICO,NO REPORTADO,NO REPORTADO,URBANO,NO DISPONIBLE,NO REGISTRADO,FONVIVIENDA,NO REPORTADO,Mujer,NO REPORTADO,NO REPORTADO,NO REPORTADO,13915242.0
SANEAMIENTO BÁSICO,NO REPORTADO,NO REPORTADO,URBANO,NO DISPONIBLE,NO REGISTRADO,FONVIVIENDA,NO REPORTADO,Mujer,NO REPORTADO,NO REPORTADO,NO REPORTADO,13919945.0
SANEAMIENTO BÁSICO,NO REPORTADO,NO REPORTADO,URBANO,NO DISPONIBLE,NO REGISTRADO,FONVIVIENDA,NO REPORTADO,Mujer,NO REPORTADO,NO REPORTADO,NO REPORTADO,13869131.0
SANEAMIENTO BÁSICO,NO REPORTADO,NO REPORTADO,URBANO,NO DISPONIBLE,NO REGISTRADO,FONVIVIENDA,NO REPORTADO,Mujer,NO REPORTADO,NO REPORTADO,NO REPORTADO,13607884.0
SANEAMIENTO BÁSICO,NO REPORTADO,NO REPORTADO,URBANO,NO DISPONIBLE,NO REGISTRADO,FONVIVIENDA,NO REPORTADO,Hombre,NO REPORTADO,NO REPORTADO,NO REPORTADO,13902922.0
SANEAMIENTO BÁSICO,NO REPORTADO,NO REPORTADO,URBANO,NO DISPONIBLE,NO REGISTRADO,FONVIVIENDA,NO REPORTADO,Mujer,NO REPORTADO,NO REPORTADO,NO REPORTADO,13917802.0
SANEAMIENTO BÁSICO,NO REPORTADO,NO REPORTADO,URBANO,NO DISPONIBLE,NO REGISTRADO,FONVIVIENDA,NO REPORTADO,Mujer,NO REPORTADO,NO REPORTADO,NO REPORTADO,13917278.0
SANEAMIENTO BÁSICO,NO REPORTADO,NO REPORTADO,URBANO,NO DISPONIBLE,Víctima Conflicto Armado,FONVIVIENDA,NO REPORTADO,Mujer,NO REPORTADO,NO REPORTADO,NO REPORTADO,13876609.0
SANEAMIENTO BÁSICO,NO REPORTADO,NO REPORTADO,URBANO,NO DISPONIBLE,NO REGISTRADO,FONVIVIENDA,NO REPORTADO,Mujer,NO REPORTADO,NO REPORTADO,NO REPORTADO,13919976.0
SANEAMIENTO BÁSICO,NO REPORTADO,NO REPORTADO,URBANO,NO DISPONIBLE,Víctima Conflicto Armado,FONVIVIENDA,NO REPORTADO,Hombre,NO REPORTADO,NO REPORTADO,NO REPORTADO,13919999.0
SANEAMIENTO BÁSICO,NO REPORTADO,NO REPORTADO,URBANO,NO DISPONIBLE,Víctima Conflicto Armado,FONVIVIENDA,NO REPORTADO,Mujer,NO REPORTADO,NO REPORTADO,NO REPORTADO,13891703.0
SANEAMIENTO BÁSICO,NO REPORTADO,NO REPORTADO,URBANO,NO DISPONIBLE,NO REGISTRADO,FONVIVIENDA,NO REPORTADO,Hombre,NO REPORTADO,NO REPORTADO,NO REPORTADO,13906765.0
SANEAMIENTO BÁSICO,NO REPORTADO,NO REPORTADO,URBANO,NO DISPONIBLE,NO REGISTRADO,FONVIVIENDA,NO REPORTADO,Hombre,NO REPORTADO,NO REPORTADO,NO REPORTADO,13622193.0
SANEAMIENTO BÁSICO,NO REPORTADO,NO REPORTADO,URBANO,NO DISPONIBLE,NO REGISTRADO,FONVIVIENDA,NO REPORTADO,Mujer,NO REPORTADO,NO REPORTADO,NO REPORTADO,13909364.0
SANEAMIENTO BÁSICO,NO REPORTADO,NO REPORTADO,URBANO,ADULTO MAYOR (60 o más),NO REGISTRADO,FONVIVIENDA,NO REPORTADO,Mujer,NO REPORTADO,NO REPORTADO,NO REPORTADO,13762146.0
SANEAMIENTO BÁSICO,NO REPORTADO,NO REPORTADO,URBANO,ADULTEZ (29-59),NO REGISTRADO,FONVIVIENDA,NO REPORTADO,Mujer,NO REPORTADO,NO REPORTADO,NO REPORTADO,13915527.0
SANEAMIENTO BÁSICO,NO REPORTADO,NO REPORTADO,URBANO,NO DISPONIBLE,NO REGISTRADO,FONVIVIENDA,NO REPORTADO,Mujer,NO REPORTADO,NO REPORTADO,NO REPORTADO,13813096.0
SANEAMIENTO BÁSICO,NO REPORTADO,NO REPORTADO,URBANO,ADULTO MAYOR (60 o más),NO REGISTRADO,FONVIVIENDA,NO REPORTADO,Hombre,NO REPORTADO,NO REPORTADO,NO REPORTADO,13796216.0
SANEAMIENTO BÁSICO,NO REPORTADO,NO REPORTADO,URBANO,NO DISPONIBLE,Víctima Conflicto Armado,FONVIVIENDA,NO REPORTADO,Mujer,NO REPORTADO,NO REPORTADO,NO REPORTADO,13900824.0
SANEAMIENTO BÁSICO,NO REPORTADO,NO REPORTADO,URBANO,NO DISPONIBLE,NO REGISTRADO,FONVIVIENDA,NO REPORTADO,Mujer,NO REPORTADO,NO REPORTADO,NO REPORTADO,13919905.0
SANEAMIENTO BÁSICO,NO REPORTADO,NO REPORTADO,URBANO,ADULTO MAYOR (60 o más),NO REGISTRADO,FONVIVIENDA,NO REPORTADO,Mujer,NO REPORTADO,NO REPORTADO,NO REPORTADO,13589185.0
SANEAMIENTO BÁSICO,NO REPORTADO,NO REPORTADO,URBANO,NO DISPONIBLE,NO REGISTRADO,FONVIVIENDA,NO REPORTADO,Mujer,NO REPORTADO,NO REPORTADO,NO REPORTADO,13918303.0
SANEAMIENTO BÁSICO,NO REPORTADO,NO REPORTADO,URBANO,ADULTO MAYOR (60 o más),Víctima Conflicto Armado,FONVIVIENDA,NO REPORTADO,Mujer,NO REPORTADO,NO REPORTADO,NO REPORTADO,13841484.0
SANEAMIENTO BÁSICO,NO REPORTADO,NO REPORTADO,URBANO,ADULTO MAYOR (60 o más),NO REGISTRADO,FONVIVIENDA,NO REPORTADO,Mujer,NO REPORTADO,NO REPORTADO,NO REPORTADO,13801914.0
SANEAMIENTO BÁSICO,NO REPORTADO,NO REPORTADO,URBANO,ADULTO MAYOR (60 o más),NO REGISTRADO,FONVIVIENDA,NO REPORTADO,Mujer,NO REPORTADO,NO REPORTADO,NO REPORTADO,13885231.0
SANEAMIENTO BÁSICO,NO REPORTADO,NO REPORTADO,URBANO,ADULTO MAYOR (60 o más),NO REGISTRADO,FONVIVIENDA,NO REPORTADO,Hombre,NO REPORTADO,NO REPORTADO,NO REPORTADO,13800898.0
SANEAMIENTO BÁSICO,NO REPORTADO,NO REPORTADO,URBANO,ADULTO MAYOR (60 o más),NO REGISTRADO,FONVIVIENDA,NO REPORTADO,Mujer,NO REPORTADO,NO REPORTADO,NO REPORTADO,13680928.0
SANEAMIENTO BÁSICO,NO REPORTADO,NO REPORTADO,URBANO,NO DISPONIBLE,Víctima Conflicto Armado,FONVIVIENDA,NO REPORTADO,Mujer,NO REPORTADO,NO REPORTADO,NO REPORTADO,13851751.0
SANEAMIENTO BÁSICO,NO REPORTADO,NO REPORTADO,URBANO,ADULTO MAYOR (60 o más),NO REGISTRADO,FONVIVIENDA,NO REPORTADO,Mujer,NO REPORTADO,NO REPORTADO,NO REPORTADO,13911063.0
SANEAMIENTO BÁSICO,NO REPORTADO,NO REPORTADO,URBANO,NO DISPONIBLE,NO REGISTRADO,FONVIVIENDA,NO REPORTADO,Mujer,NO REPORTADO,NO REPORTADO,NO REPORTADO,13919942.0
SANEAMIENTO BÁSICO,NO REPORTADO,NO REPORTADO,URBANO,ADULTO MAYOR (60 o más),NO REGISTRADO,FONVIVIENDA,NO REPORTADO,Hombre,NO REPORTADO,NO REPORTADO,NO REPORTADO,13256558.0
SANEAMIENTO BÁSICO,NO REPORTADO,NO REPORTADO,URBANO,NO DISPONIBLE,NO REGISTRADO,FONVIVIENDA,NO REPORTADO,Mujer,NO REPORTADO,NO REPORTADO,NO REPORTADO,13919996.0
SANEAMIENTO BÁSICO,NO REPORTADO,NO REPORTADO,URBANO,ADULTO MAYOR (60 o más),NO REGISTRADO,FONVIVIENDA,NO REPORTADO,Mujer,NO REPORTADO,NO REPORTADO,NO REPORTADO,13882873.0
SANEAMIENTO BÁSICO,NO REPORTADO,NO REPORTADO,URBANO,NO DISPONIBLE,NO REGISTRADO,FONVIVIENDA,NO REPORTADO,Hombre,NO REPORTADO,NO REPORTADO,NO REPORTADO,13912408.0
SANEAMIENTO BÁSICO,NO REPORTADO,NO REPORTADO,URBANO,NO DISPONIBLE,NO REGISTRADO,FONVIVIENDA,NO REPORTADO,Mujer,NO REPORTADO,NO REPORTADO,NO REPORTADO,13828425.0
SANEAMIENTO BÁSICO,NO REPORTADO,NO REPORTADO,URBANO,NO DISPONIBLE,NO REGISTRADO,FONVIVIENDA,NO REPORTADO,Mujer,NO REPORTADO,NO REPORTADO,NO REPORTADO,13705762.0
SANEAMIENTO BÁSICO,NO REPORTADO,NO REPORTADO,URBANO,NO DISPONIBLE,NO REGISTRADO,FONVIVIENDA,NO REPORTADO,Hombre,NO REPORTADO,NO REPORTADO,NO REPORTADO,13391664.0
SANEAMIENTO BÁSICO,NO REPORTADO,NO REPORTADO,URBANO,NO DISPONIBLE,Víctima Conflicto Armado,FONVIVIENDA,NO REPORTADO,Mujer,NO REPORTADO,NO REPORTADO,NO REPORTADO,13895286.0
SANEAMIENTO BÁSICO,NO REPORTADO,NO REPORTADO,URBANO,ADULTEZ (29-59),NO REGISTRADO,FONVIVIENDA,NO REPORTADO,Mujer,NO REPORTADO,NO REPORTADO,NO REPORTADO,13563465.0
SANEAMIENTO BÁSICO,NO REPORTADO,NO REPORTADO,URBANO,NO DISPONIBLE,Víctima Conflicto Armado,FONVIVIENDA,NO REPORTADO,Mujer,NO REPORTADO,NO REPORTADO,NO REPORTADO,13902409.0
SANEAMIENTO BÁSICO,NO REPORTADO,NO REPORTADO,URBANO,NO DISPONIBLE,NO REGISTRADO,FONVIVIENDA,NO REPORTADO,Hombre,NO REPORTADO,NO REPORTADO,NO REPORTADO,13892457.0
SANEAMIENTO BÁSICO,NO REPORTADO,NO REPORTADO,URBANO,ADULTEZ (29-59),NO REGISTRADO,FONVIVIENDA,NO REPORTADO,Hombre,NO REPORTADO,NO REPORTADO,NO REPORTADO,13901294.0
SANEAMIENTO BÁSICO,NO REPORTADO,NO REPORTADO,URBANO,NO DISPONIBLE,NO REGISTRADO,FONVIVIENDA,NO REPORTADO,Mujer,NO REPORTADO,NO REPORTADO,NO REPORTADO,13913595.0
SANEAMIENTO BÁSICO,NO REPORTADO,NO REPORTADO,URBANO,ADULTEZ (29-59),NO REGISTRADO,FONVIVIENDA,NO REPORTADO,Mujer,NO REPORTADO,NO REPORTADO,NO REPORTADO,13893034.0
SANEAMIENTO BÁSICO,NO REPORTADO,NO REPORTADO,URBANO,ADULTEZ (29-59),Víctima Conflicto Armado,FONVIVIENDA,NO REPORTADO,Mujer,NO REPORTADO,NO REPORTADO,NO REPORTADO,13568365.0
SANEAMIENTO BÁSICO,NO REPORTADO,NO REPORTADO,URBANO,NO DISPONIBLE,NO REGISTRADO,FONVIVIENDA,NO REPORTADO,Mujer,NO REPORTADO,NO REPORTADO,NO REPORTADO,13721927.0
SANEAMIENTO BÁSICO,NO REPORTADO,NO REPORTADO,URBANO,NO DISPONIBLE,NO REGISTRADO,FONVIVIENDA,NO REPORTADO,Mujer,NO REPORTADO,NO REPORTADO,NO REPORTADO,13880328.0
SANEAMIENTO BÁSICO,NO REPORTADO,NO REPORTADO,URBANO,ADULTO MAYOR (60 o más),Víctima Conflicto Armado,FONVIVIENDA,NO REPORTADO,Hombre,NO REPORTADO,NO REPORTADO,NO REPORTADO,12457414.0
SANEAMIENTO BÁSICO,NO REPORTADO,NO REPORTADO,URBANO,NO DISPONIBLE,NO REGISTRADO,FONVIVIENDA,NO REPORTADO,Hombre,NO REPORTADO,NO REPORTADO,NO REPORTADO,13913895.0
SANEAMIENTO BÁSICO,NO REPORTADO,NO REPORTADO,URBANO,NO DISPONIBLE,NO REGISTRADO,FONVIVIENDA,NO REPORTADO,Mujer,NO REPORTADO,NO REPORTADO,NO REPORTADO,13876726.0
SANEAMIENTO BÁSICO,NO REPORTADO,NO REPORTADO,URBANO,NO DISPONIBLE,NO REGISTRADO,FONVIVIENDA,NO REPORTADO,Mujer,NO REPORTADO,NO REPORTADO,NO REPORTADO,13909970.0
SANEAMIENTO BÁSICO,NO REPORTADO,NO REPORTADO,URBANO,NO DISPONIBLE,Víctima Conflicto Armado,FONVIVIENDA,NO REPORTADO,Mujer,NO REPORTADO,NO REPORTADO,NO REPORTADO,13917627.0
SANEAMIENTO BÁSICO,NO REPORTADO,NO REPORTADO,URBANO,NO DISPONIBLE,NO REGISTRADO,FONVIVIENDA,NO REPORTADO,Mujer,NO REPORTADO,NO REPORTADO,NO REPORTADO,13863230.0
SANEAMIENTO BÁSICO,NO REPORTADO,NO REPORTADO,URBANO,NO DISPONIBLE,Víctima Conflicto Armado,FONVIVIENDA,NO REPORTADO,Hombre,NO REPORTADO,NO REPORTADO,NO REPORTADO,13372517.0
SANEAMIENTO BÁSICO,NO REPORTADO,NO REPORTADO,URBANO,ADULTEZ (29-59),NO REGISTRADO,FONVIVIENDA,NO REPORTADO,Mujer,NO REPORTADO,NO REPORTADO,NO REPORTADO,13447682.0
SANEAMIENTO BÁSICO,NO REPORTADO,NO REPORTADO,URBANO,NO DISPONIBLE,NO REGISTRADO,FONVIVIENDA,NO REPORTADO,Mujer,NO REPORTADO,NO REPORTADO,NO REPORTADO,13584909.0
SANEAMIENTO BÁSICO,NO REPORTADO,NO REPORTADO,URBANO,NO DISPONIBLE,NO REGISTRADO,FONVIVIENDA,NO REPORTADO,Hombre,NO REPORTADO,NO REPORTADO,NO REPORTADO,13846788.0
SANEAMIENTO BÁSICO,NO REPORTADO,NO REPORTADO,URBANO,NO DISPONIBLE,NO REGISTRADO,FONVIVIENDA,NO REPORTADO,Hombre,NO REPORTADO,NO REPORTADO,NO REPORTADO,13914837.0
SANEAMIENTO BÁSICO,NO REPORTADO,NO REPORTADO,URBANO,ADULTEZ (29-59),NO REGISTRADO,FONVIVIENDA,NO REPORTADO,Mujer,NO REPORTADO,NO REPORTADO,NO REPORTADO,13772736.0
SANEAMIENTO BÁSICO,NO REPORTADO,NO REPORTADO,URBANO,NO DISPONIBLE,NO REGISTRADO,FONVIVIENDA,NO REPORTADO,Hombre,NO REPORTADO,NO REPORTADO,NO REPORTADO,13814876.0
SANEAMIENTO BÁSICO,NO REPORTADO,NO REPORTADO,URBANO,NO DISPONIBLE,NO REGISTRADO,FONVIVIENDA,NO REPORTADO,Mujer,NO REPORTADO,NO REPORTADO,NO REPORTADO,13897873.0
SANEAMIENTO BÁSICO,NO REPORTADO,NO REPORTADO,URBANO,NO DISPONIBLE,NO REGISTRADO,FONVIVIENDA,NO REPORTADO,Hombre,NO REPORTADO,NO REPORTADO,NO REPORTADO,13884240.0
SANEAMIENTO BÁSICO,NO REPORTADO,NO REPORTADO,URBANO,NO DISPONIBLE,NO REGISTRADO,FONVIVIENDA,NO REPORTADO,Mujer,NO REPORTADO,NO REPORTADO,NO REPORTADO,13844646.0
SANEAMIENTO BÁSICO,NO REPORTADO,NO REPORTADO,URBANO,NO DISPONIBLE,NO REGISTRADO,FONVIVIENDA,NO REPORTADO,Hombre,NO REPORTADO,NO REPORTADO,NO REPORTADO,13886609.0
SANEAMIENTO BÁSICO,NO REPORTADO,NO REPORTADO,URBANO,NO DISPONIBLE,NO REGISTRADO,FONVIVIENDA,NO REPORTADO,Mujer,NO REPORTADO,NO REPORTADO,NO REPORTADO,13886912.0
SANEAMIENTO BÁSICO,NO REPORTADO,NO REPORTADO,URBANO,NO DISPONIBLE,Víctima Conflicto Armado,FONVIVIENDA,NO REPORTADO,Mujer,NO REPORTADO,NO REPORTADO,NO REPORTADO,13917294.0
SANEAMIENTO BÁSICO,NO REPORTADO,NO REPORTADO,URBANO,ADULTEZ (29-59),Víctima Conflicto Armado,FONVIVIENDA,NO REPORTADO,Hombre,NO REPORTADO,NO REPORTADO,NO REPORTADO,13551919.0
SANEAMIENTO BÁSICO,NO REPORTADO,NO REPORTADO,URBANO,NO DISPONIBLE,NO REGISTRADO,FONVIVIENDA,NO REPORTADO,Hombre,NO REPORTADO,NO REPORTADO,NO REPORTADO,13775760.0
SANEAMIENTO BÁSICO,NO REPORTADO,NO REPORTADO,URBANO,NO DISPONIBLE,NO REGISTRADO,FONVIVIENDA,NO REPORTADO,Mujer,NO REPORTADO,NO REPORTADO,NO REPORTADO,13766422.0
SANEAMIENTO BÁSICO,NO REPORTADO,NO REPORTADO,URBANO,NO DISPONIBLE,Víctima Conflicto Armado,FONVIVIENDA,NO REPORTADO,Mujer,NO REPORTADO,NO REPORTADO,NO REPORTADO,13890007.0
SANEAMIENTO BÁSICO,NO REPORTADO,NO REPORTADO,URBANO,NO DISPONIBLE,NO REGISTRADO,FONVIVIENDA,NO REPORTADO,Mujer,NO REPORTADO,NO REPORTADO,NO REPORTADO,13907093.0
SANEAMIENTO BÁSICO,NO REPORTADO,NO REPORTADO,URBANO,NO DISPONIBLE,NO REGISTRADO,FONVIVIENDA,NO REPORTADO,Mujer,NO REPORTADO,NO REPORTADO,NO REPORTADO,13895436.0
SANEAMIENTO BÁSICO,NO REPORTADO,NO REPORTADO,URBANO,NO DISPONIBLE,Víctima Conflicto Armado,FONVIVIENDA,NO REPORTADO,Mujer,NO REPORTADO,NO REPORTADO,NO REPORTADO,13918434.0
SANEAMIENTO BÁSICO,NO REPORTADO,NO REPORTADO,URBANO,NO DISPONIBLE,NO REGISTRADO,FONVIVIENDA,NO REPORTADO,Mujer,NO REPORTADO,NO REPORTADO,NO REPORTADO,13897027.0
SANEAMIENTO BÁSICO,NO REPORTADO,NO REPORTADO,URBANO,NO DISPONIBLE,NO REGISTRADO,FONVIVIENDA,NO REPORTADO,Hombre,NO REPORTADO,NO REPORTADO,NO REPORTADO,13897664.0
SANEAMIENTO BÁSICO,NO REPORTADO,NO REPORTADO,URBANO,NO DISPONIBLE,NO REGISTRADO,FONVIVIENDA,NO REPORTADO,Hombre,NO REPORTADO,NO REPORTADO,NO REPORTADO,13914203.0
SANEAMIENTO BÁSICO,NO REPORTADO,NO REPORTADO,URBANO,NO DISPONIBLE,Víctima Conflicto Armado,FONVIVIENDA,NO REPORTADO,Mujer,NO REPORTADO,NO REPORTADO,NO REPORTADO,13888243.0
SANEAMIENTO BÁSICO,NO REPORTADO,NO REPORTADO,URBANO,NO DISPONIBLE,NO REGISTRADO,FONVIVIENDA,NO REPORTADO,Mujer,NO REPORTADO,NO REPORTADO,NO REPORTADO,13838425.0
SANEAMIENTO BÁSICO,NO REPORTADO,NO REPORTADO,URBANO,NO DISPONIBLE,NO REGISTRADO,FONVIVIENDA,NO REPORTADO,Mujer,NO REPORTADO,NO REPORTADO,NO REPORTADO,13892966.0
SANEAMIENTO BÁSICO,NO REPORTADO,NO REPORTADO,URBANO,NO DISPONIBLE,NO REGISTRADO,FONVIVIENDA,NO REPORTADO,Mujer,NO REPORTADO,NO REPORTADO,NO REPORTADO,13914926.0
SANEAMIENTO BÁSICO,NO REPORTADO,NO REPORTADO,URBANO,NO DISPONIBLE,NO REGISTRADO,FONVIVIENDA,NO REPORTADO,Mujer,NO REPORTADO,NO REPORTADO,NO REPORTADO,13746692.0
SANEAMIENTO BÁSICO,NO REPORTADO,NO REPORTADO,URBANO,NO DISPONIBLE,NO REGISTRADO,FONVIVIENDA,NO REPORTADO,Mujer,NO REPORTADO,NO REPORTADO,NO REPORTADO,13845586.0
SANEAMIENTO BÁSICO,NO REPORTADO,NO REPORTADO,URBANO,NO DISPONIBLE,NO REGISTRADO,FONVIVIENDA,NO REPORTADO,Hombre,NO REPORTADO,NO REPORTADO,NO REPORTADO,13540676.0
SANEAMIENTO BÁSICO,NO REPORTADO,NO REPORTADO,URBANO,NO DISPONIBLE,NO REGISTRADO,FONVIVIENDA,NO REPORTADO,Mujer,NO REPORTADO,NO REPORTADO,NO REPORTADO,13360711.0
SANEAMIENTO BÁSICO,NO REPORTADO,NO REPORTADO,URBANO,NO DISPONIBLE,NO REGISTRADO,FONVIVIENDA,NO REPORTADO,Mujer,NO REPORTADO,NO REPORTADO,NO REPORTADO,13711539.0
SANEAMIENTO BÁSICO,NO REPORTADO,NO REPORTADO,URBANO,NO DISPONIBLE,NO REGISTRADO,FONVIVIENDA,NO REPORTADO,Mujer,NO REPORTADO,NO REPORTADO,NO REPORTADO,13658104.0
SANEAMIENTO BÁSICO,NO REPORTADO,NO REPORTADO,URBANO,NO DISPONIBLE,NO REGISTRADO,FONVIVIENDA,NO REPORTADO,Mujer,NO REPORTADO,NO REPORTADO,NO REPORTADO,12251720.0
SANEAMIENTO BÁSICO,NO REPORTADO,NO REPORTADO,URBANO,NO DISPONIBLE,NO REGISTRADO,FONVIVIENDA,NO REPORTADO,Hombre,NO REPORTADO,NO REPORTADO,NO REPORTADO,13854272.0
SANEAMIENTO BÁSICO,NO REPORTADO,NO REPORTADO,URBANO,NO DISPONIBLE,NO REGISTRADO,FONVIVIENDA,NO REPORTADO,Mujer,NO REPORTADO,NO REPORTADO,NO REPORTADO,13540797.0
SANEAMIENTO BÁSICO,NO REPORTADO,NO REPORTADO,URBANO,NO DISPONIBLE,Víctima Conflicto Armado,FONVIVIENDA,NO REPORTADO,Mujer,NO REPORTADO,NO REPORTADO,NO REPORTADO,13806967.0
SANEAMIENTO BÁSICO,NO REPORTADO,NO REPORTADO,URBANO,NO DISPONIBLE,NO REGISTRADO,FONVIVIENDA,NO REPORTADO,Mujer,NO REPORTADO,NO REPORTADO,NO REPORTADO,13691525.0
SANEAMIENTO BÁSICO,NO REPORTADO,NO REPORTADO,URBANO,NO DISPONIBLE,NO REGISTRADO,FONVIVIENDA,NO REPORTADO,Mujer,NO REPORTADO,NO REPORTADO,NO REPORTADO,13572279.0
SANEAMIENTO BÁSICO,NO REPORTADO,NO REPORTADO,URBANO,NO DISPONIBLE,NO REGISTRADO,FONVIVIENDA,NO REPORTADO,Mujer,NO REPORTADO,NO REPORTADO,NO REPORTADO,13763564.0
SANEAMIENTO BÁSICO,NO REPORTADO,NO REPORTADO,URBANO,NO DISPONIBLE,NO REGISTRADO,FONVIVIENDA,NO REPORTADO,Hombre,NO REPORTADO,NO REPORTADO,NO REPORTADO,13326908.0
SANEAMIENTO BÁSICO,NO REPORTADO,NO REPORTADO,URBANO,NO DISPONIBLE,NO REGISTRADO,FONVIVIENDA,NO REPORTADO,Mujer,NO REPORTADO,NO REPORTADO,NO REPORTADO,10660001.0
SANEAMIENTO BÁSICO,NO REPORTADO,NO REPORTADO,URBANO,NO DISPONIBLE,NO REGISTRADO,FONVIVIENDA,NO REPORTADO,Mujer,NO REPORTADO,NO REPORTADO,NO REPORTADO,13712384.0
SANEAMIENTO BÁSICO,NO REPORTADO,NO REPORTADO,URBANO,NO DISPONIBLE,NO REGISTRADO,FONVIVIENDA,NO REPORTADO,Hombre,NO REPORTADO,NO REPORTADO,NO REPORTADO,13150153.0
SANEAMIENTO BÁSICO,NO REPORTADO,NO REPORTADO,URBANO,NO DISPONIBLE,NO REGISTRADO,FONVIVIENDA,NO REPORTADO,Mujer,NO REPORTADO,NO REPORTADO,NO REPORTADO,13860397.0
SANEAMIENTO BÁSICO,NO REPORTADO,NO REPORTADO,URBANO,NO DISPONIBLE,NO REGISTRADO,FONVIVIENDA,NO REPORTADO,Mujer,NO REPORTADO,NO REPORTADO,NO REPORTADO,13525463.0
SANEAMIENTO BÁSICO,NO REPORTADO,NO REPORTADO,URBANO,NO DISPONIBLE,NO REGISTRADO,FONVIVIENDA,NO REPORTADO,Mujer,NO REPORTADO,NO REPORTADO,NO REPORTADO,13868153.0
SANEAMIENTO BÁSICO,NO REPORTADO,NO REPORTADO,URBANO,NO DISPONIBLE,NO REGISTRADO,FONVIVIENDA,NO REPORTADO,Mujer,NO REPORTADO,NO REPORTADO,NO REPORTADO,13805424.0
SANEAMIENTO BÁSICO,NO REPORTADO,NO REPORTADO,URBANO,NO DISPONIBLE,NO REGISTRADO,FONVIVIENDA,NO REPORTADO,Hombre,NO REPORTADO,NO REPORTADO,NO REPORTADO,13791350.0
SANEAMIENTO BÁSICO,NO REPORTADO,NO REPORTADO,URBANO,NO DISPONIBLE,NO REGISTRADO,FONVIVIENDA,NO REPORTADO,Mujer,NO REPORTADO,NO REPORTADO,NO REPORTADO,13863307.0
SANEAMIENTO BÁSICO,NO REPORTADO,NO REPORTADO,URBANO,NO DISPONIBLE,Víctima Conflicto Armado,FONVIVIENDA,NO REPORTADO,Hombre,NO REPORTADO,NO REPORTADO,NO REPORTADO,13866203.0
SANEAMIENTO BÁSICO,NO REPORTADO,NO REPORTADO,URBANO,NO DISPONIBLE,Víctima Conflicto Armado,FONVIVIENDA,NO REPORTADO,Hombre,NO REPORTADO,NO REPORTADO,NO REPORTADO,13799145.0
SANEAMIENTO BÁSICO,NO REPORTADO,NO REPORTADO,URBANO,NO DISPONIBLE,NO REGISTRADO,FONVIVIENDA,NO REPORTADO,Mujer,NO REPORTADO,NO REPORTADO,NO REPORTADO,13782836.0
SANEAMIENTO BÁSICO,NO REPORTADO,NO REPORTADO,URBANO,NO DISPONIBLE,NO REGISTRADO,FONVIVIENDA,NO REPORTADO,Mujer,NO REPORTADO,NO REPORTADO,NO REPORTADO,13914210.0
SANEAMIENTO BÁSICO,NO REPORTADO,NO REPORTADO,URBANO,NO DISPONIBLE,NO REGISTRADO,FONVIVIENDA,NO REPORTADO,Hombre,NO REPORTADO,NO REPORTADO,NO REPORTADO,13911288.0
SANEAMIENTO BÁSICO,NO REPORTADO,NO REPORTADO,URBANO,NO DISPONIBLE,NO REGISTRADO,FONVIVIENDA,NO REPORTADO,Mujer,NO REPORTADO,NO REPORTADO,NO REPORTADO,13727888.0
SANEAMIENTO BÁSICO,NO REPORTADO,NO REPORTADO,URBANO,NO DISPONIBLE,NO REGISTRADO,FONVIVIENDA,NO REPORTADO,Mujer,NO REPORTADO,NO REPORTADO,NO REPORTADO,13823846.0
SANEAMIENTO BÁSICO,NO REPORTADO,NO REPORTADO,URBANO,NO DISPONIBLE,NO REGISTRADO,FONVIVIENDA,NO REPORTADO,Mujer,NO REPORTADO,NO REPORTADO,NO REPORTADO,13902450.0
SANEAMIENTO BÁSICO,NO REPORTADO,NO REPORTADO,URBANO,NO DISPONIBLE,Víctima Conflicto Armado,FONVIVIENDA,NO REPORTADO,Mujer,NO REPORTADO,NO REPORTADO,NO REPORTADO,13908257.0
SANEAMIENTO BÁSICO,NO REPORTADO,NO REPORTADO,URBANO,NO DISPONIBLE,Víctima Conflicto Armado,FONVIVIENDA,NO REPORTADO,Hombre,NO REPORTADO,NO REPORTADO,NO REPORTADO,13520822.0
SANEAMIENTO BÁSICO,NO REPORTADO,NO REPORTADO,URBANO,NO DISPONIBLE,NO REGISTRADO,FONVIVIENDA,NO REPORTADO,Mujer,NO REPORTADO,NO REPORTADO,NO REPORTADO,13496262.0
SANEAMIENTO BÁSICO,NO REPORTADO,NO REPORTADO,URBANO,NO DISPONIBLE,NO REGISTRADO,FONVIVIENDA,NO REPORTADO,Mujer,NO REPORTADO,NO REPORTADO,NO REPORTADO,13895732.0
SANEAMIENTO BÁSICO,NO REPORTADO,NO REPORTADO,URBANO,NO DISPONIBLE,Víctima Conflicto Armado,FONVIVIENDA,NO REPORTADO,Hombre,NO REPORTADO,NO REPORTADO,NO REPORTADO,13903344.0
SANEAMIENTO BÁSICO,NO REPORTADO,NO REPORTADO,URBANO,NO DISPONIBLE,NO REGISTRADO,FONVIVIENDA,NO REPORTADO,Hombre,NO REPORTADO,NO REPORTADO,NO REPORTADO,13872182.0
SANEAMIENTO BÁSICO,NO REPORTADO,NO REPORTADO,URBANO,NO DISPONIBLE,NO REGISTRADO,FONVIVIENDA,NO REPORTADO,Mujer,NO REPORTADO,NO REPORTADO,NO REPORTADO,13857800.0
SANEAMIENTO BÁSICO,NO REPORTADO,NO REPORTADO,URBANO,NO DISPONIBLE,Víctima Conflicto Armado,FONVIVIENDA,NO REPORTADO,Hombre,NO REPORTADO,NO REPORTADO,NO REPORTADO,13885991.0
SANEAMIENTO BÁSICO,NO REPORTADO,NO REPORTADO,URBANO,NO DISPONIBLE,NO REGISTRADO,FONVIVIENDA,NO REPORTADO,Hombre,NO REPORTADO,NO REPORTADO,NO REPORTADO,13891289.0
SANEAMIENTO BÁSICO,NO REPORTADO,NO REPORTADO,URBANO,NO DISPONIBLE,NO REGISTRADO,FONVIVIENDA,NO REPORTADO,Mujer,NO REPORTADO,NO REPORTADO,NO REPORTADO,13850960.0
SANEAMIENTO BÁSICO,NO REPORTADO,NO REPORTADO,URBANO,NO DISPONIBLE,Víctima Conflicto Armado,FONVIVIENDA,NO REPORTADO,Mujer,NO REPORTADO,NO REPORTADO,NO REPORTADO,13838545.0
SANEAMIENTO BÁSICO,NO REPORTADO,NO REPORTADO,URBANO,NO DISPONIBLE,Víctima Conflicto Armado,FONVIVIENDA,NO REPORTADO,Mujer,NO REPORTADO,NO REPORTADO,NO REPORTADO,13172375.0
SANEAMIENTO BÁSICO,NO REPORTADO,NO REPORTADO,URBANO,NO DISPONIBLE,NO REGISTRADO,FONVIVIENDA,NO REPORTADO,Mujer,NO REPORTADO,NO REPORTADO,NO REPORTADO,13878801.0
SANEAMIENTO BÁSICO,NO REPORTADO,NO REPORTADO,URBANO,NO DISPONIBLE,NO REGISTRADO,FONVIVIENDA,NO REPORTADO,Mujer,NO REPORTADO,NO REPORTADO,NO REPORTADO,13758895.0
SANEAMIENTO BÁSICO,NO REPORTADO,NO REPORTADO,URBANO,NO DISPONIBLE,NO REGISTRADO,FONVIVIENDA,NO REPORTADO,Mujer,NO REPORTADO,NO REPORTADO,NO REPORTADO,13862848.0
SANEAMIENTO BÁSICO,NO REPORTADO,NO REPORTADO,URBANO,NO DISPONIBLE,NO REGISTRADO,FONVIVIENDA,NO REPORTADO,Hombre,NO REPORTADO,NO REPORTADO,NO REPORTADO,13916687.0
SANEAMIENTO BÁSICO,NO REPORTADO,NO REPORTADO,URBANO,NO DISPONIBLE,NO REGISTRADO,FONVIVIENDA,NO REPORTADO,Hombre,NO REPORTADO,NO REPORTADO,NO REPORTADO,13539576.0
SANEAMIENTO BÁSICO,NO REPORTADO,NO REPORTADO,URBANO,NO DISPONIBLE,NO REGISTRADO,FONVIVIENDA,NO REPORTADO,Hombre,NO REPORTADO,NO REPORTADO,NO REPORTADO,13734264.0
SANEAMIENTO BÁSICO,NO REPORTADO,NO REPORTADO,URBANO,NO DISPONIBLE,NO REGISTRADO,FONVIVIENDA,NO REPORTADO,Mujer,NO REPORTADO,NO REPORTADO,NO REPORTADO,13555832.0
SANEAMIENTO BÁSICO,NO REPORTADO,NO REPORTADO,URBANO,NO DISPONIBLE,NO REGISTRADO,FONVIVIENDA,NO REPORTADO,Mujer,NO REPORTADO,NO REPORTADO,NO REPORTADO,13135587.0
SANEAMIENTO BÁSICO,NO REPORTADO,NO REPORTADO,URBANO,NO DISPONIBLE,NO REGISTRADO,FONVIVIENDA,NO REPORTADO,Mujer,NO REPORTADO,NO REPORTADO,NO REPORTADO,13919937.0
SANEAMIENTO BÁSICO,NO REPORTADO,NO REPORTADO,URBANO,NO DISPONIBLE,NO REGISTRADO,FONVIVIENDA,NO REPORTADO,Mujer,NO REPORTADO,NO REPORTADO,NO REPORTADO,13893818.0
SANEAMIENTO BÁSICO,NO REPORTADO,NO REPORTADO,URBANO,NO DISPONIBLE,NO REGISTRADO,FONVIVIENDA,NO REPORTADO,Mujer,NO REPORTADO,NO REPORTADO,NO REPORTADO,13843134.0
SANEAMIENTO BÁSICO,NO REPORTADO,NO REPORTADO,URBANO,NO DISPONIBLE,NO REGISTRADO,FONVIVIENDA,NO REPORTADO,Mujer,NO REPORTADO,NO REPORTADO,NO REPORTADO,13912905.0
SANEAMIENTO BÁSICO,NO REPORTADO,NO REPORTADO,URBANO,NO DISPONIBLE,NO REGISTRADO,FONVIVIENDA,NO REPORTADO,Mujer,NO REPORTADO,NO REPORTADO,NO REPORTADO,13880556.0
SANEAMIENTO BÁSICO,NO REPORTADO,NO REPORTADO,URBANO,NO DISPONIBLE,NO REGISTRADO,FONVIVIENDA,NO REPORTADO,Mujer,NO REPORTADO,NO REPORTADO,NO REPORTADO,13891802.0
SANEAMIENTO BÁSICO,NO REPORTADO,NO REPORTADO,URBANO,NO DISPONIBLE,NO REGISTRADO,FONVIVIENDA,NO REPORTADO,Mujer,NO REPORTADO,NO REPORTADO,NO REPORTADO,13910308.0
SANEAMIENTO BÁSICO,NO REPORTADO,NO REPORTADO,URBANO,NO DISPONIBLE,NO REGISTRADO,FONVIVIENDA,NO REPORTADO,Mujer,NO REPORTADO,NO REPORTADO,NO REPORTADO,13916179.0
SANEAMIENTO BÁSICO,NO REPORTADO,NO REPORTADO,URBANO,NO DISPONIBLE,NO REGISTRADO,FONVIVIENDA,NO REPORTADO,Hombre,NO REPORTADO,NO REPORTADO,NO REPORTADO,13885362.0
SANEAMIENTO BÁSICO,NO REPORTADO,NO REPORTADO,URBANO,NO DISPONIBLE,NO REGISTRADO,FONVIVIENDA,NO REPORTADO,Mujer,NO REPORTADO,NO REPORTADO,NO REPORTADO,13899837.0
SANEAMIENTO BÁSICO,NO REPORTADO,NO REPORTADO,URBANO,NO DISPONIBLE,Víctima Conflicto Armado,FONVIVIENDA,NO REPORTADO,Mujer,NO REPORTADO,NO REPORTADO,NO REPORTADO,13883345.0
SANEAMIENTO BÁSICO,NO REPORTADO,NO REPORTADO,URBANO,NO DISPONIBLE,NO REGISTRADO,FONVIVIENDA,NO REPORTADO,Mujer,NO REPORTADO,NO REPORTADO,NO REPORTADO,13893930.0
SANEAMIENTO BÁSICO,NO REPORTADO,NO REPORTADO,URBANO,NO DISPONIBLE,Víctima Conflicto Armado,FONVIVIENDA,NO REPORTADO,Hombre,NO REPORTADO,NO REPORTADO,NO REPORTADO,13915559.0
SANEAMIENTO BÁSICO,NO REPORTADO,NO REPORTADO,URBANO,NO DISPONIBLE,NO REGISTRADO,FONVIVIENDA,NO REPORTADO,Mujer,NO REPORTADO,NO REPORTADO,NO REPORTADO,13893311.0
SANEAMIENTO BÁSICO,NO REPORTADO,NO REPORTADO,URBANO,NO DISPONIBLE,NO REGISTRADO,FONVIVIENDA,NO REPORTADO,Mujer,NO REPORTADO,NO REPORTADO,NO REPORTADO,13903149.0
SANEAMIENTO BÁSICO,NO REPORTADO,NO REPORTADO,URBANO,NO DISPONIBLE,NO REGISTRADO,FONVIVIENDA,NO REPORTADO,Hombre,NO REPORTADO,NO REPORTADO,NO REPORTADO,13892636.0
SANEAMIENTO BÁSICO,NO REPORTADO,NO REPORTADO,URBANO,NO DISPONIBLE,NO REGISTRADO,FONVIVIENDA,NO REPORTADO,Mujer,NO REPORTADO,NO REPORTADO,NO REPORTADO,13822611.0
SANEAMIENTO BÁSICO,NO REPORTADO,NO REPORTADO,URBANO,NO DISPONIBLE,NO REGISTRADO,FONVIVIENDA,NO REPORTADO,Mujer,NO REPORTADO,NO REPORTADO,NO REPORTADO,13757801.0
SANEAMIENTO BÁSICO,NO REPORTADO,NO REPORTADO,URBANO,NO DISPONIBLE,NO REGISTRADO,FONVIVIENDA,NO REPORTADO,Mujer,NO REPORTADO,NO REPORTADO,NO REPORTADO,13881961.0
SANEAMIENTO BÁSICO,NO REPORTADO,NO REPORTADO,URBANO,NO DISPONIBLE,NO REGISTRADO,FONVIVIENDA,NO REPORTADO,Hombre,NO REPORTADO,NO REPORTADO,NO REPORTADO,13812021.0
SANEAMIENTO BÁSICO,NO REPORTADO,NO REPORTADO,URBANO,NO DISPONIBLE,NO REGISTRADO,FONVIVIENDA,NO REPORTADO,Mujer,NO REPORTADO,NO REPORTADO,NO REPORTADO,13742424.0
SANEAMIENTO BÁSICO,NO REPORTADO,NO REPORTADO,URBANO,NO DISPONIBLE,NO REGISTRADO,FONVIVIENDA,NO REPORTADO,Hombre,NO REPORTADO,NO REPORTADO,NO REPORTADO,13788998.0
SANEAMIENTO BÁSICO,NO REPORTADO,NO REPORTADO,URBANO,NO DISPONIBLE,NO REGISTRADO,FONVIVIENDA,NO REPORTADO,Mujer,NO REPORTADO,NO REPORTADO,NO REPORTADO,13569630.0
SANEAMIENTO BÁSICO,NO REPORTADO,NO REPORTADO,URBANO,NO DISPONIBLE,Víctima Conflicto Armado,FONVIVIENDA,NO REPORTADO,Mujer,NO REPORTADO,NO REPORTADO,NO REPORTADO,13913430.0
SANEAMIENTO BÁSICO,NO REPORTADO,NO REPORTADO,URBANO,NO DISPONIBLE,NO REGISTRADO,FONVIVIENDA,NO REPORTADO,Mujer,NO REPORTADO,NO REPORTADO,NO REPORTADO,13854647.0
SANEAMIENTO BÁSICO,NO REPORTADO,NO REPORTADO,URBANO,NO DISPONIBLE,NO REGISTRADO,FONVIVIENDA,NO REPORTADO,Mujer,NO REPORTADO,NO REPORTADO,NO REPORTADO,13786732.0
SANEAMIENTO BÁSICO,NO REPORTADO,NO REPORTADO,URBANO,NO DISPONIBLE,NO REGISTRADO,FONVIVIENDA,NO REPORTADO,Hombre,NO REPORTADO,NO REPORTADO,NO REPORTADO,13697277.0
SANEAMIENTO BÁSICO,NO REPORTADO,NO REPORTADO,URBANO,NO DISPONIBLE,Víctima Conflicto Armado,FONVIVIENDA,NO REPORTADO,Mujer,NO REPORTADO,NO REPORTADO,NO REPORTADO,13885970.0
SANEAMIENTO BÁSICO,NO REPORTADO,NO REPORTADO,URBANO,NO DISPONIBLE,NO REGISTRADO,FONVIVIENDA,NO REPORTADO,Mujer,NO REPORTADO,NO REPORTADO,NO REPORTADO,13912672.0
SANEAMIENTO BÁSICO,NO REPORTADO,NO REPORTADO,URBANO,NO DISPONIBLE,NO REGISTRADO,FONVIVIENDA,NO REPORTADO,Mujer,NO REPORTADO,NO REPORTADO,NO REPORTADO,13899642.0
SANEAMIENTO BÁSICO,NO REPORTADO,NO REPORTADO,URBANO,NO DISPONIBLE,NO REGISTRADO,FONVIVIENDA,NO REPORTADO,Mujer,NO REPORTADO,NO REPORTADO,NO REPORTADO,13879705.0
SANEAMIENTO BÁSICO,NO REPORTADO,NO REPORTADO,URBANO,NO DISPONIBLE,NO REGISTRADO,FONVIVIENDA,NO REPORTADO,Hombre,NO REPORTADO,NO REPORTADO,NO REPORTADO,13902616.0
SANEAMIENTO BÁSICO,NO REPORTADO,NO REPORTADO,URBANO,NO DISPONIBLE,NO REGISTRADO,FONVIVIENDA,NO REPORTADO,Mujer,NO REPORTADO,NO REPORTADO,NO REPORTADO,13875409.0
SANEAMIENTO BÁSICO,NO REPORTADO,NO REPORTADO,URBANO,NO DISPONIBLE,Víctima Conflicto Armado,FONVIVIENDA,NO REPORTADO,Mujer,NO REPORTADO,NO REPORTADO,NO REPORTADO,13919998.0
SANEAMIENTO BÁSICO,NO REPORTADO,NO REPORTADO,URBANO,NO DISPONIBLE,NO REGISTRADO,FONVIVIENDA,NO REPORTADO,Mujer,NO REPORTADO,NO REPORTADO,NO REPORTADO,13909190.0
SANEAMIENTO BÁSICO,NO REPORTADO,NO REPORTADO,URBANO,NO DISPONIBLE,Víctima Conflicto Armado,FONVIVIENDA,NO REPORTADO,Mujer,NO REPORTADO,NO REPORTADO,NO REPORTADO,13919989.0
SANEAMIENTO BÁSICO,NO REPORTADO,NO REPORTADO,URBANO,NO DISPONIBLE,NO REGISTRADO,FONVIVIENDA,NO REPORTADO,Mujer,NO REPORTADO,NO REPORTADO,NO REPORTADO,13919995.0
SANEAMIENTO BÁSICO,NO REPORTADO,NO REPORTADO,URBANO,NO DISPONIBLE,NO REGISTRADO,FONVIVIENDA,NO REPORTADO,Mujer,NO REPORTADO,NO REPORTADO,NO REPORTADO,13919986.0
SANEAMIENTO BÁSICO,NO REPORTADO,NO REPORTADO,URBANO,NO DISPONIBLE,Víctima Conflicto Armado,FONVIVIENDA,NO REPORTADO,Hombre,NO REPORTADO,NO REPORTADO,NO REPORTADO,12843439.0
SANEAMIENTO BÁSICO,NO REPORTADO,NO REPORTADO,URBANO,NO DISPONIBLE,NO REGISTRADO,FONVIVIENDA,NO REPORTADO,Mujer,NO REPORTADO,NO REPORTADO,NO REPORTADO,13919949.0
SANEAMIENTO BÁSICO,NO REPORTADO,NO REPORTADO,URBANO,NO DISPONIBLE,NO REGISTRADO,FONVIVIENDA,NO REPORTADO,Hombre,NO REPORTADO,NO REPORTADO,NO REPORTADO,13905789.0
SANEAMIENTO BÁSICO,NO REPORTADO,NO REPORTADO,URBANO,NO DISPONIBLE,Víctima Conflicto Armado,FONVIVIENDA,NO REPORTADO,Mujer,NO REPORTADO,NO REPORTADO,NO REPORTADO,13885922.0
SANEAMIENTO BÁSICO,NO REPORTADO,NO REPORTADO,URBANO,NO DISPONIBLE,NO REGISTRADO,FONVIVIENDA,NO REPORTADO,Hombre,NO REPORTADO,NO REPORTADO,NO REPORTADO,13655864.0
SANEAMIENTO BÁSICO,NO REPORTADO,NO REPORTADO,URBANO,NO DISPONIBLE,Víctima Conflicto Armado,FONVIVIENDA,NO REPORTADO,Mujer,NO REPORTADO,NO REPORTADO,NO REPORTADO,13891549.0
SANEAMIENTO BÁSICO,NO REPORTADO,NO REPORTADO,URBANO,NO DISPONIBLE,NO REGISTRADO,FONVIVIENDA,NO REPORTADO,Mujer,NO REPORTADO,NO REPORTADO,NO REPORTADO,13058142.0
SANEAMIENTO BÁSICO,NO REPORTADO,NO REPORTADO,URBANO,NO DISPONIBLE,NO REGISTRADO,FONVIVIENDA,NO REPORTADO,Mujer,NO REPORTADO,NO REPORTADO,NO REPORTADO,13781013.0
SANEAMIENTO BÁSICO,NO REPORTADO,NO REPORTADO,URBANO,NO DISPONIBLE,NO REGISTRADO,FONVIVIENDA,NO REPORTADO,Hombre,NO REPORTADO,NO REPORTADO,NO REPORTADO,13619552.0
SANEAMIENTO BÁSICO,NO REPORTADO,NO REPORTADO,URBANO,NO DISPONIBLE,NO REGISTRADO,FONVIVIENDA,NO REPORTADO,Mujer,NO REPORTADO,NO REPORTADO,NO REPORTADO,11691609.0
SANEAMIENTO BÁSICO,NO REPORTADO,NO REPORTADO,URBANO,NO DISPONIBLE,Víctima Conflicto Armado,FONVIVIENDA,NO REPORTADO,Mujer,NO REPORTADO,NO REPORTADO,NO REPORTADO,13448937.0
SANEAMIENTO BÁSICO,NO REPORTADO,NO REPORTADO,URBANO,NO DISPONIBLE,Víctima Conflicto Armado,FONVIVIENDA,NO REPORTADO,Hombre,NO REPORTADO,NO REPORTADO,NO REPORTADO,13897974.0
SANEAMIENTO BÁSICO,NO REPORTADO,NO REPORTADO,URBANO,NO DISPONIBLE,Víctima Conflicto Armado,FONVIVIENDA,NO REPORTADO,Mujer,NO REPORTADO,NO REPORTADO,NO REPORTADO,13552686.0
SANEAMIENTO BÁSICO,NO REPORTADO,NO REPORTADO,URBANO,NO DISPONIBLE,Víctima Conflicto Armado,FONVIVIENDA,NO REPORTADO,Mujer,NO REPORTADO,NO REPORTADO,NO REPORTADO,13878037.0
SANEAMIENTO BÁSICO,NO REPORTADO,NO REPORTADO,URBANO,NO DISPONIBLE,NO REGISTRADO,FONVIVIENDA,NO REPORTADO,Mujer,NO REPORTADO,NO REPORTADO,NO REPORTADO,13919916.0
SANEAMIENTO BÁSICO,NO REPORTADO,NO REPORTADO,URBANO,NO DISPONIBLE,NO REGISTRADO,FONVIVIENDA,NO REPORTADO,Hombre,NO REPORTADO,NO REPORTADO,NO REPORTADO,13899163.0
SANEAMIENTO BÁSICO,NO REPORTADO,NO REPORTADO,URBANO,NO DISPONIBLE,NO REGISTRADO,FONVIVIENDA,NO REPORTADO,Mujer,NO REPORTADO,NO REPORTADO,NO REPORTADO,13838209.0
SANEAMIENTO BÁSICO,NO REPORTADO,NO REPORTADO,URBANO,NO DISPONIBLE,NO REGISTRADO,FONVIVIENDA,NO REPORTADO,Mujer,NO REPORTADO,NO REPORTADO,NO REPORTADO,13919989.0
SANEAMIENTO BÁSICO,NO REPORTADO,NO REPORTADO,URBANO,NO DISPONIBLE,NO REGISTRADO,FONVIVIENDA,NO REPORTADO,Mujer,NO REPORTADO,NO REPORTADO,NO REPORTADO,13919993.0
SANEAMIENTO BÁSICO,NO REPORTADO,NO REPORTADO,URBANO,NO DISPONIBLE,NO REGISTRADO,FONVIVIENDA,NO REPORTADO,Mujer,NO REPORTADO,NO REPORTADO,NO REPORTADO,13861121.0
SANEAMIENTO BÁSICO,NO REPORTADO,NO REPORTADO,URBANO,NO DISPONIBLE,NO REGISTRADO,FONVIVIENDA,NO REPORTADO,Mujer,NO REPORTADO,NO REPORTADO,NO REPORTADO,13771637.0
SANEAMIENTO BÁSICO,NO REPORTADO,NO REPORTADO,URBANO,NO DISPONIBLE,NO REGISTRADO,FONVIVIENDA,NO REPORTADO,Hombre,NO REPORTADO,NO REPORTADO,NO REPORTADO,13919460.0
SANEAMIENTO BÁSICO,NO REPORTADO,NO REPORTADO,URBANO,NO DISPONIBLE,NO REGISTRADO,FONVIVIENDA,NO REPORTADO,Mujer,NO REPORTADO,NO REPORTADO,NO REPORTADO,13914486.0
SANEAMIENTO BÁSICO,NO REPORTADO,NO REPORTADO,URBANO,NO DISPONIBLE,NO REGISTRADO,FONVIVIENDA,NO REPORTADO,Mujer,NO REPORTADO,NO REPORTADO,NO REPORTADO,13919909.0
SANEAMIENTO BÁSICO,NO REPORTADO,NO REPORTADO,URBANO,NO DISPONIBLE,NO REGISTRADO,FONVIVIENDA,NO REPORTADO,Mujer,NO REPORTADO,NO REPORTADO,NO REPORTADO,13906916.0
SANEAMIENTO BÁSICO,NO REPORTADO,NO REPORTADO,URBANO,NO DISPONIBLE,NO REGISTRADO,FONVIVIENDA,NO REPORTADO,Hombre,NO REPORTADO,NO REPORTADO,NO REPORTADO,13718719.0
SANEAMIENTO BÁSICO,NO REPORTADO,NO REPORTADO,URBANO,NO DISPONIBLE,NO REGISTRADO,FONVIVIENDA,NO REPORTADO,Mujer,NO REPORTADO,NO REPORTADO,NO REPORTADO,13896076.0
SANEAMIENTO BÁSICO,NO REPORTADO,NO REPORTADO,URBANO,NO DISPONIBLE,NO REGISTRADO,FONVIVIENDA,NO REPORTADO,Mujer,NO REPORTADO,NO REPORTADO,NO REPORTADO,13913190.0
SANEAMIENTO BÁSICO,NO REPORTADO,NO REPORTADO,URBANO,NO DISPONIBLE,NO REGISTRADO,FONVIVIENDA,NO REPORTADO,Mujer,NO REPORTADO,NO REPORTADO,NO REPORTADO,13919978.0
SANEAMIENTO BÁSICO,NO REPORTADO,NO REPORTADO,URBANO,NO DISPONIBLE,NO REGISTRADO,FONVIVIENDA,NO REPORTADO,Mujer,NO REPORTADO,NO REPORTADO,NO REPORTADO,13475122.0
SANEAMIENTO BÁSICO,NO REPORTADO,NO REPORTADO,URBANO,NO DISPONIBLE,NO REGISTRADO,FONVIVIENDA,NO REPORTADO,Mujer,NO REPORTADO,NO REPORTADO,NO REPORTADO,13890645.0
SANEAMIENTO BÁSICO,NO REPORTADO,NO REPORTADO,URBANO,NO DISPONIBLE,Víctima Conflicto Armado,FONVIVIENDA,NO REPORTADO,Mujer,NO REPORTADO,NO REPORTADO,NO REPORTADO,13879208.0
SANEAMIENTO BÁSICO,NO REPORTADO,NO REPORTADO,URBANO,NO DISPONIBLE,Víctima Conflicto Armado,FONVIVIENDA,NO REPORTADO,Mujer,NO REPORTADO,NO REPORTADO,NO REPORTADO,13785909.0
SANEAMIENTO BÁSICO,NO REPORTADO,NO REPORTADO,URBANO,NO DISPONIBLE,NO REGISTRADO,FONVIVIENDA,NO REPORTADO,Mujer,NO REPORTADO,NO REPORTADO,NO REPORTADO,13805879.0
SANEAMIENTO BÁSICO,NO REPORTADO,NO REPORTADO,URBANO,NO DISPONIBLE,NO REGISTRADO,FONVIVIENDA,NO REPORTADO,Mujer,NO REPORTADO,NO REPORTADO,NO REPORTADO,13787124.0
SANEAMIENTO BÁSICO,NO REPORTADO,NO REPORTADO,URBANO,NO DISPONIBLE,Víctima Conflicto Armado,FONVIVIENDA,NO REPORTADO,Mujer,NO REPORTADO,NO REPORTADO,NO REPORTADO,13774915.0
SANEAMIENTO BÁSICO,NO REPORTADO,NO REPORTADO,URBANO,NO DISPONIBLE,NO REGISTRADO,FONVIVIENDA,NO REPORTADO,Hombre,NO REPORTADO,NO REPORTADO,NO REPORTADO,13849752.0
SANEAMIENTO BÁSICO,NO REPORTADO,NO REPORTADO,URBANO,NO DISPONIBLE,NO REGISTRADO,FONVIVIENDA,NO REPORTADO,Mujer,NO REPORTADO,NO REPORTADO,NO REPORTADO,13903907.0
SANEAMIENTO BÁSICO,NO REPORTADO,NO REPORTADO,URBANO,NO DISPONIBLE,NO REGISTRADO,FONVIVIENDA,NO REPORTADO,Mujer,NO REPORTADO,NO REPORTADO,NO REPORTADO,13919981.0
SANEAMIENTO BÁSICO,NO REPORTADO,NO REPORTADO,URBANO,NO DISPONIBLE,NO REGISTRADO,FONVIVIENDA,NO REPORTADO,Mujer,NO REPORTADO,NO REPORTADO,NO REPORTADO,13847805.0
SANEAMIENTO BÁSICO,NO REPORTADO,NO REPORTADO,URBANO,NO DISPONIBLE,NO REGISTRADO,FONVIVIENDA,NO REPORTADO,Hombre,NO REPORTADO,NO REPORTADO,NO REPORTADO,13836504.0
SANEAMIENTO BÁSICO,NO REPORTADO,NO REPORTADO,URBANO,NO DISPONIBLE,NO REGISTRADO,FONVIVIENDA,NO REPORTADO,Hombre,NO REPORTADO,NO REPORTADO,NO REPORTADO,13919502.0
SANEAMIENTO BÁSICO,NO REPORTADO,NO REPORTADO,URBANO,NO DISPONIBLE,NO REGISTRADO,FONVIVIENDA,NO REPORTADO,Hombre,NO REPORTADO,NO REPORTADO,NO REPORTADO,13829270.0
SANEAMIENTO BÁSICO,NO REPORTADO,NO REPORTADO,URBANO,NO DISPONIBLE,NO REGISTRADO,FONVIVIENDA,NO REPORTADO,Hombre,NO REPORTADO,NO REPORTADO,NO REPORTADO,13789840.0
SANEAMIENTO BÁSICO,NO REPORTADO,NO REPORTADO,URBANO,NO DISPONIBLE,Víctima Conflicto Armado,FONVIVIENDA,NO REPORTADO,Hombre,NO REPORTADO,NO REPORTADO,NO REPORTADO,13268553.0
SANEAMIENTO BÁSICO,NO REPORTADO,NO REPORTADO,URBANO,NO DISPONIBLE,NO REGISTRADO,FONVIVIENDA,NO REPORTADO,Hombre,NO REPORTADO,NO REPORTADO,NO REPORTADO,13905135.0
SANEAMIENTO BÁSICO,NO REPORTADO,NO REPORTADO,URBANO,NO DISPONIBLE,NO REGISTRADO,FONVIVIENDA,NO REPORTADO,Mujer,NO REPORTADO,NO REPORTADO,NO REPORTADO,13587587.0
SANEAMIENTO BÁSICO,NO REPORTADO,NO REPORTADO,URBANO,NO DISPONIBLE,NO REGISTRADO,FONVIVIENDA,NO REPORTADO,Hombre,NO REPORTADO,NO REPORTADO,NO REPORTADO,13260533.0
SANEAMIENTO BÁSICO,NO REPORTADO,NO REPORTADO,URBANO,NO DISPONIBLE,NO REGISTRADO,FONVIVIENDA,NO REPORTADO,Mujer,NO REPORTADO,NO REPORTADO,NO REPORTADO,13829484.0
SANEAMIENTO BÁSICO,NO REPORTADO,NO REPORTADO,URBANO,NO DISPONIBLE,Víctima Conflicto Armado,FONVIVIENDA,NO REPORTADO,Mujer,NO REPORTADO,NO REPORTADO,NO REPORTADO,13894941.0
SANEAMIENTO BÁSICO,NO REPORTADO,NO REPORTADO,URBANO,NO DISPONIBLE,NO REGISTRADO,FONVIVIENDA,NO REPORTADO,Mujer,NO REPORTADO,NO REPORTADO,NO REPORTADO,13877791.0
SANEAMIENTO BÁSICO,NO REPORTADO,NO REPORTADO,URBANO,NO DISPONIBLE,Víctima Conflicto Armado,FONVIVIENDA,NO REPORTADO,Hombre,NO REPORTADO,NO REPORTADO,NO REPORTADO,13793561.0
SANEAMIENTO BÁSICO,NO REPORTADO,NO REPORTADO,URBANO,NO DISPONIBLE,NO REGISTRADO,FONVIVIENDA,NO REPORTADO,Hombre,NO REPORTADO,NO REPORTADO,NO REPORTADO,13904441.0
SANEAMIENTO BÁSICO,NO REPORTADO,NO REPORTADO,URBANO,NO DISPONIBLE,NO REGISTRADO,FONVIVIENDA,NO REPORTADO,Mujer,NO REPORTADO,NO REPORTADO,NO REPORTADO,13378228.0
SANEAMIENTO BÁSICO,NO REPORTADO,NO REPORTADO,URBANO,NO DISPONIBLE,NO REGISTRADO,FONVIVIENDA,NO REPORTADO,Mujer,NO REPORTADO,NO REPORTADO,NO REPORTADO,13564561.0
SANEAMIENTO BÁSICO,NO REPORTADO,NO REPORTADO,URBANO,NO DISPONIBLE,Víctima Conflicto Armado,FONVIVIENDA,NO REPORTADO,Mujer,NO REPORTADO,NO REPORTADO,NO REPORTADO,13818790.0
SANEAMIENTO BÁSICO,NO REPORTADO,NO REPORTADO,URBANO,NO DISPONIBLE,NO REGISTRADO,FONVIVIENDA,NO REPORTADO,Hombre,NO REPORTADO,NO REPORTADO,NO REPORTADO,13919965.0
SANEAMIENTO BÁSICO,NO REPORTADO,NO REPORTADO,URBANO,NO DISPONIBLE,Víctima Conflicto Armado,FONVIVIENDA,NO REPORTADO,Mujer,NO REPORTADO,NO REPORTADO,NO REPORTADO,13729694.0
SANEAMIENTO BÁSICO,NO REPORTADO,NO REPORTADO,URBANO,NO DISPONIBLE,NO REGISTRADO,FONVIVIENDA,NO REPORTADO,Mujer,NO REPORTADO,NO REPORTADO,NO REPORTADO,12346966.0
SANEAMIENTO BÁSICO,NO REPORTADO,NO REPORTADO,URBANO,NO DISPONIBLE,NO REGISTRADO,FONVIVIENDA,NO REPORTADO,Mujer,NO REPORTADO,NO REPORTADO,NO REPORTADO,13904017.0
SANEAMIENTO BÁSICO,NO REPORTADO,NO REPORTADO,URBANO,NO DISPONIBLE,NO REGISTRADO,FONVIVIENDA,NO REPORTADO,Mujer,NO REPORTADO,NO REPORTADO,NO REPORTADO,13865852.0
SANEAMIENTO BÁSICO,NO REPORTADO,NO REPORTADO,URBANO,NO DISPONIBLE,Víctima Conflicto Armado,FONVIVIENDA,NO REPORTADO,Hombre,NO REPORTADO,NO REPORTADO,NO REPORTADO,13365434.0
SANEAMIENTO BÁSICO,NO REPORTADO,NO REPORTADO,URBANO,NO DISPONIBLE,Víctima Conflicto Armado,FONVIVIENDA,NO REPORTADO,Mujer,NO REPORTADO,NO REPORTADO,NO REPORTADO,13915296.0
SANEAMIENTO BÁSICO,NO REPORTADO,NO REPORTADO,URBANO,NO DISPONIBLE,NO REGISTRADO,FONVIVIENDA,NO REPORTADO,Hombre,NO REPORTADO,NO REPORTADO,NO REPORTADO,13877466.0
SANEAMIENTO BÁSICO,NO REPORTADO,NO REPORTADO,URBANO,NO DISPONIBLE,NO REGISTRADO,FONVIVIENDA,NO REPORTADO,Mujer,NO REPORTADO,NO REPORTADO,NO REPORTADO,13894775.0
SANEAMIENTO BÁSICO,NO REPORTADO,NO REPORTADO,URBANO,NO DISPONIBLE,NO REGISTRADO,FONVIVIENDA,NO REPORTADO,Mujer,NO REPORTADO,NO REPORTADO,NO REPORTADO,13919945.0
SANEAMIENTO BÁSICO,NO REPORTADO,NO REPORTADO,URBANO,NO DISPONIBLE,Víctima Conflicto Armado,FONVIVIENDA,NO REPORTADO,Mujer,NO REPORTADO,NO REPORTADO,NO REPORTADO,13540516.0
SANEAMIENTO BÁSICO,NO REPORTADO,NO REPORTADO,URBANO,NO DISPONIBLE,NO REGISTRADO,FONVIVIENDA,NO REPORTADO,Mujer,NO REPORTADO,NO REPORTADO,NO REPORTADO,13766995.0
SANEAMIENTO BÁSICO,NO REPORTADO,NO REPORTADO,URBANO,NO DISPONIBLE,NO REGISTRADO,FONVIVIENDA,NO REPORTADO,Mujer,NO REPORTADO,NO REPORTADO,NO REPORTADO,13900775.0
SANEAMIENTO BÁSICO,NO REPORTADO,NO REPORTADO,URBANO,NO DISPONIBLE,NO REGISTRADO,FONVIVIENDA,NO REPORTADO,Mujer,NO REPORTADO,NO REPORTADO,NO REPORTADO,13824724.0
SANEAMIENTO BÁSICO,NO REPORTADO,NO REPORTADO,URBANO,NO DISPONIBLE,NO REGISTRADO,FONVIVIENDA,NO REPORTADO,Mujer,NO REPORTADO,NO REPORTADO,NO REPORTADO,13626023.0
SANEAMIENTO BÁSICO,NO REPORTADO,NO REPORTADO,URBANO,NO DISPONIBLE,NO REGISTRADO,FONVIVIENDA,NO REPORTADO,Mujer,NO REPORTADO,NO REPORTADO,NO REPORTADO,13918928.0
SANEAMIENTO BÁSICO,NO REPORTADO,NO REPORTADO,URBANO,NO DISPONIBLE,NO REGISTRADO,FONVIVIENDA,NO REPORTADO,Hombre,NO REPORTADO,NO REPORTADO,NO REPORTADO,13861615.0
SANEAMIENTO BÁSICO,NO REPORTADO,NO REPORTADO,URBANO,NO DISPONIBLE,NO REGISTRADO,FONVIVIENDA,NO REPORTADO,Mujer,NO REPORTADO,NO REPORTADO,NO REPORTADO,13919917.0
SANEAMIENTO BÁSICO,NO REPORTADO,NO REPORTADO,URBANO,NO DISPONIBLE,NO REGISTRADO,FONVIVIENDA,NO REPORTADO,Mujer,NO REPORTADO,NO REPORTADO,NO REPORTADO,13788576.0
SANEAMIENTO BÁSICO,NO REPORTADO,NO REPORTADO,URBANO,NO DISPONIBLE,NO REGISTRADO,FONVIVIENDA,NO REPORTADO,Mujer,NO REPORTADO,NO REPORTADO,NO REPORTADO,13797144.0
SANEAMIENTO BÁSICO,NO REPORTADO,NO REPORTADO,URBANO,NO DISPONIBLE,NO REGISTRADO,FONVIVIENDA,NO REPORTADO,Mujer,NO REPORTADO,NO REPORTADO,NO REPORTADO,13831666.0
SANEAMIENTO BÁSICO,NO REPORTADO,NO REPORTADO,URBANO,NO DISPONIBLE,Víctima Conflicto Armado,FONVIVIENDA,NO REPORTADO,Mujer,NO REPORTADO,NO REPORTADO,NO REPORTADO,13736219.0
SANEAMIENTO BÁSICO,NO REPORTADO,NO REPORTADO,URBANO,NO DISPONIBLE,Víctima Conflicto Armado,FONVIVIENDA,NO REPORTADO,Mujer,NO REPORTADO,NO REPORTADO,NO REPORTADO,13582923.0
SANEAMIENTO BÁSICO,NO REPORTADO,NO REPORTADO,URBANO,NO DISPONIBLE,NO REGISTRADO,FONVIVIENDA,NO REPORTADO,Hombre,NO REPORTADO,NO REPORTADO,NO REPORTADO,12903511.0
SANEAMIENTO BÁSICO,NO REPORTADO,NO REPORTADO,URBANO,NO DISPONIBLE,NO REGISTRADO,FONVIVIENDA,NO REPORTADO,Mujer,NO REPORTADO,NO REPORTADO,NO REPORTADO,13617838.0
SANEAMIENTO BÁSICO,NO REPORTADO,NO REPORTADO,URBANO,NO DISPONIBLE,Víctima Conflicto Armado,FONVIVIENDA,NO REPORTADO,Hombre,NO REPORTADO,NO REPORTADO,NO REPORTADO,13903727.0
SANEAMIENTO BÁSICO,NO REPORTADO,NO REPORTADO,URBANO,NO DISPONIBLE,NO REGISTRADO,FONVIVIENDA,NO REPORTADO,Mujer,NO REPORTADO,NO REPORTADO,NO REPORTADO,13675451.0
SANEAMIENTO BÁSICO,NO REPORTADO,NO REPORTADO,URBANO,NO DISPONIBLE,NO REGISTRADO,FONVIVIENDA,NO REPORTADO,Mujer,NO REPORTADO,NO REPORTADO,NO REPORTADO,13722327.0
SANEAMIENTO BÁSICO,NO REPORTADO,NO REPORTADO,URBANO,NO DISPONIBLE,NO REGISTRADO,FONVIVIENDA,NO REPORTADO,Hombre,NO REPORTADO,NO REPORTADO,NO REPORTADO,13039396.0
SANEAMIENTO BÁSICO,NO REPORTADO,NO REPORTADO,URBANO,NO DISPONIBLE,NO REGISTRADO,FONVIVIENDA,NO REPORTADO,Mujer,NO REPORTADO,NO REPORTADO,NO REPORTADO,13869117.0
SANEAMIENTO BÁSICO,NO REPORTADO,NO REPORTADO,URBANO,NO DISPONIBLE,Víctima Conflicto Armado,FONVIVIENDA,NO REPORTADO,Hombre,NO REPORTADO,NO REPORTADO,NO REPORTADO,12734532.0
SANEAMIENTO BÁSICO,NO REPORTADO,NO REPORTADO,URBANO,NO DISPONIBLE,NO REGISTRADO,FONVIVIENDA,NO REPORTADO,Hombre,NO REPORTADO,NO REPORTADO,NO REPORTADO,13423124.0
SANEAMIENTO BÁSICO,NO REPORTADO,NO REPORTADO,URBANO,NO DISPONIBLE,NO REGISTRADO,FONVIVIENDA,NO REPORTADO,Hombre,NO REPORTADO,NO REPORTADO,NO REPORTADO,13021036.0
SANEAMIENTO BÁSICO,NO REPORTADO,NO REPORTADO,URBANO,NO DISPONIBLE,NO REGISTRADO,FONVIVIENDA,NO REPORTADO,Mujer,NO REPORTADO,NO REPORTADO,NO REPORTADO,13919990.0
SANEAMIENTO BÁSICO,NO REPORTADO,NO REPORTADO,URBANO,NO DISPONIBLE,NO REGISTRADO,FONVIVIENDA,NO REPORTADO,Hombre,NO REPORTADO,NO REPORTADO,NO REPORTADO,13919988.0
SANEAMIENTO BÁSICO,NO REPORTADO,NO REPORTADO,URBANO,NO DISPONIBLE,NO REGISTRADO,FONVIVIENDA,NO REPORTADO,Mujer,NO REPORTADO,NO REPORTADO,NO REPORTADO,11826987.0
SANEAMIENTO BÁSICO,NO REPORTADO,NO REPORTADO,URBANO,NO DISPONIBLE,Víctima Conflicto Armado,FONVIVIENDA,NO REPORTADO,Mujer,NO REPORTADO,NO REPORTADO,NO REPORTADO,12773240.0
SANEAMIENTO BÁSICO,NO REPORTADO,NO REPORTADO,URBANO,NO DISPONIBLE,NO REGISTRADO,FONVIVIENDA,NO REPORTADO,Mujer,NO REPORTADO,NO REPORTADO,NO REPORTADO,13409507.0
SANEAMIENTO BÁSICO,NO REPORTADO,NO REPORTADO,URBANO,NO DISPONIBLE,NO REGISTRADO,FONVIVIENDA,NO REPORTADO,Hombre,NO REPORTADO,NO REPORTADO,NO REPORTADO,13919753.0
SANEAMIENTO BÁSICO,NO REPORTADO,NO REPORTADO,URBANO,NO DISPONIBLE,Víctima Conflicto Armado,FONVIVIENDA,NO REPORTADO,Mujer,NO REPORTADO,NO REPORTADO,NO REPORTADO,13894071.0
SANEAMIENTO BÁSICO,NO REPORTADO,NO REPORTADO,URBANO,NO DISPONIBLE,Víctima Conflicto Armado,FONVIVIENDA,NO REPORTADO,Mujer,NO REPORTADO,NO REPORTADO,NO REPORTADO,13892159.0
SANEAMIENTO BÁSICO,NO REPORTADO,NO REPORTADO,URBANO,NO DISPONIBLE,NO REGISTRADO,FONVIVIENDA,NO REPORTADO,Hombre,NO REPORTADO,NO REPORTADO,NO REPORTADO,13259066.0
SANEAMIENTO BÁSICO,NO REPORTADO,NO REPORTADO,URBANO,NO DISPONIBLE,NO REGISTRADO,FONVIVIENDA,NO REPORTADO,Mujer,NO REPORTADO,NO REPORTADO,NO REPORTADO,13887693.0
SANEAMIENTO BÁSICO,NO REPORTADO,NO REPORTADO,URBANO,NO DISPONIBLE,Víctima Conflicto Armado,FONVIVIENDA,NO REPORTADO,Hombre,NO REPORTADO,NO REPORTADO,NO REPORTADO,13843876.0
SANEAMIENTO BÁSICO,NO REPORTADO,NO REPORTADO,URBANO,NO DISPONIBLE,NO REGISTRADO,FONVIVIENDA,NO REPORTADO,Mujer,NO REPORTADO,NO REPORTADO,NO REPORTADO,13827715.0
SANEAMIENTO BÁSICO,NO REPORTADO,NO REPORTADO,URBANO,NO DISPONIBLE,NO REGISTRADO,FONVIVIENDA,NO REPORTADO,Mujer,NO REPORTADO,NO REPORTADO,NO REPORTADO,13852623.0
SANEAMIENTO BÁSICO,NO REPORTADO,NO REPORTADO,URBANO,NO DISPONIBLE,Víctima Conflicto Armado,FONVIVIENDA,NO REPORTADO,Mujer,NO REPORTADO,NO REPORTADO,NO REPORTADO,13883296.0
SANEAMIENTO BÁSICO,NO REPORTADO,NO REPORTADO,URBANO,NO DISPONIBLE,NO REGISTRADO,FONVIVIENDA,NO REPORTADO,Mujer,NO REPORTADO,NO REPORTADO,NO REPORTADO,13751174.0
SANEAMIENTO BÁSICO,NO REPORTADO,NO REPORTADO,URBANO,NO DISPONIBLE,NO REGISTRADO,FONVIVIENDA,NO REPORTADO,Hombre,NO REPORTADO,NO REPORTADO,NO REPORTADO,13874972.0
SANEAMIENTO BÁSICO,NO REPORTADO,NO REPORTADO,URBANO,NO DISPONIBLE,NO REGISTRADO,FONVIVIENDA,NO REPORTADO,Hombre,NO REPORTADO,NO REPORTADO,NO REPORTADO,13597077.0
SANEAMIENTO BÁSICO,NO REPORTADO,NO REPORTADO,URBANO,NO DISPONIBLE,Víctima Conflicto Armado,FONVIVIENDA,NO REPORTADO,Mujer,NO REPORTADO,NO REPORTADO,NO REPORTADO,13733223.0
SANEAMIENTO BÁSICO,NO REPORTADO,NO REPORTADO,URBANO,NO DISPONIBLE,NO REGISTRADO,FONVIVIENDA,NO REPORTADO,Hombre,NO REPORTADO,NO REPORTADO,NO REPORTADO,13826236.0
SANEAMIENTO BÁSICO,NO REPORTADO,NO REPORTADO,URBANO,NO DISPONIBLE,NO REGISTRADO,FONVIVIENDA,NO REPORTADO,Mujer,NO REPORTADO,NO REPORTADO,NO REPORTADO,13904664.0
SANEAMIENTO BÁSICO,NO REPORTADO,NO REPORTADO,URBANO,NO DISPONIBLE,NO REGISTRADO,FONVIVIENDA,NO REPORTADO,Hombre,NO REPORTADO,NO REPORTADO,NO REPORTADO,12768704.0
SANEAMIENTO BÁSICO,NO REPORTADO,NO REPORTADO,URBANO,NO DISPONIBLE,NO REGISTRADO,FONVIVIENDA,NO REPORTADO,Mujer,NO REPORTADO,NO REPORTADO,NO REPORTADO,13491958.0
SANEAMIENTO BÁSICO,NO REPORTADO,NO REPORTADO,URBANO,NO DISPONIBLE,NO REGISTRADO,FONVIVIENDA,NO REPORTADO,Mujer,NO REPORTADO,NO REPORTADO,NO REPORTADO,13876508.0
SANEAMIENTO BÁSICO,NO REPORTADO,NO REPORTADO,URBANO,NO DISPONIBLE,NO REGISTRADO,FONVIVIENDA,NO REPORTADO,Hombre,NO REPORTADO,NO REPORTADO,NO REPORTADO,13465270.0
SANEAMIENTO BÁSICO,NO REPORTADO,NO REPORTADO,URBANO,NO DISPONIBLE,NO REGISTRADO,FONVIVIENDA,NO REPORTADO,Mujer,NO REPORTADO,NO REPORTADO,NO REPORTADO,13919970.0
SANEAMIENTO BÁSICO,NO REPORTADO,NO REPORTADO,URBANO,NO DISPONIBLE,NO REGISTRADO,FONVIVIENDA,NO REPORTADO,Hombre,NO REPORTADO,NO REPORTADO,NO REPORTADO,13854435.0
SANEAMIENTO BÁSICO,NO REPORTADO,NO REPORTADO,URBANO,NO DISPONIBLE,NO REGISTRADO,FONVIVIENDA,NO REPORTADO,Hombre,NO REPORTADO,NO REPORTADO,NO REPORTADO,13919855.0
SANEAMIENTO BÁSICO,NO REPORTADO,NO REPORTADO,URBANO,NO DISPONIBLE,NO REGISTRADO,FONVIVIENDA,NO REPORTADO,Mujer,NO REPORTADO,NO REPORTADO,NO REPORTADO,13919966.0
SANEAMIENTO BÁSICO,NO REPORTADO,NO REPORTADO,URBANO,NO DISPONIBLE,NO REGISTRADO,FONVIVIENDA,NO REPORTADO,Mujer,NO REPORTADO,NO REPORTADO,NO REPORTADO,12715704.0
SANEAMIENTO BÁSICO,NO REPORTADO,NO REPORTADO,URBANO,NO DISPONIBLE,NO REGISTRADO,FONVIVIENDA,NO REPORTADO,Mujer,NO REPORTADO,NO REPORTADO,NO REPORTADO,13903687.0
SANEAMIENTO BÁSICO,NO REPORTADO,NO REPORTADO,URBANO,NO DISPONIBLE,NO REGISTRADO,FONVIVIENDA,NO REPORTADO,Mujer,NO REPORTADO,NO REPORTADO,NO REPORTADO,13322819.0
SANEAMIENTO BÁSICO,NO REPORTADO,NO REPORTADO,URBANO,NO DISPONIBLE,NO REGISTRADO,FONVIVIENDA,NO REPORTADO,Mujer,NO REPORTADO,NO REPORTADO,NO REPORTADO,13919992.0
SANEAMIENTO BÁSICO,NO REPORTADO,NO REPORTADO,URBANO,NO DISPONIBLE,Víctima Conflicto Armado,FONVIVIENDA,NO REPORTADO,Mujer,NO REPORTADO,NO REPORTADO,NO REPORTADO,13871751.0
SANEAMIENTO BÁSICO,NO REPORTADO,NO REPORTADO,URBANO,NO DISPONIBLE,NO REGISTRADO,FONVIVIENDA,NO REPORTADO,Hombre,NO REPORTADO,NO REPORTADO,NO REPORTADO,13858922.0
SANEAMIENTO BÁSICO,NO REPORTADO,NO REPORTADO,URBANO,NO DISPONIBLE,NO REGISTRADO,FONVIVIENDA,NO REPORTADO,Hombre,NO REPORTADO,NO REPORTADO,NO REPORTADO,13916667.0
SANEAMIENTO BÁSICO,NO REPORTADO,NO REPORTADO,URBANO,NO DISPONIBLE,NO REGISTRADO,FONVIVIENDA,NO REPORTADO,Mujer,NO REPORTADO,NO REPORTADO,NO REPORTADO,13840131.0
SANEAMIENTO BÁSICO,NO REPORTADO,NO REPORTADO,URBANO,NO DISPONIBLE,NO REGISTRADO,FONVIVIENDA,NO REPORTADO,Mujer,NO REPORTADO,NO REPORTADO,NO REPORTADO,13908171.0
SANEAMIENTO BÁSICO,NO REPORTADO,NO REPORTADO,URBANO,NO DISPONIBLE,NO REGISTRADO,FONVIVIENDA,NO REPORTADO,Hombre,NO REPORTADO,NO REPORTADO,NO REPORTADO,13786806.0
SANEAMIENTO BÁSICO,NO REPORTADO,NO REPORTADO,URBANO,NO DISPONIBLE,NO REGISTRADO,FONVIVIENDA,NO REPORTADO,Hombre,NO REPORTADO,NO REPORTADO,NO REPORTADO,13907124.0
SANEAMIENTO BÁSICO,NO REPORTADO,NO REPORTADO,URBANO,NO DISPONIBLE,Víctima Conflicto Armado,FONVIVIENDA,NO REPORTADO,Mujer,NO REPORTADO,NO REPORTADO,NO REPORTADO,13606964.0
SANEAMIENTO BÁSICO,NO REPORTADO,NO REPORTADO,URBANO,NO DISPONIBLE,NO REGISTRADO,FONVIVIENDA,NO REPORTADO,Mujer,NO REPORTADO,NO REPORTADO,NO REPORTADO,13894265.0
SANEAMIENTO BÁSICO,NO REPORTADO,NO REPORTADO,URBANO,NO DISPONIBLE,NO REGISTRADO,FONVIVIENDA,NO REPORTADO,Mujer,NO REPORTADO,NO REPORTADO,NO REPORTADO,13572417.0
SANEAMIENTO BÁSICO,NO REPORTADO,NO REPORTADO,URBANO,NO DISPONIBLE,Víctima Conflicto Armado,FONVIVIENDA,NO REPORTADO,Mujer,NO REPORTADO,NO REPORTADO,NO REPORTADO,13906442.0
SANEAMIENTO BÁSICO,NO REPORTADO,NO REPORTADO,URBANO,NO DISPONIBLE,NO REGISTRADO,FONVIVIENDA,NO REPORTADO,Hombre,NO REPORTADO,NO REPORTADO,NO REPORTADO,13695803.0
SANEAMIENTO BÁSICO,NO REPORTADO,NO REPORTADO,URBANO,NO DISPONIBLE,NO REGISTRADO,FONVIVIENDA,NO REPORTADO,Mujer,NO REPORTADO,NO REPORTADO,NO REPORTADO,13884993.0
SANEAMIENTO BÁSICO,NO REPORTADO,NO REPORTADO,URBANO,NO DISPONIBLE,NO REGISTRADO,FONVIVIENDA,NO REPORTADO,Mujer,NO REPORTADO,NO REPORTADO,NO REPORTADO,13775718.0
SANEAMIENTO BÁSICO,NO REPORTADO,NO REPORTADO,URBANO,NO DISPONIBLE,NO REGISTRADO,FONVIVIENDA,NO REPORTADO,Mujer,NO REPORTADO,NO REPORTADO,NO REPORTADO,13719647.0
SANEAMIENTO BÁSICO,NO REPORTADO,NO REPORTADO,URBANO,NO DISPONIBLE,NO REGISTRADO,FONVIVIENDA,NO REPORTADO,Mujer,NO REPORTADO,NO REPORTADO,NO REPORTADO,13883481.0
SANEAMIENTO BÁSICO,NO REPORTADO,NO REPORTADO,URBANO,NO DISPONIBLE,NO REGISTRADO,FONVIVIENDA,NO REPORTADO,Hombre,NO REPORTADO,NO REPORTADO,NO REPORTADO,13919988.0
SANEAMIENTO BÁSICO,NO REPORTADO,NO REPORTADO,URBANO,NO DISPONIBLE,NO REGISTRADO,FONVIVIENDA,NO REPORTADO,Hombre,NO REPORTADO,NO REPORTADO,NO REPORTADO,13432070.0
SANEAMIENTO BÁSICO,NO REPORTADO,NO REPORTADO,URBANO,NO DISPONIBLE,NO REGISTRADO,FONVIVIENDA,NO REPORTADO,Mujer,NO REPORTADO,NO REPORTADO,NO REPORTADO,13919004.0
SANEAMIENTO BÁSICO,NO REPORTADO,NO REPORTADO,URBANO,NO DISPONIBLE,NO REGISTRADO,FONVIVIENDA,NO REPORTADO,Mujer,NO REPORTADO,NO REPORTADO,NO REPORTADO,13527830.0
SANEAMIENTO BÁSICO,NO REPORTADO,NO REPORTADO,URBANO,NO DISPONIBLE,NO REGISTRADO,FONVIVIENDA,NO REPORTADO,Hombre,NO REPORTADO,NO REPORTADO,NO REPORTADO,13918222.0
SANEAMIENTO BÁSICO,NO REPORTADO,NO REPORTADO,URBANO,NO DISPONIBLE,NO REGISTRADO,FONVIVIENDA,NO REPORTADO,Mujer,NO REPORTADO,NO REPORTADO,NO REPORTADO,13910284.0
SANEAMIENTO BÁSICO,NO REPORTADO,NO REPORTADO,URBANO,NO DISPONIBLE,Víctima Conflicto Armado,FONVIVIENDA,NO REPORTADO,Mujer,NO REPORTADO,NO REPORTADO,NO REPORTADO,13851703.0
SANEAMIENTO BÁSICO,NO REPORTADO,NO REPORTADO,URBANO,NO DISPONIBLE,Víctima Conflicto Armado,FONVIVIENDA,NO REPORTADO,Hombre,NO REPORTADO,NO REPORTADO,NO REPORTADO,13906684.0
SANEAMIENTO BÁSICO,NO REPORTADO,NO REPORTADO,URBANO,NO DISPONIBLE,NO REGISTRADO,FONVIVIENDA,NO REPORTADO,Mujer,NO REPORTADO,NO REPORTADO,NO REPORTADO,12280303.0
SANEAMIENTO BÁSICO,NO REPORTADO,NO REPORTADO,URBANO,NO DISPONIBLE,NO REGISTRADO,FONVIVIENDA,NO REPORTADO,Mujer,NO REPORTADO,NO REPORTADO,NO REPORTADO,13914026.0
SANEAMIENTO BÁSICO,NO REPORTADO,NO REPORTADO,URBANO,NO DISPONIBLE,NO REGISTRADO,FONVIVIENDA,NO REPORTADO,Hombre,NO REPORTADO,NO REPORTADO,NO REPORTADO,13457822.0
SANEAMIENTO BÁSICO,NO REPORTADO,NO REPORTADO,URBANO,NO DISPONIBLE,Víctima Conflicto Armado,FONVIVIENDA,NO REPORTADO,Mujer,NO REPORTADO,NO REPORTADO,NO REPORTADO,13917631.0
SANEAMIENTO BÁSICO,NO REPORTADO,NO REPORTADO,URBANO,NO DISPONIBLE,NO REGISTRADO,FONVIVIENDA,NO REPORTADO,Mujer,NO REPORTADO,NO REPORTADO,NO REPORTADO,13527380.0
SANEAMIENTO BÁSICO,NO REPORTADO,NO REPORTADO,URBANO,NO DISPONIBLE,Víctima Conflicto Armado,FONVIVIENDA,NO REPORTADO,Mujer,NO REPORTADO,NO REPORTADO,NO REPORTADO,13903717.0
SANEAMIENTO BÁSICO,NO REPORTADO,NO REPORTADO,URBANO,NO DISPONIBLE,NO REGISTRADO,FONVIVIENDA,NO REPORTADO,Hombre,NO REPORTADO,NO REPORTADO,NO REPORTADO,13919995.0
SANEAMIENTO BÁSICO,NO REPORTADO,NO REPORTADO,URBANO,NO DISPONIBLE,NO REGISTRADO,FONVIVIENDA,NO REPORTADO,Mujer,NO REPORTADO,NO REPORTADO,NO REPORTADO,13914206.0
SANEAMIENTO BÁSICO,NO REPORTADO,NO REPORTADO,URBANO,NO DISPONIBLE,NO REGISTRADO,FONVIVIENDA,NO REPORTADO,Hombre,NO REPORTADO,NO REPORTADO,NO REPORTADO,13895902.0
SANEAMIENTO BÁSICO,NO REPORTADO,NO REPORTADO,URBANO,NO DISPONIBLE,NO REGISTRADO,FONVIVIENDA,NO REPORTADO,Hombre,NO REPORTADO,NO REPORTADO,NO REPORTADO,13590045.0
SANEAMIENTO BÁSICO,NO REPORTADO,NO REPORTADO,URBANO,NO DISPONIBLE,NO REGISTRADO,FONVIVIENDA,NO REPORTADO,Mujer,NO REPORTADO,NO REPORTADO,NO REPORTADO,13849865.0
SANEAMIENTO BÁSICO,NO REPORTADO,NO REPORTADO,URBANO,NO DISPONIBLE,NO REGISTRADO,FONVIVIENDA,NO REPORTADO,Mujer,NO REPORTADO,NO REPORTADO,NO REPORTADO,13919953.0
SANEAMIENTO BÁSICO,NO REPORTADO,NO REPORTADO,URBANO,NO DISPONIBLE,Víctima Conflicto Armado,FONVIVIENDA,NO REPORTADO,Mujer,NO REPORTADO,NO REPORTADO,NO REPORTADO,13659162.0
SANEAMIENTO BÁSICO,NO REPORTADO,NO REPORTADO,URBANO,NO DISPONIBLE,NO REGISTRADO,FONVIVIENDA,NO REPORTADO,Hombre,NO REPORTADO,NO REPORTADO,NO REPORTADO,13919912.0
SANEAMIENTO BÁSICO,NO REPORTADO,NO REPORTADO,URBANO,NO DISPONIBLE,NO REGISTRADO,FONVIVIENDA,NO REPORTADO,Mujer,NO REPORTADO,NO REPORTADO,NO REPORTADO,13919639.0
SANEAMIENTO BÁSICO,NO REPORTADO,NO REPORTADO,URBANO,NO DISPONIBLE,NO REGISTRADO,FONVIVIENDA,NO REPORTADO,Mujer,NO REPORTADO,NO REPORTADO,NO REPORTADO,13920000.0
SANEAMIENTO BÁSICO,NO REPORTADO,NO REPORTADO,URBANO,NO DISPONIBLE,NO REGISTRADO,FONVIVIENDA,NO REPORTADO,Hombre,NO REPORTADO,NO REPORTADO,NO REPORTADO,13919998.0
SANEAMIENTO BÁSICO,NO REPORTADO,NO REPORTADO,URBANO,NO DISPONIBLE,NO REGISTRADO,FONVIVIENDA,NO REPORTADO,Mujer,NO REPORTADO,NO REPORTADO,NO REPORTADO,13558818.0
SANEAMIENTO BÁSICO,NO REPORTADO,NO REPORTADO,URBANO,NO DISPONIBLE,NO REGISTRADO,FONVIVIENDA,NO REPORTADO,Mujer,NO REPORTADO,NO REPORTADO,NO REPORTADO,13916673.0
SANEAMIENTO BÁSICO,NO REPORTADO,NO REPORTADO,URBANO,NO DISPONIBLE,NO REGISTRADO,FONVIVIENDA,NO REPORTADO,Mujer,NO REPORTADO,NO REPORTADO,NO REPORTADO,13919842.0
SANEAMIENTO BÁSICO,NO REPORTADO,NO REPORTADO,URBANO,NO DISPONIBLE,NO REGISTRADO,FONVIVIENDA,NO REPORTADO,Mujer,NO REPORTADO,NO REPORTADO,NO REPORTADO,13783928.0
SANEAMIENTO BÁSICO,NO REPORTADO,NO REPORTADO,URBANO,NO DISPONIBLE,NO REGISTRADO,FONVIVIENDA,NO REPORTADO,Mujer,NO REPORTADO,NO REPORTADO,NO REPORTADO,13871970.0
SANEAMIENTO BÁSICO,NO REPORTADO,NO REPORTADO,URBANO,NO DISPONIBLE,Víctima Conflicto Armado,FONVIVIENDA,NO REPORTADO,Mujer,NO REPORTADO,NO REPORTADO,NO REPORTADO,13919965.0
SANEAMIENTO BÁSICO,NO REPORTADO,NO REPORTADO,URBANO,NO DISPONIBLE,NO REGISTRADO,FONVIVIENDA,NO REPORTADO,Mujer,NO REPORTADO,NO REPORTADO,NO REPORTADO,13799951.0
SANEAMIENTO BÁSICO,NO REPORTADO,NO REPORTADO,URBANO,NO DISPONIBLE,NO REGISTRADO,FONVIVIENDA,NO REPORTADO,Mujer,NO REPORTADO,NO REPORTADO,NO REPORTADO,13905613.0
SANEAMIENTO BÁSICO,NO REPORTADO,NO REPORTADO,URBANO,NO DISPONIBLE,NO REGISTRADO,FONVIVIENDA,NO REPORTADO,Mujer,NO REPORTADO,NO REPORTADO,NO REPORTADO,13906802.0
SANEAMIENTO BÁSICO,NO REPORTADO,NO REPORTADO,URBANO,NO DISPONIBLE,NO REGISTRADO,FONVIVIENDA,NO REPORTADO,Mujer,NO REPORTADO,NO REPORTADO,NO REPORTADO,13749081.0
SANEAMIENTO BÁSICO,NO REPORTADO,NO REPORTADO,URBANO,NO DISPONIBLE,NO REGISTRADO,FONVIVIENDA,NO REPORTADO,Mujer,NO REPORTADO,NO REPORTADO,NO REPORTADO,13911895.0
SANEAMIENTO BÁSICO,NO REPORTADO,NO REPORTADO,URBANO,NO DISPONIBLE,NO REGISTRADO,FONVIVIENDA,NO REPORTADO,Mujer,NO REPORTADO,NO REPORTADO,NO REPORTADO,13899760.0
SANEAMIENTO BÁSICO,NO REPORTADO,NO REPORTADO,URBANO,NO DISPONIBLE,NO REGISTRADO,FONVIVIENDA,NO REPORTADO,Mujer,NO REPORTADO,NO REPORTADO,NO REPORTADO,12477492.0
SANEAMIENTO BÁSICO,NO REPORTADO,NO REPORTADO,URBANO,NO DISPONIBLE,NO REGISTRADO,FONVIVIENDA,NO REPORTADO,Hombre,NO REPORTADO,NO REPORTADO,NO REPORTADO,13882546.0
SANEAMIENTO BÁSICO,NO REPORTADO,NO REPORTADO,URBANO,NO DISPONIBLE,NO REGISTRADO,FONVIVIENDA,NO REPORTADO,Mujer,NO REPORTADO,NO REPORTADO,NO REPORTADO,13852280.0
SANEAMIENTO BÁSICO,NO REPORTADO,NO REPORTADO,URBANO,NO DISPONIBLE,NO REGISTRADO,FONVIVIENDA,NO REPORTADO,Mujer,NO REPORTADO,NO REPORTADO,NO REPORTADO,13919839.0
SANEAMIENTO BÁSICO,NO REPORTADO,NO REPORTADO,URBANO,NO DISPONIBLE,NO REGISTRADO,FONVIVIENDA,NO REPORTADO,Mujer,NO REPORTADO,NO REPORTADO,NO REPORTADO,13892742.0
SANEAMIENTO BÁSICO,NO REPORTADO,NO REPORTADO,URBANO,NO DISPONIBLE,NO REGISTRADO,FONVIVIENDA,NO REPORTADO,Mujer,NO REPORTADO,NO REPORTADO,NO REPORTADO,13897396.0
SANEAMIENTO BÁSICO,NO REPORTADO,NO REPORTADO,URBANO,NO DISPONIBLE,NO REGISTRADO,FONVIVIENDA,NO REPORTADO,Hombre,NO REPORTADO,NO REPORTADO,NO REPORTADO,13813906.0
SANEAMIENTO BÁSICO,NO REPORTADO,NO REPORTADO,URBANO,NO DISPONIBLE,NO REGISTRADO,FONVIVIENDA,NO REPORTADO,Hombre,NO REPORTADO,NO REPORTADO,NO REPORTADO,13820615.0
SANEAMIENTO BÁSICO,NO REPORTADO,NO REPORTADO,URBANO,NO DISPONIBLE,NO REGISTRADO,FONVIVIENDA,NO REPORTADO,Mujer,NO REPORTADO,NO REPORTADO,NO REPORTADO,13842223.0
SANEAMIENTO BÁSICO,NO REPORTADO,NO REPORTADO,URBANO,NO DISPONIBLE,NO REGISTRADO,FONVIVIENDA,NO REPORTADO,Mujer,NO REPORTADO,NO REPORTADO,NO REPORTADO,13857609.0
SANEAMIENTO BÁSICO,NO REPORTADO,NO REPORTADO,URBANO,NO DISPONIBLE,NO REGISTRADO,FONVIVIENDA,NO REPORTADO,Mujer,NO REPORTADO,NO REPORTADO,NO REPORTADO,13918452.0
SANEAMIENTO BÁSICO,NO REPORTADO,NO REPORTADO,URBANO,NO DISPONIBLE,Víctima Conflicto Armado,FONVIVIENDA,NO REPORTADO,Mujer,NO REPORTADO,NO REPORTADO,NO REPORTADO,13681977.0
SANEAMIENTO BÁSICO,NO REPORTADO,NO REPORTADO,URBANO,NO DISPONIBLE,Víctima Conflicto Armado,FONVIVIENDA,NO REPORTADO,Mujer,NO REPORTADO,NO REPORTADO,NO REPORTADO,13827959.0
SANEAMIENTO BÁSICO,NO REPORTADO,NO REPORTADO,URBANO,NO DISPONIBLE,NO REGISTRADO,FONVIVIENDA,NO REPORTADO,Mujer,NO REPORTADO,NO REPORTADO,NO REPORTADO,13914415.0
SANEAMIENTO BÁSICO,NO REPORTADO,NO REPORTADO,URBANO,NO DISPONIBLE,NO REGISTRADO,FONVIVIENDA,NO REPORTADO,Hombre,NO REPORTADO,NO REPORTADO,NO REPORTADO,13900959.0
SANEAMIENTO BÁSICO,NO REPORTADO,NO REPORTADO,URBANO,NO DISPONIBLE,Víctima Conflicto Armado,FONVIVIENDA,NO REPORTADO,Mujer,NO REPORTADO,NO REPORTADO,NO REPORTADO,13917626.0
SANEAMIENTO BÁSICO,NO REPORTADO,NO REPORTADO,URBANO,NO DISPONIBLE,Víctima Conflicto Armado,FONVIVIENDA,NO REPORTADO,Hombre,NO REPORTADO,NO REPORTADO,NO REPORTADO,13870470.0
SANEAMIENTO BÁSICO,NO REPORTADO,NO REPORTADO,URBANO,NO DISPONIBLE,NO REGISTRADO,FONVIVIENDA,NO REPORTADO,Mujer,NO REPORTADO,NO REPORTADO,NO REPORTADO,13908480.0
SANEAMIENTO BÁSICO,NO REPORTADO,NO REPORTADO,URBANO,NO DISPONIBLE,NO REGISTRADO,FONVIVIENDA,NO REPORTADO,Mujer,NO REPORTADO,NO REPORTADO,NO REPORTADO,13875382.0
SANEAMIENTO BÁSICO,NO REPORTADO,NO REPORTADO,URBANO,NO DISPONIBLE,NO REGISTRADO,FONVIVIENDA,NO REPORTADO,Mujer,NO REPORTADO,NO REPORTADO,NO REPORTADO,13890432.0
SANEAMIENTO BÁSICO,NO REPORTADO,NO REPORTADO,URBANO,NO DISPONIBLE,NO REGISTRADO,FONVIVIENDA,NO REPORTADO,Mujer,NO REPORTADO,NO REPORTADO,NO REPORTADO,13815647.0
SANEAMIENTO BÁSICO,NO REPORTADO,NO REPORTADO,URBANO,NO DISPONIBLE,Víctima Conflicto Armado,FONVIVIENDA,NO REPORTADO,Mujer,NO REPORTADO,NO REPORTADO,NO REPORTADO,13818582.0
SANEAMIENTO BÁSICO,NO REPORTADO,NO REPORTADO,URBANO,NO DISPONIBLE,Víctima Conflicto Armado,FONVIVIENDA,NO REPORTADO,Mujer,NO REPORTADO,NO REPORTADO,NO REPORTADO,13873074.0
SANEAMIENTO BÁSICO,NO REPORTADO,NO REPORTADO,URBANO,NO DISPONIBLE,NO REGISTRADO,FONVIVIENDA,NO REPORTADO,Hombre,NO REPORTADO,NO REPORTADO,NO REPORTADO,13756825.0
SANEAMIENTO BÁSICO,NO REPORTADO,NO REPORTADO,URBANO,NO DISPONIBLE,NO REGISTRADO,FONVIVIENDA,NO REPORTADO,Mujer,NO REPORTADO,NO REPORTADO,NO REPORTADO,13915781.0
SANEAMIENTO BÁSICO,NO REPORTADO,NO REPORTADO,URBANO,NO DISPONIBLE,Víctima Conflicto Armado,FONVIVIENDA,NO REPORTADO,Mujer,NO REPORTADO,NO REPORTADO,NO REPORTADO,12971015.0
SANEAMIENTO BÁSICO,NO REPORTADO,NO REPORTADO,URBANO,NO DISPONIBLE,Víctima Conflicto Armado,FONVIVIENDA,NO REPORTADO,Mujer,NO REPORTADO,NO REPORTADO,NO REPORTADO,13563491.0
SANEAMIENTO BÁSICO,NO REPORTADO,NO REPORTADO,URBANO,NO DISPONIBLE,Víctima Conflicto Armado,FONVIVIENDA,NO REPORTADO,Mujer,NO REPORTADO,NO REPORTADO,NO REPORTADO,13252811.0
SANEAMIENTO BÁSICO,NO REPORTADO,NO REPORTADO,URBANO,NO DISPONIBLE,NO REGISTRADO,FONVIVIENDA,NO REPORTADO,Mujer,NO REPORTADO,NO REPORTADO,NO REPORTADO,13915557.0
SANEAMIENTO BÁSICO,NO REPORTADO,NO REPORTADO,URBANO,NO DISPONIBLE,NO REGISTRADO,FONVIVIENDA,NO REPORTADO,Mujer,NO REPORTADO,NO REPORTADO,NO REPORTADO,13792486.0
SANEAMIENTO BÁSICO,NO REPORTADO,NO REPORTADO,URBANO,NO DISPONIBLE,NO REGISTRADO,FONVIVIENDA,NO REPORTADO,Mujer,NO REPORTADO,NO REPORTADO,NO REPORTADO,13869562.0
SANEAMIENTO BÁSICO,NO REPORTADO,NO REPORTADO,URBANO,NO DISPONIBLE,NO REGISTRADO,FONVIVIENDA,NO REPORTADO,Mujer,NO REPORTADO,NO REPORTADO,NO REPORTADO,13860625.0
SANEAMIENTO BÁSICO,NO REPORTADO,NO REPORTADO,URBANO,NO DISPONIBLE,Víctima Conflicto Armado,FONVIVIENDA,NO REPORTADO,Mujer,NO REPORTADO,NO REPORTADO,NO REPORTADO,13911901.0
SANEAMIENTO BÁSICO,NO REPORTADO,NO REPORTADO,URBANO,NO DISPONIBLE,NO REGISTRADO,FONVIVIENDA,NO REPORTADO,Hombre,NO REPORTADO,NO REPORTADO,NO REPORTADO,13914587.0
SANEAMIENTO BÁSICO,NO REPORTADO,NO REPORTADO,URBANO,NO DISPONIBLE,NO REGISTRADO,FONVIVIENDA,NO REPORTADO,Hombre,NO REPORTADO,NO REPORTADO,NO REPORTADO,13909205.0
SANEAMIENTO BÁSICO,NO REPORTADO,NO REPORTADO,URBANO,NO DISPONIBLE,NO REGISTRADO,FONVIVIENDA,NO REPORTADO,Mujer,NO REPORTADO,NO REPORTADO,NO REPORTADO,13856571.0
SANEAMIENTO BÁSICO,NO REPORTADO,NO REPORTADO,URBANO,NO DISPONIBLE,NO REGISTRADO,FONVIVIENDA,NO REPORTADO,Mujer,NO REPORTADO,NO REPORTADO,NO REPORTADO,13903384.0
SANEAMIENTO BÁSICO,NO REPORTADO,NO REPORTADO,URBANO,NO DISPONIBLE,NO REGISTRADO,FONVIVIENDA,NO REPORTADO,Mujer,NO REPORTADO,NO REPORTADO,NO REPORTADO,13893952.0
SANEAMIENTO BÁSICO,NO REPORTADO,NO REPORTADO,URBANO,NO DISPONIBLE,NO REGISTRADO,FONVIVIENDA,NO REPORTADO,Mujer,NO REPORTADO,NO REPORTADO,NO REPORTADO,13881885.0
SANEAMIENTO BÁSICO,NO REPORTADO,NO REPORTADO,URBANO,NO DISPONIBLE,NO REGISTRADO,FONVIVIENDA,NO REPORTADO,Mujer,NO REPORTADO,NO REPORTADO,NO REPORTADO,13875004.0
SANEAMIENTO BÁSICO,NO REPORTADO,NO REPORTADO,URBANO,NO DISPONIBLE,NO REGISTRADO,FONVIVIENDA,NO REPORTADO,Mujer,NO REPORTADO,NO REPORTADO,NO REPORTADO,13786718.0
SANEAMIENTO BÁSICO,NO REPORTADO,NO REPORTADO,URBANO,NO DISPONIBLE,Víctima Conflicto Armado,FONVIVIENDA,NO REPORTADO,Mujer,NO REPORTADO,NO REPORTADO,NO REPORTADO,13896250.0
SANEAMIENTO BÁSICO,NO REPORTADO,NO REPORTADO,URBANO,NO DISPONIBLE,NO REGISTRADO,FONVIVIENDA,NO REPORTADO,Mujer,NO REPORTADO,NO REPORTADO,NO REPORTADO,13792269.0
SANEAMIENTO BÁSICO,NO REPORTADO,NO REPORTADO,URBANO,NO DISPONIBLE,NO REGISTRADO,FONVIVIENDA,NO REPORTADO,Mujer,NO REPORTADO,NO REPORTADO,NO REPORTADO,13906280.0
SANEAMIENTO BÁSICO,NO REPORTADO,NO REPORTADO,URBANO,NO DISPONIBLE,NO REGISTRADO,FONVIVIENDA,NO REPORTADO,Mujer,NO REPORTADO,NO REPORTADO,NO REPORTADO,12584295.0
SANEAMIENTO BÁSICO,NO REPORTADO,NO REPORTADO,URBANO,NO DISPONIBLE,Víctima Conflicto Armado,FONVIVIENDA,NO REPORTADO,Hombre,NO REPORTADO,NO REPORTADO,NO REPORTADO,13854895.0
SANEAMIENTO BÁSICO,NO REPORTADO,NO REPORTADO,URBANO,NO DISPONIBLE,NO REGISTRADO,FONVIVIENDA,NO REPORTADO,Mujer,NO REPORTADO,NO REPORTADO,NO REPORTADO,13919934.0
SANEAMIENTO BÁSICO,NO REPORTADO,NO REPORTADO,URBANO,NO DISPONIBLE,NO REGISTRADO,FONVIVIENDA,NO REPORTADO,Hombre,NO REPORTADO,NO REPORTADO,NO REPORTADO,13919169.0
SANEAMIENTO BÁSICO,NO REPORTADO,NO REPORTADO,URBANO,NO DISPONIBLE,Víctima Conflicto Armado,FONVIVIENDA,NO REPORTADO,Mujer,NO REPORTADO,NO REPORTADO,NO REPORTADO,13889283.0
SANEAMIENTO BÁSICO,NO REPORTADO,NO REPORTADO,URBANO,NO DISPONIBLE,NO REGISTRADO,FONVIVIENDA,NO REPORTADO,Mujer,NO REPORTADO,NO REPORTADO,NO REPORTADO,10004297.0
SANEAMIENTO BÁSICO,NO REPORTADO,NO REPORTADO,URBANO,NO DISPONIBLE,NO REGISTRADO,FONVIVIENDA,NO REPORTADO,Mujer,NO REPORTADO,NO REPORTADO,NO REPORTADO,13654019.0
SANEAMIENTO BÁSICO,NO REPORTADO,NO REPORTADO,URBANO,NO DISPONIBLE,NO REGISTRADO,FONVIVIENDA,NO REPORTADO,Mujer,NO REPORTADO,NO REPORTADO,NO REPORTADO,13906487.0
SANEAMIENTO BÁSICO,NO REPORTADO,NO REPORTADO,URBANO,NO DISPONIBLE,NO REGISTRADO,FONVIVIENDA,NO REPORTADO,Mujer,NO REPORTADO,NO REPORTADO,NO REPORTADO,13919994.0
SANEAMIENTO BÁSICO,NO REPORTADO,NO REPORTADO,URBANO,NO DISPONIBLE,NO REGISTRADO,FONVIVIENDA,NO REPORTADO,Mujer,NO REPORTADO,NO REPORTADO,NO REPORTADO,13788062.0
SANEAMIENTO BÁSICO,NO REPORTADO,NO REPORTADO,URBANO,NO DISPONIBLE,NO REGISTRADO,FONVIVIENDA,NO REPORTADO,Mujer,NO REPORTADO,NO REPORTADO,NO REPORTADO,13889115.0
SANEAMIENTO BÁSICO,NO REPORTADO,NO REPORTADO,URBANO,NO DISPONIBLE,NO REGISTRADO,FONVIVIENDA,NO REPORTADO,Mujer,NO REPORTADO,NO REPORTADO,NO REPORTADO,13671800.0
SANEAMIENTO BÁSICO,NO REPORTADO,NO REPORTADO,URBANO,NO DISPONIBLE,NO REGISTRADO,FONVIVIENDA,NO REPORTADO,Hombre,NO REPORTADO,NO REPORTADO,NO REPORTADO,13917954.0
SANEAMIENTO BÁSICO,NO REPORTADO,NO REPORTADO,URBANO,NO DISPONIBLE,NO REGISTRADO,FONVIVIENDA,NO REPORTADO,Hombre,NO REPORTADO,NO REPORTADO,NO REPORTADO,13127675.0
SANEAMIENTO BÁSICO,NO REPORTADO,NO REPORTADO,URBANO,NO DISPONIBLE,NO REGISTRADO,FONVIVIENDA,NO REPORTADO,Mujer,NO REPORTADO,NO REPORTADO,NO REPORTADO,13866153.0
SANEAMIENTO BÁSICO,NO REPORTADO,NO REPORTADO,URBANO,NO DISPONIBLE,NO REGISTRADO,FONVIVIENDA,NO REPORTADO,Hombre,NO REPORTADO,NO REPORTADO,NO REPORTADO,13737184.0
SANEAMIENTO BÁSICO,NO REPORTADO,NO REPORTADO,URBANO,NO DISPONIBLE,NO REGISTRADO,FONVIVIENDA,NO REPORTADO,Mujer,NO REPORTADO,NO REPORTADO,NO REPORTADO,12901684.0
SANEAMIENTO BÁSICO,NO REPORTADO,NO REPORTADO,URBANO,NO DISPONIBLE,NO REGISTRADO,FONVIVIENDA,NO REPORTADO,Mujer,NO REPORTADO,NO REPORTADO,NO REPORTADO,13916537.0
SANEAMIENTO BÁSICO,NO REPORTADO,NO REPORTADO,URBANO,NO DISPONIBLE,NO REGISTRADO,FONVIVIENDA,NO REPORTADO,Hombre,NO REPORTADO,NO REPORTADO,NO REPORTADO,13830688.0
SANEAMIENTO BÁSICO,NO REPORTADO,NO REPORTADO,URBANO,NO DISPONIBLE,NO REGISTRADO,FONVIVIENDA,NO REPORTADO,Mujer,NO REPORTADO,NO REPORTADO,NO REPORTADO,13736153.0
SANEAMIENTO BÁSICO,NO REPORTADO,NO REPORTADO,URBANO,NO DISPONIBLE,NO REGISTRADO,FONVIVIENDA,NO REPORTADO,Mujer,NO REPORTADO,NO REPORTADO,NO REPORTADO,13890870.0
SANEAMIENTO BÁSICO,NO REPORTADO,NO REPORTADO,URBANO,NO DISPONIBLE,NO REGISTRADO,FONVIVIENDA,NO REPORTADO,Hombre,NO REPORTADO,NO REPORTADO,NO REPORTADO,13905625.0
SANEAMIENTO BÁSICO,NO REPORTADO,NO REPORTADO,URBANO,NO DISPONIBLE,NO REGISTRADO,FONVIVIENDA,NO REPORTADO,Mujer,NO REPORTADO,NO REPORTADO,NO REPORTADO,13847082.0
SANEAMIENTO BÁSICO,NO REPORTADO,NO REPORTADO,URBANO,NO DISPONIBLE,NO REGISTRADO,FONVIVIENDA,NO REPORTADO,Mujer,NO REPORTADO,NO REPORTADO,NO REPORTADO,13793054.0
SANEAMIENTO BÁSICO,NO REPORTADO,NO REPORTADO,URBANO,NO DISPONIBLE,NO REGISTRADO,FONVIVIENDA,NO REPORTADO,Mujer,NO REPORTADO,NO REPORTADO,NO REPORTADO,13918329.0
SANEAMIENTO BÁSICO,NO REPORTADO,NO REPORTADO,URBANO,NO DISPONIBLE,NO REGISTRADO,FONVIVIENDA,NO REPORTADO,Mujer,NO REPORTADO,NO REPORTADO,NO REPORTADO,13904980.0
SANEAMIENTO BÁSICO,NO REPORTADO,NO REPORTADO,URBANO,NO DISPONIBLE,NO REGISTRADO,FONVIVIENDA,NO REPORTADO,Mujer,NO REPORTADO,NO REPORTADO,NO REPORTADO,13912321.0
SANEAMIENTO BÁSICO,NO REPORTADO,NO REPORTADO,URBANO,NO DISPONIBLE,NO REGISTRADO,FONVIVIENDA,NO REPORTADO,Mujer,NO REPORTADO,NO REPORTADO,NO REPORTADO,13809234.0
SANEAMIENTO BÁSICO,NO REPORTADO,NO REPORTADO,URBANO,NO DISPONIBLE,NO REGISTRADO,FONVIVIENDA,NO REPORTADO,Hombre,NO REPORTADO,NO REPORTADO,NO REPORTADO,13888590.0
SANEAMIENTO BÁSICO,NO REPORTADO,NO REPORTADO,URBANO,NO DISPONIBLE,NO REGISTRADO,FONVIVIENDA,NO REPORTADO,Mujer,NO REPORTADO,NO REPORTADO,NO REPORTADO,13862549.0
SANEAMIENTO BÁSICO,NO REPORTADO,NO REPORTADO,URBANO,NO DISPONIBLE,NO REGISTRADO,FONVIVIENDA,NO REPORTADO,Mujer,NO REPORTADO,NO REPORTADO,NO REPORTADO,13905111.0
SANEAMIENTO BÁSICO,NO REPORTADO,NO REPORTADO,URBANO,NO DISPONIBLE,NO REGISTRADO,FONVIVIENDA,NO REPORTADO,Mujer,NO REPORTADO,NO REPORTADO,NO REPORTADO,13886831.0
SANEAMIENTO BÁSICO,NO REPORTADO,NO REPORTADO,URBANO,NO DISPONIBLE,NO REGISTRADO,FONVIVIENDA,NO REPORTADO,Mujer,NO REPORTADO,NO REPORTADO,NO REPORTADO,13897805.0
SANEAMIENTO BÁSICO,NO REPORTADO,NO REPORTADO,URBANO,NO DISPONIBLE,NO REGISTRADO,FONVIVIENDA,NO REPORTADO,Mujer,NO REPORTADO,NO REPORTADO,NO REPORTADO,13865899.0
SANEAMIENTO BÁSICO,NO REPORTADO,NO REPORTADO,URBANO,NO DISPONIBLE,NO REGISTRADO,FONVIVIENDA,NO REPORTADO,Hombre,NO REPORTADO,NO REPORTADO,NO REPORTADO,13806116.0
SANEAMIENTO BÁSICO,NO REPORTADO,NO REPORTADO,URBANO,NO DISPONIBLE,NO REGISTRADO,FONVIVIENDA,NO REPORTADO,Hombre,NO REPORTADO,NO REPORTADO,NO REPORTADO,13865679.0
SANEAMIENTO BÁSICO,NO REPORTADO,NO REPORTADO,URBANO,NO DISPONIBLE,Víctima Conflicto Armado,FONVIVIENDA,NO REPORTADO,Mujer,NO REPORTADO,NO REPORTADO,NO REPORTADO,13818777.0
SANEAMIENTO BÁSICO,NO REPORTADO,NO REPORTADO,URBANO,NO DISPONIBLE,NO REGISTRADO,FONVIVIENDA,NO REPORTADO,Mujer,NO REPORTADO,NO REPORTADO,NO REPORTADO,13836945.0
SANEAMIENTO BÁSICO,NO REPORTADO,NO REPORTADO,URBANO,NO DISPONIBLE,NO REGISTRADO,FONVIVIENDA,NO REPORTADO,Hombre,NO REPORTADO,NO REPORTADO,NO REPORTADO,13773244.0
SANEAMIENTO BÁSICO,NO REPORTADO,NO REPORTADO,URBANO,NO DISPONIBLE,NO REGISTRADO,FONVIVIENDA,NO REPORTADO,Mujer,NO REPORTADO,NO REPORTADO,NO REPORTADO,13897397.0
SANEAMIENTO BÁSICO,NO REPORTADO,NO REPORTADO,URBANO,NO DISPONIBLE,Víctima Conflicto Armado,FONVIVIENDA,NO REPORTADO,Hombre,NO REPORTADO,NO REPORTADO,NO REPORTADO,13803569.0
SANEAMIENTO BÁSICO,NO REPORTADO,NO REPORTADO,URBANO,NO DISPONIBLE,NO REGISTRADO,FONVIVIENDA,NO REPORTADO,Mujer,NO REPORTADO,NO REPORTADO,NO REPORTADO,13865357.0
SANEAMIENTO BÁSICO,NO REPORTADO,NO REPORTADO,URBANO,NO DISPONIBLE,NO REGISTRADO,FONVIVIENDA,NO REPORTADO,Mujer,NO REPORTADO,NO REPORTADO,NO REPORTADO,13829716.0
SANEAMIENTO BÁSICO,NO REPORTADO,NO REPORTADO,URBANO,NO DISPONIBLE,Víctima Conflicto Armado,FONVIVIENDA,NO REPORTADO,Hombre,NO REPORTADO,NO REPORTADO,NO REPORTADO,13917844.0
SANEAMIENTO BÁSICO,NO REPORTADO,NO REPORTADO,URBANO,NO DISPONIBLE,Víctima Conflicto Armado,FONVIVIENDA,NO REPORTADO,Mujer,NO REPORTADO,NO REPORTADO,NO REPORTADO,13752099.0
SANEAMIENTO BÁSICO,NO REPORTADO,NO REPORTADO,URBANO,NO DISPONIBLE,Víctima Conflicto Armado,FONVIVIENDA,NO REPORTADO,Hombre,NO REPORTADO,NO REPORTADO,NO REPORTADO,13759973.0
SANEAMIENTO BÁSICO,NO REPORTADO,NO REPORTADO,URBANO,NO DISPONIBLE,NO REGISTRADO,FONVIVIENDA,NO REPORTADO,Mujer,NO REPORTADO,NO REPORTADO,NO REPORTADO,13867514.0
SANEAMIENTO BÁSICO,NO REPORTADO,NO REPORTADO,URBANO,NO DISPONIBLE,NO REGISTRADO,FONVIVIENDA,NO REPORTADO,Mujer,NO REPORTADO,NO REPORTADO,NO REPORTADO,13778521.0
SANEAMIENTO BÁSICO,NO REPORTADO,NO REPORTADO,URBANO,NO DISPONIBLE,NO REGISTRADO,FONVIVIENDA,NO REPORTADO,Mujer,NO REPORTADO,NO REPORTADO,NO REPORTADO,13920000.0
SANEAMIENTO BÁSICO,NO REPORTADO,NO REPORTADO,URBANO,NO DISPONIBLE,NO REGISTRADO,FONVIVIENDA,NO REPORTADO,Mujer,NO REPORTADO,NO REPORTADO,NO REPORTADO,13588089.0
SANEAMIENTO BÁSICO,NO REPORTADO,NO REPORTADO,URBANO,NO DISPONIBLE,NO REGISTRADO,FONVIVIENDA,NO REPORTADO,Mujer,NO REPORTADO,NO REPORTADO,NO REPORTADO,13065535.0
SANEAMIENTO BÁSICO,NO REPORTADO,NO REPORTADO,URBANO,NO DISPONIBLE,NO REGISTRADO,FONVIVIENDA,NO REPORTADO,Mujer,NO REPORTADO,NO REPORTADO,NO REPORTADO,13455183.0
SANEAMIENTO BÁSICO,NO REPORTADO,NO REPORTADO,URBANO,NO DISPONIBLE,NO REGISTRADO,FONVIVIENDA,NO REPORTADO,Mujer,NO REPORTADO,NO REPORTADO,NO REPORTADO,13913418.0
SANEAMIENTO BÁSICO,NO REPORTADO,NO REPORTADO,URBANO,NO DISPONIBLE,NO REGISTRADO,FONVIVIENDA,NO REPORTADO,Hombre,NO REPORTADO,NO REPORTADO,NO REPORTADO,13884219.0
SANEAMIENTO BÁSICO,NO REPORTADO,NO REPORTADO,URBANO,NO DISPONIBLE,NO REGISTRADO,FONVIVIENDA,NO REPORTADO,Mujer,NO REPORTADO,NO REPORTADO,NO REPORTADO,13603786.0
SANEAMIENTO BÁSICO,NO REPORTADO,NO REPORTADO,URBANO,NO DISPONIBLE,NO REGISTRADO,FONVIVIENDA,NO REPORTADO,Mujer,NO REPORTADO,NO REPORTADO,NO REPORTADO,13895830.0
SANEAMIENTO BÁSICO,NO REPORTADO,NO REPORTADO,URBANO,NO DISPONIBLE,NO REGISTRADO,FONVIVIENDA,NO REPORTADO,Mujer,NO REPORTADO,NO REPORTADO,NO REPORTADO,13884511.0
SANEAMIENTO BÁSICO,NO REPORTADO,NO REPORTADO,URBANO,NO DISPONIBLE,Víctima Conflicto Armado,FONVIVIENDA,NO REPORTADO,Mujer,NO REPORTADO,NO REPORTADO,NO REPORTADO,13219625.0
SANEAMIENTO BÁSICO,NO REPORTADO,NO REPORTADO,URBANO,NO DISPONIBLE,NO REGISTRADO,FONVIVIENDA,NO REPORTADO,Mujer,NO REPORTADO,NO REPORTADO,NO REPORTADO,13862322.0
SANEAMIENTO BÁSICO,NO REPORTADO,NO REPORTADO,URBANO,NO DISPONIBLE,NO REGISTRADO,FONVIVIENDA,NO REPORTADO,Hombre,NO REPORTADO,NO REPORTADO,NO REPORTADO,13879426.0
SANEAMIENTO BÁSICO,NO REPORTADO,NO REPORTADO,URBANO,NO DISPONIBLE,NO REGISTRADO,FONVIVIENDA,NO REPORTADO,Hombre,NO REPORTADO,NO REPORTADO,NO REPORTADO,13919937.0
SANEAMIENTO BÁSICO,NO REPORTADO,NO REPORTADO,URBANO,NO DISPONIBLE,NO REGISTRADO,FONVIVIENDA,NO REPORTADO,Mujer,NO REPORTADO,NO REPORTADO,NO REPORTADO,13886465.0
SANEAMIENTO BÁSICO,NO REPORTADO,NO REPORTADO,URBANO,NO DISPONIBLE,NO REGISTRADO,FONVIVIENDA,NO REPORTADO,Mujer,NO REPORTADO,NO REPORTADO,NO REPORTADO,13839056.0
SANEAMIENTO BÁSICO,NO REPORTADO,NO REPORTADO,URBANO,NO DISPONIBLE,NO REGISTRADO,FONVIVIENDA,NO REPORTADO,Mujer,NO REPORTADO,NO REPORTADO,NO REPORTADO,13915802.0
SANEAMIENTO BÁSICO,NO REPORTADO,NO REPORTADO,URBANO,NO DISPONIBLE,NO REGISTRADO,FONVIVIENDA,NO REPORTADO,Mujer,NO REPORTADO,NO REPORTADO,NO REPORTADO,13826391.0
SANEAMIENTO BÁSICO,NO REPORTADO,NO REPORTADO,URBANO,NO DISPONIBLE,Víctima Conflicto Armado,FONVIVIENDA,NO REPORTADO,Mujer,NO REPORTADO,NO REPORTADO,NO REPORTADO,13826391.0
SANEAMIENTO BÁSICO,NO REPORTADO,NO REPORTADO,URBANO,NO DISPONIBLE,NO REGISTRADO,FONVIVIENDA,NO REPORTADO,Mujer,NO REPORTADO,NO REPORTADO,NO REPORTADO,13769915.0
SANEAMIENTO BÁSICO,NO REPORTADO,NO REPORTADO,URBANO,NO DISPONIBLE,NO REGISTRADO,FONVIVIENDA,NO REPORTADO,Hombre,NO REPORTADO,NO REPORTADO,NO REPORTADO,13916892.0
SANEAMIENTO BÁSICO,NO REPORTADO,NO REPORTADO,URBANO,NO DISPONIBLE,NO REGISTRADO,FONVIVIENDA,NO REPORTADO,Mujer,NO REPORTADO,NO REPORTADO,NO REPORTADO,13918483.0
SANEAMIENTO BÁSICO,NO REPORTADO,NO REPORTADO,URBANO,NO DISPONIBLE,NO REGISTRADO,FONVIVIENDA,NO REPORTADO,Mujer,NO REPORTADO,NO REPORTADO,NO REPORTADO,13919983.0
SANEAMIENTO BÁSICO,NO REPORTADO,NO REPORTADO,URBANO,NO DISPONIBLE,NO REGISTRADO,FONVIVIENDA,NO REPORTADO,Mujer,NO REPORTADO,NO REPORTADO,NO REPORTADO,13593476.0
SANEAMIENTO BÁSICO,NO REPORTADO,NO REPORTADO,URBANO,NO DISPONIBLE,NO REGISTRADO,FONVIVIENDA,NO REPORTADO,Hombre,NO REPORTADO,NO REPORTADO,NO REPORTADO,13915661.0
SANEAMIENTO BÁSICO,NO REPORTADO,NO REPORTADO,URBANO,NO DISPONIBLE,NO REGISTRADO,FONVIVIENDA,NO REPORTADO,Mujer,NO REPORTADO,NO REPORTADO,NO REPORTADO,13235957.0
SANEAMIENTO BÁSICO,NO REPORTADO,NO REPORTADO,URBANO,NO DISPONIBLE,Víctima Conflicto Armado,FONVIVIENDA,NO REPORTADO,Mujer,NO REPORTADO,NO REPORTADO,NO REPORTADO,13880267.0
SANEAMIENTO BÁSICO,NO REPORTADO,NO REPORTADO,URBANO,NO DISPONIBLE,NO REGISTRADO,FONVIVIENDA,NO REPORTADO,Hombre,NO REPORTADO,NO REPORTADO,NO REPORTADO,12414621.0
SANEAMIENTO BÁSICO,NO REPORTADO,NO REPORTADO,URBANO,NO DISPONIBLE,NO REGISTRADO,FONVIVIENDA,NO REPORTADO,Mujer,NO REPORTADO,NO REPORTADO,NO REPORTADO,13861783.0
SANEAMIENTO BÁSICO,NO REPORTADO,NO REPORTADO,URBANO,NO DISPONIBLE,NO REGISTRADO,FONVIVIENDA,NO REPORTADO,Mujer,NO REPORTADO,NO REPORTADO,NO REPORTADO,13772551.0
SANEAMIENTO BÁSICO,NO REPORTADO,NO REPORTADO,URBANO,NO DISPONIBLE,NO REGISTRADO,FONVIVIENDA,NO REPORTADO,Hombre,NO REPORTADO,NO REPORTADO,NO REPORTADO,13886906.0
SANEAMIENTO BÁSICO,NO REPORTADO,NO REPORTADO,URBANO,NO DISPONIBLE,NO REGISTRADO,FONVIVIENDA,NO REPORTADO,Mujer,NO REPORTADO,NO REPORTADO,NO REPORTADO,13402313.0
SANEAMIENTO BÁSICO,NO REPORTADO,NO REPORTADO,URBANO,NO DISPONIBLE,Víctima Conflicto Armado,FONVIVIENDA,NO REPORTADO,Mujer,NO REPORTADO,NO REPORTADO,NO REPORTADO,13762340.0
SANEAMIENTO BÁSICO,NO REPORTADO,NO REPORTADO,URBANO,NO DISPONIBLE,Víctima Conflicto Armado,FONVIVIENDA,NO REPORTADO,Mujer,NO REPORTADO,NO REPORTADO,NO REPORTADO,13918507.0
SANEAMIENTO BÁSICO,NO REPORTADO,NO REPORTADO,URBANO,NO DISPONIBLE,NO REGISTRADO,FONVIVIENDA,NO REPORTADO,Hombre,NO REPORTADO,NO REPORTADO,NO REPORTADO,13919577.0
SANEAMIENTO BÁSICO,NO REPORTADO,NO REPORTADO,URBANO,NO DISPONIBLE,NO REGISTRADO,FONVIVIENDA,NO REPORTADO,Hombre,NO REPORTADO,NO REPORTADO,NO REPORTADO,13919914.0
SANEAMIENTO BÁSICO,NO REPORTADO,NO REPORTADO,URBANO,NO DISPONIBLE,NO REGISTRADO,FONVIVIENDA,NO REPORTADO,Hombre,NO REPORTADO,NO REPORTADO,NO REPORTADO,13871753.0
SANEAMIENTO BÁSICO,NO REPORTADO,NO REPORTADO,URBANO,NO DISPONIBLE,NO REGISTRADO,FONVIVIENDA,NO REPORTADO,Hombre,NO REPORTADO,NO REPORTADO,NO REPORTADO,13919981.0
SANEAMIENTO BÁSICO,NO REPORTADO,NO REPORTADO,URBANO,NO DISPONIBLE,NO REGISTRADO,FONVIVIENDA,NO REPORTADO,Hombre,NO REPORTADO,NO REPORTADO,NO REPORTADO,13884257.0
SANEAMIENTO BÁSICO,NO REPORTADO,NO REPORTADO,URBANO,NO DISPONIBLE,NO REGISTRADO,FONVIVIENDA,NO REPORTADO,Hombre,NO REPORTADO,NO REPORTADO,NO REPORTADO,13797142.0
SANEAMIENTO BÁSICO,NO REPORTADO,NO REPORTADO,URBANO,NO DISPONIBLE,NO REGISTRADO,FONVIVIENDA,NO REPORTADO,Mujer,NO REPORTADO,NO REPORTADO,NO REPORTADO,13871031.0
SANEAMIENTO BÁSICO,NO REPORTADO,NO REPORTADO,URBANO,NO DISPONIBLE,NO REGISTRADO,FONVIVIENDA,NO REPORTADO,Hombre,NO REPORTADO,NO REPORTADO,NO REPORTADO,13864080.0
SANEAMIENTO BÁSICO,NO REPORTADO,NO REPORTADO,URBANO,NO DISPONIBLE,Víctima Conflicto Armado,FONVIVIENDA,NO REPORTADO,Hombre,NO REPORTADO,NO REPORTADO,NO REPORTADO,13869053.0
SANEAMIENTO BÁSICO,NO REPORTADO,NO REPORTADO,URBANO,NO DISPONIBLE,NO REGISTRADO,FONVIVIENDA,NO REPORTADO,Hombre,NO REPORTADO,NO REPORTADO,NO REPORTADO,13919620.0
SANEAMIENTO BÁSICO,NO REPORTADO,NO REPORTADO,URBANO,NO DISPONIBLE,NO REGISTRADO,FONVIVIENDA,NO REPORTADO,Mujer,NO REPORTADO,NO REPORTADO,NO REPORTADO,13904278.0
SANEAMIENTO BÁSICO,NO REPORTADO,NO REPORTADO,URBANO,NO DISPONIBLE,NO REGISTRADO,FONVIVIENDA,NO REPORTADO,Hombre,NO REPORTADO,NO REPORTADO,NO REPORTADO,13920000.0
SANEAMIENTO BÁSICO,NO REPORTADO,NO REPORTADO,URBANO,NO DISPONIBLE,Víctima Conflicto Armado,FONVIVIENDA,NO REPORTADO,Mujer,NO REPORTADO,NO REPORTADO,NO REPORTADO,13856289.0
SANEAMIENTO BÁSICO,NO REPORTADO,NO REPORTADO,URBANO,NO DISPONIBLE,NO REGISTRADO,FONVIVIENDA,NO REPORTADO,Mujer,NO REPORTADO,NO REPORTADO,NO REPORTADO,13791335.0
SANEAMIENTO BÁSICO,NO REPORTADO,NO REPORTADO,URBANO,NO DISPONIBLE,NO REGISTRADO,FONVIVIENDA,NO REPORTADO,Mujer,NO REPORTADO,NO REPORTADO,NO REPORTADO,13885940.0
SANEAMIENTO BÁSICO,NO REPORTADO,NO REPORTADO,URBANO,NO DISPONIBLE,NO REGISTRADO,FONVIVIENDA,NO REPORTADO,Hombre,NO REPORTADO,NO REPORTADO,NO REPORTADO,13870431.0
SANEAMIENTO BÁSICO,NO REPORTADO,NO REPORTADO,URBANO,NO DISPONIBLE,NO REGISTRADO,FONVIVIENDA,NO REPORTADO,Mujer,NO REPORTADO,NO REPORTADO,NO REPORTADO,13886648.0
SANEAMIENTO BÁSICO,NO REPORTADO,NO REPORTADO,URBANO,NO DISPONIBLE,NO REGISTRADO,FONVIVIENDA,NO REPORTADO,Mujer,NO REPORTADO,NO REPORTADO,NO REPORTADO,13709078.0
SANEAMIENTO BÁSICO,NO REPORTADO,NO REPORTADO,URBANO,NO DISPONIBLE,NO REGISTRADO,FONVIVIENDA,NO REPORTADO,Mujer,NO REPORTADO,NO REPORTADO,NO REPORTADO,13893927.0
SANEAMIENTO BÁSICO,NO REPORTADO,NO REPORTADO,URBANO,NO DISPONIBLE,NO REGISTRADO,FONVIVIENDA,NO REPORTADO,Mujer,NO REPORTADO,NO REPORTADO,NO REPORTADO,13877708.0
SANEAMIENTO BÁSICO,NO REPORTADO,NO REPORTADO,URBANO,NO DISPONIBLE,NO REGISTRADO,FONVIVIENDA,NO REPORTADO,Hombre,NO REPORTADO,NO REPORTADO,NO REPORTADO,13861762.0
SANEAMIENTO BÁSICO,NO REPORTADO,NO REPORTADO,URBANO,NO DISPONIBLE,NO REGISTRADO,FONVIVIENDA,NO REPORTADO,Hombre,NO REPORTADO,NO REPORTADO,NO REPORTADO,13774403.0
SANEAMIENTO BÁSICO,NO REPORTADO,NO REPORTADO,URBANO,NO DISPONIBLE,NO REGISTRADO,FONVIVIENDA,NO REPORTADO,Mujer,NO REPORTADO,NO REPORTADO,NO REPORTADO,13919987.0
SANEAMIENTO BÁSICO,NO REPORTADO,NO REPORTADO,URBANO,NO DISPONIBLE,Víctima Conflicto Armado,FONVIVIENDA,NO REPORTADO,Hombre,NO REPORTADO,NO REPORTADO,NO REPORTADO,13886296.0
SANEAMIENTO BÁSICO,NO REPORTADO,NO REPORTADO,URBANO,NO DISPONIBLE,NO REGISTRADO,FONVIVIENDA,NO REPORTADO,Mujer,NO REPORTADO,NO REPORTADO,NO REPORTADO,13887557.0
SANEAMIENTO BÁSICO,NO REPORTADO,NO REPORTADO,URBANO,NO DISPONIBLE,Víctima Conflicto Armado,FONVIVIENDA,NO REPORTADO,Mujer,NO REPORTADO,NO REPORTADO,NO REPORTADO,13884695.0
SANEAMIENTO BÁSICO,NO REPORTADO,NO REPORTADO,URBANO,NO DISPONIBLE,NO REGISTRADO,FONVIVIENDA,NO REPORTADO,Hombre,NO REPORTADO,NO REPORTADO,NO REPORTADO,13836530.0
SANEAMIENTO BÁSICO,NO REPORTADO,NO REPORTADO,URBANO,NO DISPONIBLE,Víctima Conflicto Armado,FONVIVIENDA,NO REPORTADO,Mujer,NO REPORTADO,NO REPORTADO,NO REPORTADO,13892818.0
SANEAMIENTO BÁSICO,NO REPORTADO,NO REPORTADO,URBANO,NO DISPONIBLE,NO REGISTRADO,FONVIVIENDA,NO REPORTADO,Mujer,NO REPORTADO,NO REPORTADO,NO REPORTADO,13245014.0
SANEAMIENTO BÁSICO,NO REPORTADO,NO REPORTADO,URBANO,NO DISPONIBLE,NO REGISTRADO,FONVIVIENDA,NO REPORTADO,Mujer,NO REPORTADO,NO REPORTADO,NO REPORTADO,8368702.0
SANEAMIENTO BÁSICO,NO REPORTADO,NO REPORTADO,URBANO,NO DISPONIBLE,NO REGISTRADO,FONVIVIENDA,NO REPORTADO,Mujer,NO REPORTADO,NO REPORTADO,NO REPORTADO,13861659.0
SANEAMIENTO BÁSICO,NO REPORTADO,NO REPORTADO,URBANO,NO DISPONIBLE,NO REGISTRADO,FONVIVIENDA,NO REPORTADO,Mujer,NO REPORTADO,NO REPORTADO,NO REPORTADO,13292738.0
SANEAMIENTO BÁSICO,NO REPORTADO,NO REPORTADO,URBANO,NO DISPONIBLE,Víctima Conflicto Armado,FONVIVIENDA,NO REPORTADO,Mujer,NO REPORTADO,NO REPORTADO,NO REPORTADO,13543208.0
SANEAMIENTO BÁSICO,NO REPORTADO,NO REPORTADO,URBANO,NO DISPONIBLE,NO REGISTRADO,FONVIVIENDA,NO REPORTADO,Mujer,NO REPORTADO,NO REPORTADO,NO REPORTADO,13745640.0
SANEAMIENTO BÁSICO,NO REPORTADO,NO REPORTADO,URBANO,NO DISPONIBLE,NO REGISTRADO,FONVIVIENDA,NO REPORTADO,Mujer,NO REPORTADO,NO REPORTADO,NO REPORTADO,13909904.0
SANEAMIENTO BÁSICO,NO REPORTADO,NO REPORTADO,URBANO,NO DISPONIBLE,NO REGISTRADO,FONVIVIENDA,NO REPORTADO,Hombre,NO REPORTADO,NO REPORTADO,NO REPORTADO,13919941.0
SANEAMIENTO BÁSICO,NO REPORTADO,NO REPORTADO,URBANO,NO DISPONIBLE,Víctima Conflicto Armado,FONVIVIENDA,NO REPORTADO,Hombre,NO REPORTADO,NO REPORTADO,NO REPORTADO,13883808.0
SANEAMIENTO BÁSICO,NO REPORTADO,NO REPORTADO,URBANO,NO DISPONIBLE,NO REGISTRADO,FONVIVIENDA,NO REPORTADO,Mujer,NO REPORTADO,NO REPORTADO,NO REPORTADO,13824651.0
SANEAMIENTO BÁSICO,NO REPORTADO,NO REPORTADO,URBANO,NO DISPONIBLE,NO REGISTRADO,FONVIVIENDA,NO REPORTADO,Mujer,NO REPORTADO,NO REPORTADO,NO REPORTADO,13715956.0
SANEAMIENTO BÁSICO,NO REPORTADO,NO REPORTADO,URBANO,NO DISPONIBLE,NO REGISTRADO,FONVIVIENDA,NO REPORTADO,Mujer,NO REPORTADO,NO REPORTADO,NO REPORTADO,13918574.0
SANEAMIENTO BÁSICO,NO REPORTADO,NO REPORTADO,URBANO,NO DISPONIBLE,NO REGISTRADO,FONVIVIENDA,NO REPORTADO,Mujer,NO REPORTADO,NO REPORTADO,NO REPORTADO,13895651.0
SANEAMIENTO BÁSICO,NO REPORTADO,NO REPORTADO,URBANO,NO DISPONIBLE,NO REGISTRADO,FONVIVIENDA,NO REPORTADO,Mujer,NO REPORTADO,NO REPORTADO,NO REPORTADO,12933732.0
SANEAMIENTO BÁSICO,NO REPORTADO,NO REPORTADO,URBANO,NO DISPONIBLE,NO REGISTRADO,FONVIVIENDA,NO REPORTADO,Mujer,NO REPORTADO,NO REPORTADO,NO REPORTADO,13222117.0
SANEAMIENTO BÁSICO,NO REPORTADO,NO REPORTADO,URBANO,NO DISPONIBLE,NO REGISTRADO,FONVIVIENDA,NO REPORTADO,Mujer,NO REPORTADO,NO REPORTADO,NO REPORTADO,13347822.0
SANEAMIENTO BÁSICO,NO REPORTADO,NO REPORTADO,URBANO,NO DISPONIBLE,Víctima Conflicto Armado,FONVIVIENDA,NO REPORTADO,Mujer,NO REPORTADO,NO REPORTADO,NO REPORTADO,13521961.0
SANEAMIENTO BÁSICO,NO REPORTADO,NO REPORTADO,URBANO,NO DISPONIBLE,Víctima Conflicto Armado,FONVIVIENDA,NO REPORTADO,Hombre,NO REPORTADO,NO REPORTADO,NO REPORTADO,13889595.0
SANEAMIENTO BÁSICO,NO REPORTADO,NO REPORTADO,URBANO,NO DISPONIBLE,NO REGISTRADO,FONVIVIENDA,NO REPORTADO,Mujer,NO REPORTADO,NO REPORTADO,NO REPORTADO,13432670.0
SANEAMIENTO BÁSICO,NO REPORTADO,NO REPORTADO,URBANO,NO DISPONIBLE,NO REGISTRADO,FONVIVIENDA,NO REPORTADO,Mujer,NO REPORTADO,NO REPORTADO,NO REPORTADO,13841724.0
SANEAMIENTO BÁSICO,NO REPORTADO,NO REPORTADO,URBANO,NO DISPONIBLE,NO REGISTRADO,FONVIVIENDA,NO REPORTADO,Mujer,NO REPORTADO,NO REPORTADO,NO REPORTADO,13905790.0
SANEAMIENTO BÁSICO,NO REPORTADO,NO REPORTADO,URBANO,NO DISPONIBLE,NO REGISTRADO,FONVIVIENDA,NO REPORTADO,Mujer,NO REPORTADO,NO REPORTADO,NO REPORTADO,9820411.0
SANEAMIENTO BÁSICO,NO REPORTADO,NO REPORTADO,URBANO,NO DISPONIBLE,NO REGISTRADO,FONVIVIENDA,NO REPORTADO,Hombre,NO REPORTADO,NO REPORTADO,NO REPORTADO,13327366.0
SANEAMIENTO BÁSICO,NO REPORTADO,NO REPORTADO,URBANO,NO DISPONIBLE,Víctima Conflicto Armado,FONVIVIENDA,NO REPORTADO,Hombre,NO REPORTADO,NO REPORTADO,NO REPORTADO,13881074.0
SANEAMIENTO BÁSICO,NO REPORTADO,NO REPORTADO,URBANO,NO DISPONIBLE,Víctima Conflicto Armado,FONVIVIENDA,NO REPORTADO,Mujer,NO REPORTADO,NO REPORTADO,NO REPORTADO,13912133.0
SANEAMIENTO BÁSICO,NO REPORTADO,NO REPORTADO,URBANO,NO DISPONIBLE,NO REGISTRADO,FONVIVIENDA,NO REPORTADO,Mujer,NO REPORTADO,NO REPORTADO,NO REPORTADO,13368929.0
SANEAMIENTO BÁSICO,NO REPORTADO,NO REPORTADO,URBANO,NO DISPONIBLE,NO REGISTRADO,FONVIVIENDA,NO REPORTADO,Mujer,NO REPORTADO,NO REPORTADO,NO REPORTADO,13888667.0
SANEAMIENTO BÁSICO,NO REPORTADO,NO REPORTADO,URBANO,NO DISPONIBLE,NO REGISTRADO,FONVIVIENDA,NO REPORTADO,Mujer,NO REPORTADO,NO REPORTADO,NO REPORTADO,13892486.0
SANEAMIENTO BÁSICO,NO REPORTADO,NO REPORTADO,URBANO,NO DISPONIBLE,NO REGISTRADO,FONVIVIENDA,NO REPORTADO,Mujer,NO REPORTADO,NO REPORTADO,NO REPORTADO,13700831.0
SANEAMIENTO BÁSICO,NO REPORTADO,NO REPORTADO,URBANO,NO DISPONIBLE,NO REGISTRADO,FONVIVIENDA,NO REPORTADO,Mujer,NO REPORTADO,NO REPORTADO,NO REPORTADO,13867078.0
SANEAMIENTO BÁSICO,NO REPORTADO,NO REPORTADO,URBANO,NO DISPONIBLE,NO REGISTRADO,FONVIVIENDA,NO REPORTADO,Hombre,NO REPORTADO,NO REPORTADO,NO REPORTADO,13669420.0
SANEAMIENTO BÁSICO,NO REPORTADO,NO REPORTADO,URBANO,NO DISPONIBLE,NO REGISTRADO,FONVIVIENDA,NO REPORTADO,Mujer,NO REPORTADO,NO REPORTADO,NO REPORTADO,13714551.0
SANEAMIENTO BÁSICO,NO REPORTADO,NO REPORTADO,URBANO,NO DISPONIBLE,NO REGISTRADO,FONVIVIENDA,NO REPORTADO,Mujer,NO REPORTADO,NO REPORTADO,NO REPORTADO,13864215.0
SANEAMIENTO BÁSICO,NO REPORTADO,NO REPORTADO,URBANO,NO DISPONIBLE,NO REGISTRADO,FONVIVIENDA,NO REPORTADO,Mujer,NO REPORTADO,NO REPORTADO,NO REPORTADO,13781608.0
SANEAMIENTO BÁSICO,NO REPORTADO,NO REPORTADO,URBANO,NO DISPONIBLE,NO REGISTRADO,FONVIVIENDA,NO REPORTADO,Mujer,NO REPORTADO,NO REPORTADO,NO REPORTADO,13906974.0
SANEAMIENTO BÁSICO,NO REPORTADO,NO REPORTADO,URBANO,NO DISPONIBLE,NO REGISTRADO,FONVIVIENDA,NO REPORTADO,Mujer,NO REPORTADO,NO REPORTADO,NO REPORTADO,13030580.0
SANEAMIENTO BÁSICO,NO REPORTADO,NO REPORTADO,URBANO,NO DISPONIBLE,NO REGISTRADO,FONVIVIENDA,NO REPORTADO,Hombre,NO REPORTADO,NO REPORTADO,NO REPORTADO,13919955.0
SANEAMIENTO BÁSICO,NO REPORTADO,NO REPORTADO,URBANO,NO DISPONIBLE,Víctima Conflicto Armado,FONVIVIENDA,NO REPORTADO,Mujer,NO REPORTADO,NO REPORTADO,NO REPORTADO,13838242.0
SANEAMIENTO BÁSICO,NO REPORTADO,NO REPORTADO,URBANO,NO DISPONIBLE,NO REGISTRADO,FONVIVIENDA,NO REPORTADO,Hombre,NO REPORTADO,NO REPORTADO,NO REPORTADO,13747062.0
SANEAMIENTO BÁSICO,NO REPORTADO,NO REPORTADO,URBANO,NO DISPONIBLE,Víctima Conflicto Armado,FONVIVIENDA,NO REPORTADO,Mujer,NO REPORTADO,NO REPORTADO,NO REPORTADO,13733999.0
SANEAMIENTO BÁSICO,NO REPORTADO,NO REPORTADO,URBANO,NO DISPONIBLE,NO REGISTRADO,FONVIVIENDA,NO REPORTADO,Hombre,NO REPORTADO,NO REPORTADO,NO REPORTADO,13919758.0
SANEAMIENTO BÁSICO,NO REPORTADO,NO REPORTADO,URBANO,NO DISPONIBLE,NO REGISTRADO,FONVIVIENDA,NO REPORTADO,Mujer,NO REPORTADO,NO REPORTADO,NO REPORTADO,13919986.0
SANEAMIENTO BÁSICO,NO REPORTADO,NO REPORTADO,URBANO,NO DISPONIBLE,NO REGISTRADO,FONVIVIENDA,NO REPORTADO,Hombre,NO REPORTADO,NO REPORTADO,NO REPORTADO,13851707.0
SANEAMIENTO BÁSICO,NO REPORTADO,NO REPORTADO,URBANO,NO DISPONIBLE,NO REGISTRADO,FONVIVIENDA,NO REPORTADO,Hombre,NO REPORTADO,NO REPORTADO,NO REPORTADO,12341947.0
SANEAMIENTO BÁSICO,NO REPORTADO,NO REPORTADO,URBANO,NO DISPONIBLE,NO REGISTRADO,FONVIVIENDA,NO REPORTADO,Mujer,NO REPORTADO,NO REPORTADO,NO REPORTADO,13031002.0
SANEAMIENTO BÁSICO,NO REPORTADO,NO REPORTADO,URBANO,NO DISPONIBLE,NO REGISTRADO,FONVIVIENDA,NO REPORTADO,Hombre,NO REPORTADO,NO REPORTADO,NO REPORTADO,13878049.0
SANEAMIENTO BÁSICO,NO REPORTADO,NO REPORTADO,URBANO,NO DISPONIBLE,NO REGISTRADO,FONVIVIENDA,NO REPORTADO,Mujer,NO REPORTADO,NO REPORTADO,NO REPORTADO,13521265.0
SANEAMIENTO BÁSICO,NO REPORTADO,NO REPORTADO,URBANO,NO DISPONIBLE,NO REGISTRADO,FONVIVIENDA,NO REPORTADO,Mujer,NO REPORTADO,NO REPORTADO,NO REPORTADO,13657581.0
SANEAMIENTO BÁSICO,NO REPORTADO,NO REPORTADO,URBANO,NO DISPONIBLE,NO REGISTRADO,FONVIVIENDA,NO REPORTADO,Mujer,NO REPORTADO,NO REPORTADO,NO REPORTADO,13920000.0
SANEAMIENTO BÁSICO,NO REPORTADO,NO REPORTADO,URBANO,NO DISPONIBLE,Víctima Conflicto Armado,FONVIVIENDA,NO REPORTADO,Mujer,NO REPORTADO,NO REPORTADO,NO REPORTADO,13899622.0
SANEAMIENTO BÁSICO,NO REPORTADO,NO REPORTADO,URBANO,NO DISPONIBLE,Víctima Conflicto Armado,FONVIVIENDA,NO REPORTADO,Mujer,NO REPORTADO,NO REPORTADO,NO REPORTADO,13665889.0
SANEAMIENTO BÁSICO,NO REPORTADO,NO REPORTADO,URBANO,NO DISPONIBLE,NO REGISTRADO,FONVIVIENDA,NO REPORTADO,Mujer,NO REPORTADO,NO REPORTADO,NO REPORTADO,13916665.0
SANEAMIENTO BÁSICO,NO REPORTADO,NO REPORTADO,URBANO,NO DISPONIBLE,NO REGISTRADO,FONVIVIENDA,NO REPORTADO,Mujer,NO REPORTADO,NO REPORTADO,NO REPORTADO,13897931.0
SANEAMIENTO BÁSICO,NO REPORTADO,NO REPORTADO,URBANO,NO DISPONIBLE,NO REGISTRADO,FONVIVIENDA,NO REPORTADO,Mujer,NO REPORTADO,NO REPORTADO,NO REPORTADO,13794160.0
SANEAMIENTO BÁSICO,NO REPORTADO,NO REPORTADO,URBANO,NO DISPONIBLE,NO REGISTRADO,FONVIVIENDA,NO REPORTADO,Hombre,NO REPORTADO,NO REPORTADO,NO REPORTADO,13919090.0
SANEAMIENTO BÁSICO,NO REPORTADO,NO REPORTADO,URBANO,NO DISPONIBLE,NO REGISTRADO,FONVIVIENDA,NO REPORTADO,Mujer,NO REPORTADO,NO REPORTADO,NO REPORTADO,13916708.0
SANEAMIENTO BÁSICO,NO REPORTADO,NO REPORTADO,URBANO,NO DISPONIBLE,Víctima Conflicto Armado,FONVIVIENDA,NO REPORTADO,Mujer,NO REPORTADO,NO REPORTADO,NO REPORTADO,13919977.0
SANEAMIENTO BÁSICO,NO REPORTADO,NO REPORTADO,URBANO,NO DISPONIBLE,NO REGISTRADO,FONVIVIENDA,NO REPORTADO,Hombre,NO REPORTADO,NO REPORTADO,NO REPORTADO,13919977.0
SANEAMIENTO BÁSICO,NO REPORTADO,NO REPORTADO,URBANO,NO DISPONIBLE,NO REGISTRADO,FONVIVIENDA,NO REPORTADO,Mujer,NO REPORTADO,NO REPORTADO,NO REPORTADO,13917719.0
SANEAMIENTO BÁSICO,NO REPORTADO,NO REPORTADO,URBANO,NO DISPONIBLE,NO REGISTRADO,FONVIVIENDA,NO REPORTADO,Mujer,NO REPORTADO,NO REPORTADO,NO REPORTADO,13875291.0
SANEAMIENTO BÁSICO,NO REPORTADO,NO REPORTADO,URBANO,NO DISPONIBLE,Víctima Conflicto Armado,FONVIVIENDA,NO REPORTADO,Hombre,NO REPORTADO,NO REPORTADO,NO REPORTADO,13894807.0
SANEAMIENTO BÁSICO,NO REPORTADO,NO REPORTADO,URBANO,NO DISPONIBLE,NO REGISTRADO,FONVIVIENDA,NO REPORTADO,Hombre,NO REPORTADO,NO REPORTADO,NO REPORTADO,13725087.0
SANEAMIENTO BÁSICO,NO REPORTADO,NO REPORTADO,URBANO,NO DISPONIBLE,NO REGISTRADO,FONVIVIENDA,NO REPORTADO,Mujer,NO REPORTADO,NO REPORTADO,NO REPORTADO,13836933.0
SANEAMIENTO BÁSICO,NO REPORTADO,NO REPORTADO,URBANO,NO DISPONIBLE,NO REGISTRADO,FONVIVIENDA,NO REPORTADO,Hombre,NO REPORTADO,NO REPORTADO,NO REPORTADO,13857027.0
SANEAMIENTO BÁSICO,NO REPORTADO,NO REPORTADO,URBANO,NO DISPONIBLE,NO REGISTRADO,FONVIVIENDA,NO REPORTADO,Hombre,NO REPORTADO,NO REPORTADO,NO REPORTADO,13919948.0
SANEAMIENTO BÁSICO,NO REPORTADO,NO REPORTADO,URBANO,NO DISPONIBLE,NO REGISTRADO,FONVIVIENDA,NO REPORTADO,Mujer,NO REPORTADO,NO REPORTADO,NO REPORTADO,13902814.0
SANEAMIENTO BÁSICO,NO REPORTADO,NO REPORTADO,URBANO,NO DISPONIBLE,Víctima Conflicto Armado,FONVIVIENDA,NO REPORTADO,Mujer,NO REPORTADO,NO REPORTADO,NO REPORTADO,13811627.0
SANEAMIENTO BÁSICO,NO REPORTADO,NO REPORTADO,URBANO,NO DISPONIBLE,NO REGISTRADO,FONVIVIENDA,NO REPORTADO,Mujer,NO REPORTADO,NO REPORTADO,NO REPORTADO,13406931.0
SANEAMIENTO BÁSICO,NO REPORTADO,NO REPORTADO,URBANO,NO DISPONIBLE,Víctima Conflicto Armado,FONVIVIENDA,NO REPORTADO,Hombre,NO REPORTADO,NO REPORTADO,NO REPORTADO,13904814.0
SANEAMIENTO BÁSICO,NO REPORTADO,NO REPORTADO,URBANO,NO DISPONIBLE,NO REGISTRADO,FONVIVIENDA,NO REPORTADO,Hombre,NO REPORTADO,NO REPORTADO,NO REPORTADO,13790560.0
SANEAMIENTO BÁSICO,NO REPORTADO,NO REPORTADO,URBANO,NO DISPONIBLE,NO REGISTRADO,FONVIVIENDA,NO REPORTADO,Mujer,NO REPORTADO,NO REPORTADO,NO REPORTADO,13789008.0
SANEAMIENTO BÁSICO,NO REPORTADO,NO REPORTADO,URBANO,NO DISPONIBLE,NO REGISTRADO,FONVIVIENDA,NO REPORTADO,Mujer,NO REPORTADO,NO REPORTADO,NO REPORTADO,13314176.0
SANEAMIENTO BÁSICO,NO REPORTADO,NO REPORTADO,URBANO,NO DISPONIBLE,NO REGISTRADO,FONVIVIENDA,NO REPORTADO,Mujer,NO REPORTADO,NO REPORTADO,NO REPORTADO,13753328.0
SANEAMIENTO BÁSICO,NO REPORTADO,NO REPORTADO,URBANO,NO DISPONIBLE,NO REGISTRADO,FONVIVIENDA,NO REPORTADO,Mujer,NO REPORTADO,NO REPORTADO,NO REPORTADO,13906767.0
SANEAMIENTO BÁSICO,NO REPORTADO,NO REPORTADO,URBANO,NO DISPONIBLE,NO REGISTRADO,FONVIVIENDA,NO REPORTADO,Mujer,NO REPORTADO,NO REPORTADO,NO REPORTADO,13726086.0
SANEAMIENTO BÁSICO,NO REPORTADO,NO REPORTADO,URBANO,NO DISPONIBLE,NO REGISTRADO,FONVIVIENDA,NO REPORTADO,Mujer,NO REPORTADO,NO REPORTADO,NO REPORTADO,13911430.0
SANEAMIENTO BÁSICO,NO REPORTADO,NO REPORTADO,URBANO,NO DISPONIBLE,NO REGISTRADO,FONVIVIENDA,NO REPORTADO,Hombre,NO REPORTADO,NO REPORTADO,NO REPORTADO,13700509.0
SANEAMIENTO BÁSICO,NO REPORTADO,NO REPORTADO,URBANO,NO DISPONIBLE,NO REGISTRADO,FONVIVIENDA,NO REPORTADO,Mujer,NO REPORTADO,NO REPORTADO,NO REPORTADO,13899768.0
SANEAMIENTO BÁSICO,NO REPORTADO,NO REPORTADO,URBANO,NO DISPONIBLE,NO REGISTRADO,FONVIVIENDA,NO REPORTADO,Mujer,NO REPORTADO,NO REPORTADO,NO REPORTADO,13887407.0
SANEAMIENTO BÁSICO,NO REPORTADO,NO REPORTADO,URBANO,NO DISPONIBLE,NO REGISTRADO,FONVIVIENDA,NO REPORTADO,Mujer,NO REPORTADO,NO REPORTADO,NO REPORTADO,13796213.0
SANEAMIENTO BÁSICO,NO REPORTADO,NO REPORTADO,URBANO,NO DISPONIBLE,Víctima Conflicto Armado,FONVIVIENDA,NO REPORTADO,Mujer,NO REPORTADO,NO REPORTADO,NO REPORTADO,13776742.0
SANEAMIENTO BÁSICO,NO REPORTADO,NO REPORTADO,URBANO,NO DISPONIBLE,NO REGISTRADO,FONVIVIENDA,NO REPORTADO,Hombre,NO REPORTADO,NO REPORTADO,NO REPORTADO,13912252.0
SANEAMIENTO BÁSICO,NO REPORTADO,NO REPORTADO,URBANO,NO DISPONIBLE,NO REGISTRADO,FONVIVIENDA,NO REPORTADO,Mujer,NO REPORTADO,NO REPORTADO,NO REPORTADO,13869813.0
SANEAMIENTO BÁSICO,NO REPORTADO,NO REPORTADO,URBANO,NO DISPONIBLE,NO REGISTRADO,FONVIVIENDA,NO REPORTADO,Mujer,NO REPORTADO,NO REPORTADO,NO REPORTADO,13803813.0
SANEAMIENTO BÁSICO,NO REPORTADO,NO REPORTADO,URBANO,NO DISPONIBLE,NO REGISTRADO,FONVIVIENDA,NO REPORTADO,Hombre,NO REPORTADO,NO REPORTADO,NO REPORTADO,13723925.0
SANEAMIENTO BÁSICO,NO REPORTADO,NO REPORTADO,URBANO,NO DISPONIBLE,NO REGISTRADO,FONVIVIENDA,NO REPORTADO,Mujer,NO REPORTADO,NO REPORTADO,NO REPORTADO,13893440.0
SANEAMIENTO BÁSICO,NO REPORTADO,NO REPORTADO,URBANO,NO DISPONIBLE,NO REGISTRADO,FONVIVIENDA,NO REPORTADO,Mujer,NO REPORTADO,NO REPORTADO,NO REPORTADO,13678128.0
SANEAMIENTO BÁSICO,NO REPORTADO,NO REPORTADO,URBANO,NO DISPONIBLE,NO REGISTRADO,FONVIVIENDA,NO REPORTADO,Mujer,NO REPORTADO,NO REPORTADO,NO REPORTADO,13917565.0
SANEAMIENTO BÁSICO,NO REPORTADO,NO REPORTADO,URBANO,NO DISPONIBLE,NO REGISTRADO,FONVIVIENDA,NO REPORTADO,Mujer,NO REPORTADO,NO REPORTADO,NO REPORTADO,13801312.0
SANEAMIENTO BÁSICO,NO REPORTADO,NO REPORTADO,URBANO,NO DISPONIBLE,NO REGISTRADO,FONVIVIENDA,NO REPORTADO,Mujer,NO REPORTADO,NO REPORTADO,NO REPORTADO,13888804.0
SANEAMIENTO BÁSICO,NO REPORTADO,NO REPORTADO,URBANO,NO DISPONIBLE,NO REGISTRADO,FONVIVIENDA,NO REPORTADO,Mujer,NO REPORTADO,NO REPORTADO,NO REPORTADO,13811517.0
SANEAMIENTO BÁSICO,NO REPORTADO,NO REPORTADO,URBANO,NO DISPONIBLE,NO REGISTRADO,FONVIVIENDA,NO REPORTADO,Mujer,NO REPORTADO,NO REPORTADO,NO REPORTADO,13886760.0
SANEAMIENTO BÁSICO,NO REPORTADO,NO REPORTADO,URBANO,NO DISPONIBLE,Víctima Conflicto Armado,FONVIVIENDA,NO REPORTADO,Mujer,NO REPORTADO,NO REPORTADO,NO REPORTADO,13897605.0
SANEAMIENTO BÁSICO,NO REPORTADO,NO REPORTADO,URBANO,NO DISPONIBLE,NO REGISTRADO,FONVIVIENDA,NO REPORTADO,Hombre,NO REPORTADO,NO REPORTADO,NO REPORTADO,13907657.0
SANEAMIENTO BÁSICO,NO REPORTADO,NO REPORTADO,URBANO,NO DISPONIBLE,NO REGISTRADO,FONVIVIENDA,NO REPORTADO,Hombre,NO REPORTADO,NO REPORTADO,NO REPORTADO,13852633.0
SANEAMIENTO BÁSICO,NO REPORTADO,NO REPORTADO,URBANO,NO DISPONIBLE,NO REGISTRADO,FONVIVIENDA,NO REPORTADO,Hombre,NO REPORTADO,NO REPORTADO,NO REPORTADO,13898540.0
SANEAMIENTO BÁSICO,NO REPORTADO,NO REPORTADO,URBANO,NO DISPONIBLE,NO REGISTRADO,FONVIVIENDA,NO REPORTADO,Mujer,NO REPORTADO,NO REPORTADO,NO REPORTADO,13894371.0
SANEAMIENTO BÁSICO,NO REPORTADO,NO REPORTADO,URBANO,NO DISPONIBLE,NO REGISTRADO,FONVIVIENDA,NO REPORTADO,Mujer,NO REPORTADO,NO REPORTADO,NO REPORTADO,13918033.0
SANEAMIENTO BÁSICO,NO REPORTADO,NO REPORTADO,URBANO,NO DISPONIBLE,Víctima Conflicto Armado,FONVIVIENDA,NO REPORTADO,Hombre,NO REPORTADO,NO REPORTADO,NO REPORTADO,13910889.0
SANEAMIENTO BÁSICO,NO REPORTADO,NO REPORTADO,URBANO,NO DISPONIBLE,NO REGISTRADO,FONVIVIENDA,NO REPORTADO,Mujer,NO REPORTADO,NO REPORTADO,NO REPORTADO,13894015.0
SANEAMIENTO BÁSICO,NO REPORTADO,NO REPORTADO,URBANO,NO DISPONIBLE,Víctima Conflicto Armado,FONVIVIENDA,NO REPORTADO,Mujer,NO REPORTADO,NO REPORTADO,NO REPORTADO,13270813.0
SANEAMIENTO BÁSICO,NO REPORTADO,NO REPORTADO,URBANO,NO DISPONIBLE,Víctima Conflicto Armado,FONVIVIENDA,NO REPORTADO,Hombre,NO REPORTADO,NO REPORTADO,NO REPORTADO,13911253.0
SANEAMIENTO BÁSICO,NO REPORTADO,NO REPORTADO,URBANO,NO DISPONIBLE,Víctima Conflicto Armado,FONVIVIENDA,NO REPORTADO,Mujer,NO REPORTADO,NO REPORTADO,NO REPORTADO,13917750.0
SANEAMIENTO BÁSICO,NO REPORTADO,NO REPORTADO,URBANO,NO DISPONIBLE,Víctima Conflicto Armado,FONVIVIENDA,NO REPORTADO,Mujer,NO REPORTADO,NO REPORTADO,NO REPORTADO,13917092.0
SANEAMIENTO BÁSICO,NO REPORTADO,NO REPORTADO,URBANO,NO DISPONIBLE,NO REGISTRADO,FONVIVIENDA,NO REPORTADO,Mujer,NO REPORTADO,NO REPORTADO,NO REPORTADO,13919492.0
SANEAMIENTO BÁSICO,NO REPORTADO,NO REPORTADO,URBANO,NO DISPONIBLE,NO REGISTRADO,FONVIVIENDA,NO REPORTADO,Hombre,NO REPORTADO,NO REPORTADO,NO REPORTADO,13999665.0
SANEAMIENTO BÁSICO,NO REPORTADO,NO REPORTADO,URBANO,NO DISPONIBLE,Víctima Conflicto Armado,FONVIVIENDA,NO REPORTADO,Mujer,NO REPORTADO,NO REPORTADO,NO REPORTADO,13884431.0
SANEAMIENTO BÁSICO,NO REPORTADO,NO REPORTADO,URBANO,NO DISPONIBLE,NO REGISTRADO,FONVIVIENDA,NO REPORTADO,Hombre,NO REPORTADO,NO REPORTADO,NO REPORTADO,13799332.0
SANEAMIENTO BÁSICO,NO REPORTADO,NO REPORTADO,URBANO,NO DISPONIBLE,NO REGISTRADO,FONVIVIENDA,NO REPORTADO,Hombre,NO REPORTADO,NO REPORTADO,NO REPORTADO,13884100.0
SANEAMIENTO BÁSICO,NO REPORTADO,NO REPORTADO,URBANO,NO DISPONIBLE,Víctima Conflicto Armado,FONVIVIENDA,NO REPORTADO,Hombre,NO REPORTADO,NO REPORTADO,NO REPORTADO,13903323.0
SANEAMIENTO BÁSICO,NO REPORTADO,NO REPORTADO,URBANO,NO DISPONIBLE,NO REGISTRADO,FONVIVIENDA,NO REPORTADO,Hombre,NO REPORTADO,NO REPORTADO,NO REPORTADO,13842549.0
SANEAMIENTO BÁSICO,NO REPORTADO,NO REPORTADO,URBANO,NO DISPONIBLE,NO REGISTRADO,FONVIVIENDA,NO REPORTADO,Mujer,NO REPORTADO,NO REPORTADO,NO REPORTADO,13896480.0
SANEAMIENTO BÁSICO,NO REPORTADO,NO REPORTADO,URBANO,NO DISPONIBLE,NO REGISTRADO,FONVIVIENDA,NO REPORTADO,Hombre,NO REPORTADO,NO REPORTADO,NO REPORTADO,13919440.0
SANEAMIENTO BÁSICO,NO REPORTADO,NO REPORTADO,URBANO,NO DISPONIBLE,NO REGISTRADO,FONVIVIENDA,NO REPORTADO,Mujer,NO REPORTADO,NO REPORTADO,NO REPORTADO,13908998.0
SANEAMIENTO BÁSICO,NO REPORTADO,NO REPORTADO,URBANO,NO DISPONIBLE,NO REGISTRADO,FONVIVIENDA,NO REPORTADO,Hombre,NO REPORTADO,NO REPORTADO,NO REPORTADO,13900641.0
SANEAMIENTO BÁSICO,NO REPORTADO,NO REPORTADO,URBANO,NO DISPONIBLE,NO REGISTRADO,FONVIVIENDA,NO REPORTADO,Mujer,NO REPORTADO,NO REPORTADO,NO REPORTADO,13912318.0
SANEAMIENTO BÁSICO,NO REPORTADO,NO REPORTADO,URBANO,NO DISPONIBLE,NO REGISTRADO,FONVIVIENDA,NO REPORTADO,Hombre,NO REPORTADO,NO REPORTADO,NO REPORTADO,13857116.0
SANEAMIENTO BÁSICO,NO REPORTADO,NO REPORTADO,URBANO,NO DISPONIBLE,NO REGISTRADO,FONVIVIENDA,NO REPORTADO,Mujer,NO REPORTADO,NO REPORTADO,NO REPORTADO,13087764.0
SANEAMIENTO BÁSICO,NO REPORTADO,NO REPORTADO,URBANO,NO DISPONIBLE,NO REGISTRADO,FONVIVIENDA,NO REPORTADO,Mujer,NO REPORTADO,NO REPORTADO,NO REPORTADO,13875621.0
SANEAMIENTO BÁSICO,NO REPORTADO,NO REPORTADO,URBANO,NO DISPONIBLE,NO REGISTRADO,FONVIVIENDA,NO REPORTADO,Mujer,NO REPORTADO,NO REPORTADO,NO REPORTADO,13918107.0
SANEAMIENTO BÁSICO,NO REPORTADO,NO REPORTADO,URBANO,NO DISPONIBLE,NO REGISTRADO,FONVIVIENDA,NO REPORTADO,Hombre,NO REPORTADO,NO REPORTADO,NO REPORTADO,13862106.0
SANEAMIENTO BÁSICO,NO REPORTADO,NO REPORTADO,URBANO,NO DISPONIBLE,NO REGISTRADO,FONVIVIENDA,NO REPORTADO,Hombre,NO REPORTADO,NO REPORTADO,NO REPORTADO,12654815.0
SANEAMIENTO BÁSICO,NO REPORTADO,NO REPORTADO,URBANO,NO DISPONIBLE,NO REGISTRADO,FONVIVIENDA,NO REPORTADO,Mujer,NO REPORTADO,NO REPORTADO,NO REPORTADO,13817116.0
SANEAMIENTO BÁSICO,NO REPORTADO,NO REPORTADO,URBANO,NO DISPONIBLE,NO REGISTRADO,FONVIVIENDA,NO REPORTADO,Mujer,NO REPORTADO,NO REPORTADO,NO REPORTADO,13912362.0
SANEAMIENTO BÁSICO,NO REPORTADO,NO REPORTADO,URBANO,NO DISPONIBLE,NO REGISTRADO,FONVIVIENDA,NO REPORTADO,Hombre,NO REPORTADO,NO REPORTADO,NO REPORTADO,13861461.0
SANEAMIENTO BÁSICO,NO REPORTADO,NO REPORTADO,URBANO,NO DISPONIBLE,NO REGISTRADO,FONVIVIENDA,NO REPORTADO,Mujer,NO REPORTADO,NO REPORTADO,NO REPORTADO,13919989.0
SANEAMIENTO BÁSICO,NO REPORTADO,NO REPORTADO,URBANO,NO DISPONIBLE,NO REGISTRADO,FONVIVIENDA,NO REPORTADO,Mujer,NO REPORTADO,NO REPORTADO,NO REPORTADO,13545926.0
SANEAMIENTO BÁSICO,NO REPORTADO,NO REPORTADO,URBANO,NO DISPONIBLE,NO REGISTRADO,FONVIVIENDA,NO REPORTADO,Mujer,NO REPORTADO,NO REPORTADO,NO REPORTADO,13917268.0
SANEAMIENTO BÁSICO,NO REPORTADO,NO REPORTADO,URBANO,NO DISPONIBLE,Víctima Conflicto Armado,FONVIVIENDA,NO REPORTADO,Mujer,NO REPORTADO,NO REPORTADO,NO REPORTADO,13909266.0
SANEAMIENTO BÁSICO,NO REPORTADO,NO REPORTADO,URBANO,NO DISPONIBLE,NO REGISTRADO,FONVIVIENDA,NO REPORTADO,Hombre,NO REPORTADO,NO REPORTADO,NO REPORTADO,13795751.0
SANEAMIENTO BÁSICO,NO REPORTADO,NO REPORTADO,URBANO,NO DISPONIBLE,NO REGISTRADO,FONVIVIENDA,NO REPORTADO,Mujer,NO REPORTADO,NO REPORTADO,NO REPORTADO,13851029.0
SANEAMIENTO BÁSICO,NO REPORTADO,NO REPORTADO,URBANO,NO DISPONIBLE,Víctima Conflicto Armado,FONVIVIENDA,NO REPORTADO,Hombre,NO REPORTADO,NO REPORTADO,NO REPORTADO,13762944.0
SANEAMIENTO BÁSICO,NO REPORTADO,NO REPORTADO,URBANO,NO DISPONIBLE,Víctima Conflicto Armado,FONVIVIENDA,NO REPORTADO,Mujer,NO REPORTADO,NO REPORTADO,NO REPORTADO,13649200.0
SANEAMIENTO BÁSICO,NO REPORTADO,NO REPORTADO,URBANO,NO DISPONIBLE,NO REGISTRADO,FONVIVIENDA,NO REPORTADO,Mujer,NO REPORTADO,NO REPORTADO,NO REPORTADO,13809532.0
SANEAMIENTO BÁSICO,NO REPORTADO,NO REPORTADO,URBANO,NO DISPONIBLE,NO REGISTRADO,FONVIVIENDA,NO REPORTADO,Mujer,NO REPORTADO,NO REPORTADO,NO REPORTADO,13530105.0
SANEAMIENTO BÁSICO,NO REPORTADO,NO REPORTADO,URBANO,NO DISPONIBLE,NO REGISTRADO,FONVIVIENDA,NO REPORTADO,Mujer,NO REPORTADO,NO REPORTADO,NO REPORTADO,13900652.0
SANEAMIENTO BÁSICO,NO REPORTADO,NO REPORTADO,URBANO,NO DISPONIBLE,NO REGISTRADO,FONVIVIENDA,NO REPORTADO,Hombre,NO REPORTADO,NO REPORTADO,NO REPORTADO,13742347.0
SANEAMIENTO BÁSICO,NO REPORTADO,NO REPORTADO,URBANO,NO DISPONIBLE,NO REGISTRADO,FONVIVIENDA,NO REPORTADO,Hombre,NO REPORTADO,NO REPORTADO,NO REPORTADO,13911349.0
SANEAMIENTO BÁSICO,NO REPORTADO,NO REPORTADO,URBANO,NO DISPONIBLE,Víctima Conflicto Armado,FONVIVIENDA,NO REPORTADO,Mujer,NO REPORTADO,NO REPORTADO,NO REPORTADO,13605113.0
SANEAMIENTO BÁSICO,NO REPORTADO,NO REPORTADO,URBANO,NO DISPONIBLE,NO REGISTRADO,FONVIVIENDA,NO REPORTADO,Mujer,NO REPORTADO,NO REPORTADO,NO REPORTADO,13770303.0
SANEAMIENTO BÁSICO,NO REPORTADO,NO REPORTADO,URBANO,NO DISPONIBLE,Víctima Conflicto Armado,FONVIVIENDA,NO REPORTADO,Mujer,NO REPORTADO,NO REPORTADO,NO REPORTADO,13897268.0
SANEAMIENTO BÁSICO,NO REPORTADO,NO REPORTADO,URBANO,NO DISPONIBLE,NO REGISTRADO,FONVIVIENDA,NO REPORTADO,Mujer,NO REPORTADO,NO REPORTADO,NO REPORTADO,13899814.0
SANEAMIENTO BÁSICO,NO REPORTADO,NO REPORTADO,URBANO,NO DISPONIBLE,NO REGISTRADO,FONVIVIENDA,NO REPORTADO,Mujer,NO REPORTADO,NO REPORTADO,NO REPORTADO,13886915.0
SANEAMIENTO BÁSICO,NO REPORTADO,NO REPORTADO,URBANO,NO DISPONIBLE,Víctima Conflicto Armado,FONVIVIENDA,NO REPORTADO,Mujer,NO REPORTADO,NO REPORTADO,NO REPORTADO,13894008.0
SANEAMIENTO BÁSICO,NO REPORTADO,NO REPORTADO,URBANO,NO DISPONIBLE,NO REGISTRADO,FONVIVIENDA,NO REPORTADO,Mujer,NO REPORTADO,NO REPORTADO,NO REPORTADO,13922911.0
SANEAMIENTO BÁSICO,NO REPORTADO,NO REPORTADO,URBANO,NO DISPONIBLE,NO REGISTRADO,FONVIVIENDA,NO REPORTADO,Hombre,NO REPORTADO,NO REPORTADO,NO REPORTADO,13910601.0
SANEAMIENTO BÁSICO,NO REPORTADO,NO REPORTADO,URBANO,NO DISPONIBLE,NO REGISTRADO,FONVIVIENDA,NO REPORTADO,Mujer,NO REPORTADO,NO REPORTADO,NO REPORTADO,13896626.0
SANEAMIENTO BÁSICO,NO REPORTADO,NO REPORTADO,URBANO,NO DISPONIBLE,NO REGISTRADO,FONVIVIENDA,NO REPORTADO,Mujer,NO REPORTADO,NO REPORTADO,NO REPORTADO,13880730.0
SANEAMIENTO BÁSICO,NO REPORTADO,NO REPORTADO,URBANO,NO DISPONIBLE,NO REGISTRADO,FONVIVIENDA,NO REPORTADO,Mujer,NO REPORTADO,NO REPORTADO,NO REPORTADO,13889595.0
SANEAMIENTO BÁSICO,NO REPORTADO,NO REPORTADO,URBANO,NO DISPONIBLE,NO REGISTRADO,FONVIVIENDA,NO REPORTADO,Mujer,NO REPORTADO,NO REPORTADO,NO REPORTADO,13661428.0
SANEAMIENTO BÁSICO,NO REPORTADO,NO REPORTADO,URBANO,NO DISPONIBLE,NO REGISTRADO,FONVIVIENDA,NO REPORTADO,Mujer,NO REPORTADO,NO REPORTADO,NO REPORTADO,13916201.0
SANEAMIENTO BÁSICO,NO REPORTADO,NO REPORTADO,URBANO,NO DISPONIBLE,Víctima Conflicto Armado,FONVIVIENDA,NO REPORTADO,Hombre,NO REPORTADO,NO REPORTADO,NO REPORTADO,13918134.0
SANEAMIENTO BÁSICO,NO REPORTADO,NO REPORTADO,URBANO,NO DISPONIBLE,Víctima Conflicto Armado,FONVIVIENDA,NO REPORTADO,Mujer,NO REPORTADO,NO REPORTADO,NO REPORTADO,13897222.0
SANEAMIENTO BÁSICO,NO REPORTADO,NO REPORTADO,URBANO,NO DISPONIBLE,NO REGISTRADO,FONVIVIENDA,NO REPORTADO,Mujer,NO REPORTADO,NO REPORTADO,NO REPORTADO,13919433.0
SANEAMIENTO BÁSICO,NO REPORTADO,NO REPORTADO,URBANO,NO DISPONIBLE,NO REGISTRADO,FONVIVIENDA,NO REPORTADO,Hombre,NO REPORTADO,NO REPORTADO,NO REPORTADO,13919950.0
SANEAMIENTO BÁSICO,NO REPORTADO,NO REPORTADO,URBANO,NO DISPONIBLE,NO REGISTRADO,FONVIVIENDA,NO REPORTADO,Mujer,NO REPORTADO,NO REPORTADO,NO REPORTADO,13890739.0
SANEAMIENTO BÁSICO,NO REPORTADO,NO REPORTADO,URBANO,NO DISPONIBLE,Víctima Conflicto Armado,FONVIVIENDA,NO REPORTADO,Mujer,NO REPORTADO,NO REPORTADO,NO REPORTADO,13727586.0
SANEAMIENTO BÁSICO,NO REPORTADO,NO REPORTADO,URBANO,NO DISPONIBLE,NO REGISTRADO,FONVIVIENDA,NO REPORTADO,Mujer,NO REPORTADO,NO REPORTADO,NO REPORTADO,13911939.0
SANEAMIENTO BÁSICO,NO REPORTADO,NO REPORTADO,URBANO,NO DISPONIBLE,NO REGISTRADO,FONVIVIENDA,NO REPORTADO,Mujer,NO REPORTADO,NO REPORTADO,NO REPORTADO,13890499.0
SANEAMIENTO BÁSICO,NO REPORTADO,NO REPORTADO,URBANO,NO DISPONIBLE,NO REGISTRADO,FONVIVIENDA,NO REPORTADO,Hombre,NO REPORTADO,NO REPORTADO,NO REPORTADO,13913719.0
SANEAMIENTO BÁSICO,NO REPORTADO,NO REPORTADO,URBANO,NO DISPONIBLE,NO REGISTRADO,FONVIVIENDA,NO REPORTADO,Mujer,NO REPORTADO,NO REPORTADO,NO REPORTADO,13919998.0
SANEAMIENTO BÁSICO,NO REPORTADO,NO REPORTADO,URBANO,NO DISPONIBLE,NO REGISTRADO,FONVIVIENDA,NO REPORTADO,Mujer,NO REPORTADO,NO REPORTADO,NO REPORTADO,13919950.0
SANEAMIENTO BÁSICO,NO REPORTADO,NO REPORTADO,URBANO,NO DISPONIBLE,NO REGISTRADO,FONVIVIENDA,NO REPORTADO,Mujer,NO REPORTADO,NO REPORTADO,NO REPORTADO,13898505.0
SANEAMIENTO BÁSICO,NO REPORTADO,NO REPORTADO,URBANO,NO DISPONIBLE,Víctima Conflicto Armado,FONVIVIENDA,NO REPORTADO,Hombre,NO REPORTADO,NO REPORTADO,NO REPORTADO,13915344.0
SANEAMIENTO BÁSICO,NO REPORTADO,NO REPORTADO,URBANO,NO DISPONIBLE,NO REGISTRADO,FONVIVIENDA,NO REPORTADO,Mujer,NO REPORTADO,NO REPORTADO,NO REPORTADO,13893176.0
SANEAMIENTO BÁSICO,NO REPORTADO,NO REPORTADO,URBANO,NO DISPONIBLE,NO REGISTRADO,FONVIVIENDA,NO REPORTADO,Mujer,NO REPORTADO,NO REPORTADO,NO REPORTADO,13898849.0
SANEAMIENTO BÁSICO,NO REPORTADO,NO REPORTADO,URBANO,NO DISPONIBLE,NO REGISTRADO,FONVIVIENDA,NO REPORTADO,Hombre,NO REPORTADO,NO REPORTADO,NO REPORTADO,13919018.0
SANEAMIENTO BÁSICO,NO REPORTADO,NO REPORTADO,URBANO,NO DISPONIBLE,NO REGISTRADO,FONVIVIENDA,NO REPORTADO,Mujer,NO REPORTADO,NO REPORTADO,NO REPORTADO,13903657.0
SANEAMIENTO BÁSICO,NO REPORTADO,NO REPORTADO,URBANO,NO DISPONIBLE,NO REGISTRADO,FONVIVIENDA,NO REPORTADO,Mujer,NO REPORTADO,NO REPORTADO,NO REPORTADO,13901346.0
SANEAMIENTO BÁSICO,NO REPORTADO,NO REPORTADO,URBANO,NO DISPONIBLE,NO REGISTRADO,FONVIVIENDA,NO REPORTADO,Mujer,NO REPORTADO,NO REPORTADO,NO REPORTADO,13861512.0
SANEAMIENTO BÁSICO,NO REPORTADO,NO REPORTADO,URBANO,NO DISPONIBLE,Víctima Conflicto Armado,FONVIVIENDA,NO REPORTADO,Hombre,NO REPORTADO,NO REPORTADO,NO REPORTADO,13861748.0
SANEAMIENTO BÁSICO,NO REPORTADO,NO REPORTADO,URBANO,NO DISPONIBLE,Víctima Conflicto Armado,FONVIVIENDA,NO REPORTADO,Mujer,NO REPORTADO,NO REPORTADO,NO REPORTADO,13915049.0
SANEAMIENTO BÁSICO,NO REPORTADO,NO REPORTADO,URBANO,NO DISPONIBLE,NO REGISTRADO,FONVIVIENDA,NO REPORTADO,Hombre,NO REPORTADO,NO REPORTADO,NO REPORTADO,13893251.0
SANEAMIENTO BÁSICO,NO REPORTADO,NO REPORTADO,URBANO,NO DISPONIBLE,NO REGISTRADO,FONVIVIENDA,NO REPORTADO,Mujer,NO REPORTADO,NO REPORTADO,NO REPORTADO,13867925.0
SANEAMIENTO BÁSICO,NO REPORTADO,NO REPORTADO,URBANO,NO DISPONIBLE,NO REGISTRADO,FONVIVIENDA,NO REPORTADO,Mujer,NO REPORTADO,NO REPORTADO,NO REPORTADO,13775252.0
SANEAMIENTO BÁSICO,NO REPORTADO,NO REPORTADO,URBANO,NO DISPONIBLE,NO REGISTRADO,FONVIVIENDA,NO REPORTADO,Mujer,NO REPORTADO,NO REPORTADO,NO REPORTADO,13908291.0
SANEAMIENTO BÁSICO,NO REPORTADO,NO REPORTADO,URBANO,NO DISPONIBLE,NO REGISTRADO,FONVIVIENDA,NO REPORTADO,Mujer,NO REPORTADO,NO REPORTADO,NO REPORTADO,13892486.0
SANEAMIENTO BÁSICO,NO REPORTADO,NO REPORTADO,URBANO,NO DISPONIBLE,NO REGISTRADO,FONVIVIENDA,NO REPORTADO,Mujer,NO REPORTADO,NO REPORTADO,NO REPORTADO,13858815.0
SANEAMIENTO BÁSICO,NO REPORTADO,NO REPORTADO,URBANO,NO DISPONIBLE,NO REGISTRADO,FONVIVIENDA,NO REPORTADO,Mujer,NO REPORTADO,NO REPORTADO,NO REPORTADO,13888167.0
SANEAMIENTO BÁSICO,NO REPORTADO,NO REPORTADO,URBANO,NO DISPONIBLE,NO REGISTRADO,FONVIVIENDA,NO REPORTADO,Hombre,NO REPORTADO,NO REPORTADO,NO REPORTADO,13912851.0
SANEAMIENTO BÁSICO,NO REPORTADO,NO REPORTADO,URBANO,NO DISPONIBLE,Víctima Conflicto Armado,FONVIVIENDA,NO REPORTADO,Mujer,NO REPORTADO,NO REPORTADO,NO REPORTADO,13903991.0
SANEAMIENTO BÁSICO,NO REPORTADO,NO REPORTADO,URBANO,NO DISPONIBLE,NO REGISTRADO,FONVIVIENDA,NO REPORTADO,Mujer,NO REPORTADO,NO REPORTADO,NO REPORTADO,13792891.0
SANEAMIENTO BÁSICO,NO REPORTADO,NO REPORTADO,URBANO,NO DISPONIBLE,NO REGISTRADO,FONVIVIENDA,NO REPORTADO,Mujer,NO REPORTADO,NO REPORTADO,NO REPORTADO,13825719.0
SANEAMIENTO BÁSICO,NO REPORTADO,NO REPORTADO,URBANO,NO DISPONIBLE,NO REGISTRADO,FONVIVIENDA,NO REPORTADO,Mujer,NO REPORTADO,NO REPORTADO,NO REPORTADO,13868441.0
SANEAMIENTO BÁSICO,NO REPORTADO,NO REPORTADO,URBANO,NO DISPONIBLE,NO REGISTRADO,FONVIVIENDA,NO REPORTADO,Mujer,NO REPORTADO,NO REPORTADO,NO REPORTADO,13868732.0
SANEAMIENTO BÁSICO,NO REPORTADO,NO REPORTADO,URBANO,NO DISPONIBLE,NO REGISTRADO,FONVIVIENDA,NO REPORTADO,Mujer,NO REPORTADO,NO REPORTADO,NO REPORTADO,13786611.0
SANEAMIENTO BÁSICO,NO REPORTADO,NO REPORTADO,URBANO,NO DISPONIBLE,NO REGISTRADO,FONVIVIENDA,NO REPORTADO,Mujer,NO REPORTADO,NO REPORTADO,NO REPORTADO,13855477.0
SANEAMIENTO BÁSICO,NO REPORTADO,NO REPORTADO,URBANO,NO DISPONIBLE,NO REGISTRADO,FONVIVIENDA,NO REPORTADO,Mujer,NO REPORTADO,NO REPORTADO,NO REPORTADO,13907465.0
SANEAMIENTO BÁSICO,NO REPORTADO,NO REPORTADO,URBANO,NO DISPONIBLE,NO REGISTRADO,FONVIVIENDA,NO REPORTADO,Mujer,NO REPORTADO,NO REPORTADO,NO REPORTADO,13899386.0
SANEAMIENTO BÁSICO,NO REPORTADO,NO REPORTADO,URBANO,NO DISPONIBLE,NO REGISTRADO,FONVIVIENDA,NO REPORTADO,Mujer,NO REPORTADO,NO REPORTADO,NO REPORTADO,13554505.0
RURAL-MODULAR,NO REPORTADO,NO REPORTADO,RURAL,NO DISPONIBLE,NO REGISTRADO,FONVIVIENDA,NO REPORTADO,Mujer,NO REPORTADO,NO REPORTADO,NO REPORTADO,25520000.0
RURAL-MODULAR,NO REPORTADO,NO REPORTADO,RURAL,NO DISPONIBLE,NO REGISTRADO,FONVIVIENDA,NO REPORTADO,Hombre,NO REPORTADO,NO REPORTADO,NO REPORTADO,25520000.0
SANEAMIENTO BÁSICO,Menor a 1 SMMLV,Localidad 2 - Virgen y Turistica,URBANO,ADULTO MAYOR (60 o más),Pobreza Extrema,CORVIVIENDA,Básica secundaria (6.o - 9.o),Mujer,Soltero(a),Desempleado,Ninguno,10000000.0
SANEAMIENTO BÁSICO,Menor a 1 SMMLV,Localidad 2 - Virgen y Turistica,URBANO,ADULTEZ (29-59),Pobreza Extrema,CORVIVIENDA,Básica secundaria (6.o - 9.o),Mujer,Separado(a) o divorciado(a),Trabajador Independiente,Ninguno,10000000.0
SANEAMIENTO BÁSICO,No tiene,Localidad 2 - Virgen y Turistica,URBANO,ADULTO MAYOR (60 o más),Ninguno,CORVIVIENDA,Básica primaria (1.o - 5.o),Mujer,Viudo(a),Sin actividad,Ninguno,10000000.0
SANEAMIENTO BÁSICO,No tiene,Localidad 2 - Virgen y Turistica,URBANO,ADULTO MAYOR (60 o más),Ninguno,CORVIVIENDA,Básica primaria (1.o - 5.o),Hombre,Soltero(a),Ama de Casa/Cuidador,Ninguno,10000000.0
SANEAMIENTO BÁSICO,Menor a 1 SMMLV,Localidad 2 - Virgen y Turistica,URBANO,ADULTO MAYOR (60 o más),Ninguno,CORVIVIENDA,Básica primaria (1.o - 5.o),Mujer,Separado(a) o divorciado(a),Sin actividad,Ninguno,10000000.0
SANEAMIENTO BÁSICO,Menor a 1 SMMLV,Localidad 2 - Virgen y Turistica,URBANO,ADULTO MAYOR (60 o más),Pobreza Extrema,CORVIVIENDA,Básica secundaria (6.o - 9.o),Mujer,Separado(a) o divorciado(a),Trabajador Independiente,Ninguno,10000000.0
SANEAMIENTO BÁSICO,Menor a 1 SMMLV,Localidad 2 - Virgen y Turistica,URBANO,ADULTO MAYOR (60 o más),Ninguno,CORVIVIENDA,Básica primaria (1.o - 5.o),Hombre,Separado(a) o divorciado(a),Trabajador Independiente,Ninguno,10000000.0
SANEAMIENTO BÁSICO,No tiene,Localidad 2 - Virgen y Turistica,URBANO,ADULTO MAYOR (60 o más),Pobreza Extrema,CORVIVIENDA,Básica primaria (1.o - 5.o),Hombre,Unión libre,Sin actividad,Ninguno,10000000.0
SANEAMIENTO BÁSICO,Menor a 1 SMMLV,Localidad 2 - Virgen y Turistica,URBANO,ADULTO MAYOR (60 o más),Ninguno,CORVIVIENDA,Básica secundaria (6.o - 9.o),Mujer,Separado(a) o divorciado(a),Trabajador Independiente,Ninguno,10000000.0
SANEAMIENTO BÁSICO,Menor a 1 SMMLV,Localidad 2 - Virgen y Turistica,URBANO,ADULTO MAYOR (60 o más),Pobreza Extrema,CORVIVIENDA,Básica primaria (1.o - 5.o),Hombre,Unión libre,Trabajador Independiente,Ninguno,10000000.0
SANEAMIENTO BÁSICO,No tiene,Localidad 2 - Virgen y Turistica,URBANO,ADULTEZ (29-59),Pobreza Extrema,CORVIVIENDA,Básica primaria (1.o - 5.o),Mujer,Soltero(a),Ama de Casa/Cuidador,Ninguno,10000000.0
SANEAMIENTO BÁSICO,Menor a 1 SMMLV,Localidad 2 - Virgen y Turistica,URBANO,ADULTEZ (29-59),Pobreza Extrema,CORVIVIENDA,Básica primaria (1.o - 5.o),Mujer,Unión libre,Ama de Casa/Cuidador,Ninguno,10000000.0
SANEAMIENTO BÁSICO,Menor a 1 SMMLV,Localidad 2 - Virgen y Turistica,URBANO,ADULTO MAYOR (60 o más),Pobreza Extrema,CORVIVIENDA,Básica secundaria (6.o - 9.o),Mujer,Unión libre,Ama de Casa/Cuidador,Ninguno,10000000.0
SANEAMIENTO BÁSICO,Menor a 1 SMMLV,Localidad 2 - Virgen y Turistica,URBANO,ADULTO MAYOR (60 o más),Ninguno,CORVIVIENDA,Básica secundaria (6.o - 9.o),Hombre,Casado(a),Jubilado o pensionado,Ninguno,10000000.0
SANEAMIENTO BÁSICO,No tiene,Localidad 2 - Virgen y Turistica,URBANO,ADULTEZ (29-59),Ninguno,CORVIVIENDA,Básica primaria (1.o - 5.o),Hombre,Soltero(a),Ama de Casa/Cuidador,Ninguno,10000000.0
SANEAMIENTO BÁSICO,Entre 1 y 2 SMMLV,Localidad 2 - Virgen y Turistica,URBANO,ADULTEZ (29-59),Ninguno,CORVIVIENDA,Técnico o tecnológico (1 - 4),Hombre,Soltero(a),Empleado,Ninguno,10000000.0
SANEAMIENTO BÁSICO,No tiene,Localidad 2 - Virgen y Turistica,URBANO,ADULTO MAYOR (60 o más),Ninguno,CORVIVIENDA,Básica primaria (1.o - 5.o),Mujer,Viudo(a),Ama de Casa/Cuidador,Ninguno,10000000.0
SANEAMIENTO BÁSICO,No tiene,Localidad 2 - Virgen y Turistica,URBANO,ADULTO MAYOR (60 o más),Ninguno,CORVIVIENDA,Básica secundaria (6.o - 9.o),Mujer,Viudo(a),Ama de Casa/Cuidador,Ninguno,10000000.0
SANEAMIENTO BÁSICO,Menor a 1 SMMLV,Localidad 2 - Virgen y Turistica,URBANO,ADULTO MAYOR (60 o más),Pobreza Extrema,CORVIVIENDA,Básica primaria (1.o - 5.o),Mujer,Casado(a),Ama de Casa/Cuidador,Ninguno,10000000.0
SANEAMIENTO BÁSICO,Menor a 1 SMMLV,Localidad 2 - Virgen y Turistica,URBANO,ADULTO MAYOR (60 o más),Pobreza Extrema,CORVIVIENDA,Posgrado (1 - 4),Mujer,Casado(a),Ama de Casa/Cuidador,Ninguno,10000000.0
SANEAMIENTO BÁSICO,No tiene,Localidad 2 - Virgen y Turistica,URBANO,ADULTO MAYOR (60 o más),Ninguno,CORVIVIENDA,Básica secundaria (6.o - 9.o),Mujer,Viudo(a),Ama de Casa/Cuidador,Ninguno,10000000.0
SANEAMIENTO BÁSICO,No tiene,Localidad 2 - Virgen y Turistica,URBANO,ADULTO MAYOR (60 o más),Ninguno,CORVIVIENDA,Básica primaria (1.o - 5.o),Mujer,Separado(a) o divorciado(a),Ama de Casa/Cuidador,Ninguno,10000000.0
SANEAMIENTO BÁSICO,No tiene,Localidad 2 - Virgen y Turistica,URBANO,ADULTO MAYOR (60 o más),Ninguno,CORVIVIENDA,Básica secundaria (6.o - 9.o),Mujer,Viudo(a),Ama de Casa/Cuidador,Ninguno,10000000.0
SANEAMIENTO BÁSICO,Menor a 1 SMMLV,Localidad 2 - Virgen y Turistica,URBANO,ADULTO MAYOR (60 o más),Ninguno,CORVIVIENDA,Media (10.o - 13.o),Mujer,Separado(a) o divorciado(a),Jubilado o pensionado,Ninguno,10000000.0
SANEAMIENTO BÁSICO,No tiene,Localidad 2 - Virgen y Turistica,URBANO,ADULTO MAYOR (60 o más),Ninguno,CORVIVIENDA,Básica primaria (1.o - 5.o),Mujer,Separado(a) o divorciado(a),Ama de Casa/Cuidador,Ninguno,10000000.0
SANEAMIENTO BÁSICO,No tiene,Localidad 2 - Virgen y Turistica,URBANO,ADULTO MAYOR (60 o más),Ninguno,CORVIVIENDA,Básica primaria (1.o - 5.o),Mujer,Viudo(a),Ama de Casa/Cuidador,Ninguno,10000000.0
SANEAMIENTO BÁSICO,No tiene,Localidad 2 - Virgen y Turistica,URBANO,ADULTO MAYOR (60 o más),Ninguno,CORVIVIENDA,Preescolar,Mujer,Soltero(a),Ama de Casa/Cuidador,Ninguno,10000000.0
SANEAMIENTO BÁSICO,Menor a 1 SMMLV,Localidad 2 - Virgen y Turistica,URBANO,ADULTEZ (29-59),Ninguno,CORVIVIENDA,Técnico o tecnológico (1 - 4),Mujer,Soltero(a),Ama de Casa/Cuidador,Ninguno,10000000.0
SANEAMIENTO BÁSICO,Entre 1 y 2 SMMLV,Localidad 2 - Virgen y Turistica,URBANO,ADULTEZ (29-59),Ninguno,CORVIVIENDA,Técnico o tecnológico (1 - 4),Hombre,Separado(a) o divorciado(a),Empleado,Ninguno,10000000.0
SANEAMIENTO BÁSICO,Menor a 1 SMMLV,Localidad 2 - Virgen y Turistica,URBANO,ADULTO MAYOR (60 o más),Ninguno,CORVIVIENDA,Básica primaria (1.o - 5.o),Mujer,Separado(a) o divorciado(a),Trabajador Independiente,Ninguno,10000000.0
SANEAMIENTO BÁSICO,Menor a 1 SMMLV,Localidad 2 - Virgen y Turistica,URBANO,ADULTO MAYOR (60 o más),Ninguno,CORVIVIENDA,Ninguno,Hombre,Viudo(a),Desempleado,Ninguno,10000000.0
SANEAMIENTO BÁSICO,Menor a 1 SMMLV,Localidad 2 - Virgen y Turistica,URBANO,ADULTEZ (29-59),Pobreza Extrema,CORVIVIENDA,Técnico o tecnológico (1 - 4),Hombre,Unión libre,Trabajador Independiente,Ninguno,10000000.0
SANEAMIENTO BÁSICO,Menor a 1 SMMLV,Localidad 2 - Virgen y Turistica,URBANO,ADULTEZ (29-59),Pobreza Extrema,CORVIVIENDA,Media (10.o - 13.o),Hombre,Unión libre,Trabajador Independiente,Ninguno,10000000.0
SANEAMIENTO BÁSICO,Menor a 1 SMMLV,Localidad 2 - Virgen y Turistica,URBANO,ADULTO MAYOR (60 o más),Ninguno,CORVIVIENDA,Técnico o tecnológico (1 - 4),Hombre,Unión libre,Trabajador Independiente,Ninguno,10000000.0
SANEAMIENTO BÁSICO,Menor a 1 SMMLV,Localidad 2 - Virgen y Turistica,URBANO,ADULTO MAYOR (60 o más),Ninguno,CORVIVIENDA,Básica secundaria (6.o - 9.o),Hombre,Separado(a) o divorciado(a),Trabajador Independiente,Ninguno,10000000.0
SANEAMIENTO BÁSICO,Menor a 1 SMMLV,Localidad 2 - Virgen y Turistica,URBANO,ADULTO MAYOR (60 o más),Pobreza Extrema,CORVIVIENDA,Básica primaria (1.o - 5.o),Mujer,Soltero(a),Ama de Casa/Cuidador,Ninguno,10000000.0
SANEAMIENTO BÁSICO,No tiene,Localidad 2 - Virgen y Turistica,URBANO,ADULTO MAYOR (60 o más),Pobreza Extrema,CORVIVIENDA,Básica primaria (1.o - 5.o),Mujer,Soltero(a),Ama de Casa/Cuidador,Ninguno,10000000.0
SANEAMIENTO BÁSICO,Menor a 1 SMMLV,Localidad 2 - Virgen y Turistica,URBANO,ADULTEZ (29-59),Pobreza Extrema,CORVIVIENDA,Básica primaria (1.o - 5.o),Hombre,Unión libre,Ama de Casa/Cuidador,Ninguno,10000000.0
SANEAMIENTO BÁSICO,No tiene,Localidad 2 - Virgen y Turistica,URBANO,ADULTO MAYOR (60 o más),Ninguno,CORVIVIENDA,Media (10.o - 13.o),Mujer,Separado(a) o divorciado(a),Ama de Casa/Cuidador,Ninguno,10000000.0
SANEAMIENTO BÁSICO,Menor a 1 SMMLV,Localidad 2 - Virgen y Turistica,URBANO,ADULTEZ (29-59),Ninguno,CORVIVIENDA,Media (10.o - 13.o),Hombre,Unión libre,Trabajador Independiente,Ninguno,10000000.0
SANEAMIENTO BÁSICO,Menor a 1 SMMLV,Localidad 2 - Virgen y Turistica,URBANO,ADULTEZ (29-59),Ninguno,CORVIVIENDA,Media (10.o - 13.o),Mujer,Unión libre,Ama de Casa/Cuidador,Ninguno,10000000.0
SANEAMIENTO BÁSICO,No tiene,Localidad 2 - Virgen y Turistica,URBANO,ADULTO MAYOR (60 o más),Ninguno,CORVIVIENDA,Básica primaria (1.o - 5.o),Mujer,Soltero(a),Ama de Casa/Cuidador,Ninguno,10000000.0
SANEAMIENTO BÁSICO,No tiene,Localidad 2 - Virgen y Turistica,URBANO,ADULTO MAYOR (60 o más),Pobreza Extrema,CORVIVIENDA,Básica primaria (1.o - 5.o),Hombre,Soltero(a),Ama de Casa/Cuidador,Ninguno,10000000.0
SANEAMIENTO BÁSICO,Menor a 1 SMMLV,Localidad 2 - Virgen y Turistica,URBANO,ADULTO MAYOR (60 o más),Pobreza Extrema,CORVIVIENDA,Básica primaria (1.o - 5.o),Mujer,Soltero(a),Ama de Casa/Cuidador,Ninguno,10000000.0
SANEAMIENTO BÁSICO,Menor a 1 SMMLV,Localidad 2 - Virgen y Turistica,URBANO,ADULTEZ (29-59),Ninguno,CORVIVIENDA,Básica primaria (1.o - 5.o),Hombre,Soltero(a),Ama de Casa/Cuidador,Ninguno,10000000.0
SANEAMIENTO BÁSICO,No tiene,Localidad 2 - Virgen y Turistica,URBANO,ADULTO MAYOR (60 o más),Pobreza Extrema,CORVIVIENDA,Básica primaria (1.o - 5.o),Hombre,Soltero(a),Ama de Casa/Cuidador,Ninguno,10000000.0
SANEAMIENTO BÁSICO,Menor a 1 SMMLV,Localidad 2 - Virgen y Turistica,URBANO,ADULTEZ (29-59),Pobreza Extrema,CORVIVIENDA,Básica primaria (1.o - 5.o),Mujer,Soltero(a),Ama de Casa/Cuidador,Ninguno,10000000.0
SANEAMIENTO BÁSICO,Menor a 1 SMMLV,Localidad 2 - Virgen y Turistica,URBANO,ADULTEZ (29-59),Pobreza Extrema,CORVIVIENDA,Básica primaria (1.o - 5.o),Hombre,Soltero(a),Ama de Casa/Cuidador,Ninguno,10000000.0
SANEAMIENTO BÁSICO,Menor a 1 SMMLV,Localidad 2 - Virgen y Turistica,URBANO,ADULTO MAYOR (60 o más),Pobreza Extrema,CORVIVIENDA,Básica primaria (1.o - 5.o),Hombre,Soltero(a),Ama de Casa/Cuidador,Ninguno,10000000.0
SANEAMIENTO BÁSICO,No tiene,Localidad 2 - Virgen y Turistica,URBANO,ADULTO MAYOR (60 o más),Ninguno,CORVIVIENDA,Básica primaria (1.o - 5.o),Mujer,Soltero(a),Ama de Casa/Cuidador,Ninguno,10000000.0
SANEAMIENTO BÁSICO,No tiene,Localidad 2 - Virgen y Turistica,URBANO,ADULTEZ (29-59),Ninguno,CORVIVIENDA,Básica primaria (1.o - 5.o),Mujer,Soltero(a),Ama de Casa/Cuidador,Ninguno,10000000.0
SANEAMIENTO BÁSICO,No tiene,Localidad 2 - Virgen y Turistica,URBANO,ADULTEZ (29-59),Pobreza Extrema,CORVIVIENDA,Básica primaria (1.o - 5.o),Mujer,Soltero(a),Ama de Casa/Cuidador,Ninguno,10000000.0
SANEAMIENTO BÁSICO,Menor a 1 SMMLV,Localidad 2 - Virgen y Turistica,URBANO,ADULTO MAYOR (60 o más),Pobreza Extrema,CORVIVIENDA,Básica secundaria (6.o - 9.o),Mujer,Soltero(a),Ama de Casa/Cuidador,Ninguno,10000000.0
SANEAMIENTO BÁSICO,No tiene,Localidad 2 - Virgen y Turistica,URBANO,ADULTO MAYOR (60 o más),Pobreza Extrema,CORVIVIENDA,Básica primaria (1.o - 5.o),Mujer,Soltero(a),Ama de Casa/Cuidador,Ninguno,10000000.0
SANEAMIENTO BÁSICO,No tiene,Localidad 2 - Virgen y Turistica,URBANO,ADULTO MAYOR (60 o más),Pobreza Extrema,CORVIVIENDA,Ninguno,Hombre,Soltero(a),Ama de Casa/Cuidador,Ninguno,10000000.0
SANEAMIENTO BÁSICO,No tiene,Localidad 2 - Virgen y Turistica,URBANO,ADULTO MAYOR (60 o más),Ninguno,CORVIVIENDA,Básica primaria (1.o - 5.o),Hombre,Soltero(a),Ama de Casa/Cuidador,Ninguno,10000000.0
SANEAMIENTO BÁSICO,Menor a 1 SMMLV,Localidad 2 - Virgen y Turistica,URBANO,ADULTEZ (29-59),Ninguno,CORVIVIENDA,Técnico o tecnológico (1 - 4),Hombre,Unión libre,Trabajador Independiente,Ninguno,10000000.0
SANEAMIENTO BÁSICO,Menor a 1 SMMLV,Localidad 2 - Virgen y Turistica,URBANO,ADULTO MAYOR (60 o más),Pobreza Extrema,CORVIVIENDA,Media (10.o - 13.o),Hombre,Unión libre,Ama de Casa/Cuidador,Ninguno,10000000.0
SANEAMIENTO BÁSICO,Menor a 1 SMMLV,Localidad 2 - Virgen y Turistica,URBANO,ADULTEZ (29-59),Pobreza Extrema,CORVIVIENDA,Media (10.o - 13.o),Mujer,Unión libre,Ama de Casa/Cuidador,Ninguno,10000000.0
SANEAMIENTO BÁSICO,Menor a 1 SMMLV,Localidad 2 - Virgen y Turistica,URBANO,ADULTEZ (29-59),Pobreza Extrema,CORVIVIENDA,Técnico o tecnológico (1 - 4),Mujer,Unión libre,Ama de Casa/Cuidador,Ninguno,10000000.0
SANEAMIENTO BÁSICO,No tiene,Localidad 2 - Virgen y Turistica,URBANO,ADULTEZ (29-59),Ninguno,CORVIVIENDA,Media (10.o - 13.o),Mujer,Soltero(a),Ama de Casa/Cuidador,Ninguno,10000000.0
SANEAMIENTO BÁSICO,Entre 1 y 2 SMMLV,Localidad 2 - Virgen y Turistica,URBANO,ADULTEZ (29-59),Ninguno,CORVIVIENDA,Técnico o tecnológico (1 - 4),Mujer,Soltero(a),Trabajador Independiente,Ninguno,10000000.0
SANEAMIENTO BÁSICO,No tiene,Localidad 2 - Virgen y Turistica,URBANO,ADULTO MAYOR (60 o más),Pobreza Extrema,CORVIVIENDA,Ninguno,Mujer,Soltero(a),Ama de Casa/Cuidador,Ninguno,10000000.0
SANEAMIENTO BÁSICO,No tiene,Localidad 2 - Virgen y Turistica,URBANO,ADULTEZ (29-59),Ninguno,CORVIVIENDA,Media (10.o - 13.o),Mujer,Separado(a) o divorciado(a),Desempleado,Ninguno,10000000.0
SANEAMIENTO BÁSICO,Menor a 1 SMMLV,Localidad 2 - Virgen y Turistica,URBANO,ADULTO MAYOR (60 o más),Ninguno,CORVIVIENDA,Básica primaria (1.o - 5.o),Mujer,Soltero(a),Ama de Casa/Cuidador,Ninguno,10000000.0
SANEAMIENTO BÁSICO,No tiene,Localidad 2 - Virgen y Turistica,URBANO,ADULTO MAYOR (60 o más),Ninguno,CORVIVIENDA,Básica primaria (1.o - 5.o),Mujer,Soltero(a),Ama de Casa/Cuidador,Ninguno,10000000.0
SANEAMIENTO BÁSICO,No tiene,Localidad 2 - Virgen y Turistica,URBANO,NO DISPONIBLE,Ninguno,CORVIVIENDA,Media (10.o - 13.o),Mujer,Unión libre,Ama de Casa/Cuidador,Ninguno,10000000.0
SANEAMIENTO BÁSICO,Menor a 1 SMMLV,Localidad 2 - Virgen y Turistica,URBANO,ADULTO MAYOR (60 o más),Pobreza Extrema,CORVIVIENDA,Básica primaria (1.o - 5.o),Mujer,Soltero(a),Ama de Casa/Cuidador,Ninguno,10000000.0
SANEAMIENTO BÁSICO,No tiene,Localidad 2 - Virgen y Turistica,URBANO,ADULTEZ (29-59),Víctima Conflicto Armado,CORVIVIENDA,Técnico o tecnológico (1 - 4),Hombre,Soltero(a),Desempleado,Ninguno,10000000.0
SANEAMIENTO BÁSICO,No tiene,Localidad 2 - Virgen y Turistica,URBANO,ADULTEZ (29-59),Ninguno,CORVIVIENDA,Básica primaria (1.o - 5.o),Mujer,Viudo(a),Desempleado,Ninguno,10000000.0
SANEAMIENTO BÁSICO,No tiene,Localidad 2 - Virgen y Turistica,URBANO,ADULTO MAYOR (60 o más),Pobreza Extrema,CORVIVIENDA,Básica primaria (1.o - 5.o),Mujer,Soltero(a),Ama de Casa/Cuidador,Ninguno,10000000.0
SANEAMIENTO BÁSICO,No tiene,Localidad 2 - Virgen y Turistica,URBANO,ADULTEZ (29-59),Ninguno,CORVIVIENDA,Media (10.o - 13.o),Mujer,Unión libre,Ama de Casa/Cuidador,Ninguno,10000000.0
SANEAMIENTO BÁSICO,No tiene,Localidad 2 - Virgen y Turistica,URBANO,ADULTO MAYOR (60 o más),Pobreza Extrema,CORVIVIENDA,Básica primaria (1.o - 5.o),Hombre,Soltero(a),Ama de Casa/Cuidador,Ninguno,10000000.0
SANEAMIENTO BÁSICO,No tiene,Localidad 2 - Virgen y Turistica,URBANO,ADULTO MAYOR (60 o más),Ninguno,CORVIVIENDA,Ninguno,Hombre,Soltero(a),Sin actividad,Ninguno,10000000.0
SANEAMIENTO BÁSICO,Entre 1 y 2 SMMLV,Localidad 2 - Virgen y Turistica,URBANO,ADULTEZ (29-59),Ninguno,CORVIVIENDA,Técnico o tecnológico (1 - 4),Mujer,Viudo(a),Trabajador Independiente,Ninguno,10000000.0
SANEAMIENTO BÁSICO,No tiene,Localidad 2 - Virgen y Turistica,URBANO,ADULTEZ (29-59),Ninguno,CORVIVIENDA,Básica primaria (1.o - 5.o),Mujer,Viudo(a),Ama de Casa/Cuidador,Ninguno,10000000.0
SANEAMIENTO BÁSICO,Entre 1 y 2 SMMLV,Localidad 2 - Virgen y Turistica,URBANO,ADULTEZ (29-59),Ninguno,CORVIVIENDA,Ninguno,Mujer,Soltero(a),Jubilado o pensionado,Ninguno,10000000.0
SANEAMIENTO BÁSICO,No tiene,Localidad 2 - Virgen y Turistica,URBANO,ADULTEZ (29-59),Pobreza Extrema,CORVIVIENDA,Básica primaria (1.o - 5.o),Mujer,Soltero(a),Ama de Casa/Cuidador,Ninguno,10000000.0
SANEAMIENTO BÁSICO,No tiene,Localidad 2 - Virgen y Turistica,URBANO,ADULTO MAYOR (60 o más),Ninguno,CORVIVIENDA,Básica primaria (1.o - 5.o),Mujer,Soltero(a),Ama de Casa/Cuidador,Ninguno,10000000.0
SANEAMIENTO BÁSICO,No tiene,Localidad 2 - Virgen y Turistica,URBANO,ADULTEZ (29-59),Ninguno,CORVIVIENDA,Ninguno,Mujer,Casado(a),Ama de Casa/Cuidador,Ninguno,10000000.0
SANEAMIENTO BÁSICO,Menor a 1 SMMLV,Localidad 2 - Virgen y Turistica,URBANO,ADULTEZ (29-59),Ninguno,CORVIVIENDA,Básica primaria (1.o - 5.o),Mujer,Soltero(a),Ama de Casa/Cuidador,Ninguno,10000000.0
SANEAMIENTO BÁSICO,Menor a 1 SMMLV,Localidad 2 - Virgen y Turistica,URBANO,ADULTO MAYOR (60 o más),Pobreza Extrema,CORVIVIENDA,Básica primaria (1.o - 5.o),Hombre,Soltero(a),Ama de Casa/Cuidador,Ninguno,10000000.0
SANEAMIENTO BÁSICO,Menor a 1 SMMLV,Localidad 2 - Virgen y Turistica,URBANO,ADULTEZ (29-59),Pobreza Extrema,CORVIVIENDA,Básica secundaria (6.o - 9.o),Mujer,Soltero(a),Ama de Casa/Cuidador,Ninguno,10000000.0
SANEAMIENTO BÁSICO,Entre 1 y 2 SMMLV,Localidad 2 - Virgen y Turistica,URBANO,JUVENTUD (18-28),Ninguno,CORVIVIENDA,Media (10.o - 13.o),Mujer,Soltero(a),Empleado,Ninguno,10000000.0
SANEAMIENTO BÁSICO,Entre 1 y 2 SMMLV,Localidad 2 - Virgen y Turistica,URBANO,ADULTEZ (29-59),Ninguno,CORVIVIENDA,Básica secundaria (6.o - 9.o),Hombre,Casado(a),Empleado,Ninguno,10000000.0
SANEAMIENTO BÁSICO,Menor a 1 SMMLV,Localidad 2 - Virgen y Turistica,URBANO,ADULTEZ (29-59),Pobreza Extrema,CORVIVIENDA,Básica secundaria (6.o - 9.o),Mujer,Unión libre,Ama de Casa/Cuidador,Ninguno,10000000.0
SANEAMIENTO BÁSICO,Menor a 1 SMMLV,Localidad 2 - Virgen y Turistica,URBANO,ADULTEZ (29-59),Ninguno,CORVIVIENDA,Básica primaria (1.o - 5.o),Hombre,Soltero(a),Ama de Casa/Cuidador,Ninguno,10000000.0
SANEAMIENTO BÁSICO,Menor a 1 SMMLV,Localidad 2 - Virgen y Turistica,URBANO,ADULTEZ (29-59),Ninguno,CORVIVIENDA,Básica secundaria (6.o - 9.o),Hombre,Unión libre,Trabajador Independiente,Ninguno,10000000.0
SANEAMIENTO BÁSICO,No tiene,Localidad 2 - Virgen y Turistica,URBANO,ADULTEZ (29-59),Ninguno,CORVIVIENDA,Básica secundaria (6.o - 9.o),Mujer,Viudo(a),Desempleado,"Negro(a), mulato(a), afrodescendiente, afrocolombiano(a)",10000000.0
SANEAMIENTO BÁSICO,Menor a 1 SMMLV,Localidad 2 - Virgen y Turistica,URBANO,JUVENTUD (18-28),Ninguno,CORVIVIENDA,Técnico o tecnológico (1 - 4),Mujer,Soltero(a),Desempleado,Ninguno,10000000.0
SANEAMIENTO BÁSICO,Menor a 1 SMMLV,Localidad 2 - Virgen y Turistica,URBANO,ADULTEZ (29-59),Pobreza Extrema,CORVIVIENDA,Básica primaria (1.o - 5.o),Mujer,Soltero(a),Ama de Casa/Cuidador,Ninguno,10000000.0
SANEAMIENTO BÁSICO,No tiene,Localidad 2 - Virgen y Turistica,URBANO,ADULTEZ (29-59),Pobreza Extrema,CORVIVIENDA,Básica secundaria (6.o - 9.o),Hombre,Unión libre,Trabajador Independiente,Ninguno,10000000.0
SANEAMIENTO BÁSICO,No tiene,Localidad 2 - Virgen y Turistica,URBANO,ADULTEZ (29-59),Pobreza Extrema,CORVIVIENDA,Básica primaria (1.o - 5.o),Hombre,Soltero(a),Ama de Casa/Cuidador,Ninguno,10000000.0
SANEAMIENTO BÁSICO,No tiene,Localidad 2 - Virgen y Turistica,URBANO,ADULTO MAYOR (60 o más),Ninguno,CORVIVIENDA,Ninguno,Mujer,Soltero(a),Ama de Casa/Cuidador,Ninguno,10000000.0
SANEAMIENTO BÁSICO,Menor a 1 SMMLV,Localidad 2 - Virgen y Turistica,URBANO,ADULTEZ (29-59),Pobreza Extrema,CORVIVIENDA,Media (10.o - 13.o),Mujer,Unión libre,Ama de Casa/Cuidador,Ninguno,10000000.0
SANEAMIENTO BÁSICO,Menor a 1 SMMLV,Localidad 2 - Virgen y Turistica,URBANO,ADULTEZ (29-59),Pobreza Extrema,CORVIVIENDA,Básica secundaria (6.o - 9.o),Hombre,Unión libre,Trabajador Independiente,Ninguno,10000000.0
SANEAMIENTO BÁSICO,Entre 1 y 2 SMMLV,Localidad 2 - Virgen y Turistica,URBANO,ADULTEZ (29-59),Ninguno,CORVIVIENDA,Técnico o tecnológico (1 - 4),Hombre,Unión libre,Empleado,Ninguno,10000000.0
SANEAMIENTO BÁSICO,Menor a 1 SMMLV,Localidad 2 - Virgen y Turistica,URBANO,ADULTEZ (29-59),Pobreza Extrema,CORVIVIENDA,Básica primaria (1.o - 5.o),Mujer,Unión libre,Ama de Casa/Cuidador,Ninguno,10000000.0
SANEAMIENTO BÁSICO,Menor a 1 SMMLV,Localidad 2 - Virgen y Turistica,URBANO,JUVENTUD (18-28),Ninguno,CORVIVIENDA,Técnico o tecnológico (1 - 4),Mujer,Unión libre,Desempleado,Ninguno,10000000.0
SANEAMIENTO BÁSICO,Menor a 1 SMMLV,Localidad 2 - Virgen y Turistica,URBANO,ADULTEZ (29-59),Pobreza Extrema,CORVIVIENDA,Media (10.o - 13.o),Hombre,Unión libre,Trabajador Independiente,Ninguno,10000000.0
SANEAMIENTO BÁSICO,Menor a 1 SMMLV,Localidad 2 - Virgen y Turistica,URBANO,ADULTEZ (29-59),Pobreza Extrema,CORVIVIENDA,Ninguno,Mujer,Soltero(a),Ama de Casa/Cuidador,Ninguno,10000000.0
SANEAMIENTO BÁSICO,Menor a 1 SMMLV,Localidad 2 - Virgen y Turistica,URBANO,ADULTEZ (29-59),Pobreza Extrema,CORVIVIENDA,Básica primaria (1.o - 5.o),Hombre,Unión libre,Trabajador Independiente,Ninguno,10000000.0
SANEAMIENTO BÁSICO,Entre 1 y 2 SMMLV,Localidad 2 - Virgen y Turistica,URBANO,ADULTEZ (29-59),Ninguno,CORVIVIENDA,Media (10.o - 13.o),Mujer,Separado(a) o divorciado(a),Empleado,Ninguno,10000000.0
SANEAMIENTO BÁSICO,No tiene,Localidad 2 - Virgen y Turistica,URBANO,ADULTEZ (29-59),Ninguno,CORVIVIENDA,Básica primaria (1.o - 5.o),Mujer,Soltero(a),Ama de Casa/Cuidador,Ninguno,10000000.0
SANEAMIENTO BÁSICO,Menor a 1 SMMLV,Localidad 2 - Virgen y Turistica,URBANO,ADULTO MAYOR (60 o más),Pobreza Extrema,CORVIVIENDA,Básica primaria (1.o - 5.o),Mujer,Unión libre,Ama de Casa/Cuidador,Ninguno,10000000.0
SANEAMIENTO BÁSICO,No tiene,Localidad 2 - Virgen y Turistica,URBANO,ADULTEZ (29-59),Ninguno,CORVIVIENDA,Básica secundaria (6.o - 9.o),Mujer,Separado(a) o divorciado(a),Desempleado,Ninguno,10000000.0
SANEAMIENTO BÁSICO,Menor a 1 SMMLV,Localidad 2 - Virgen y Turistica,URBANO,ADULTO MAYOR (60 o más),Pobreza Extrema,CORVIVIENDA,Media (10.o - 13.o),Hombre,Unión libre,Ama de Casa/Cuidador,Ninguno,10000000.0
SANEAMIENTO BÁSICO,Menor a 1 SMMLV,Localidad 2 - Virgen y Turistica,URBANO,ADULTEZ (29-59),Ninguno,CORVIVIENDA,Media (10.o - 13.o),Mujer,Separado(a) o divorciado(a),Trabajador Independiente,Ninguno,10000000.0
SANEAMIENTO BÁSICO,No tiene,Localidad 2 - Virgen y Turistica,URBANO,ADULTO MAYOR (60 o más),Ninguno,CORVIVIENDA,Básica secundaria (6.o - 9.o),Hombre,Unión libre,Desempleado,Ninguno,10000000.0
SANEAMIENTO BÁSICO,Menor a 1 SMMLV,Localidad 2 - Virgen y Turistica,URBANO,ADULTO MAYOR (60 o más),Pobreza Extrema,CORVIVIENDA,Ninguno,Hombre,Soltero(a),Ama de Casa/Cuidador,Ninguno,10000000.0
SANEAMIENTO BÁSICO,No tiene,Localidad 2 - Virgen y Turistica,URBANO,ADULTO MAYOR (60 o más),Ninguno,CORVIVIENDA,Básica secundaria (6.o - 9.o),Mujer,Casado(a),Sin actividad,Ninguno,10000000.0
SANEAMIENTO BÁSICO,Menor a 1 SMMLV,Localidad 2 - Virgen y Turistica,URBANO,ADULTEZ (29-59),Ninguno,CORVIVIENDA,Básica primaria (1.o - 5.o),Hombre,Unión libre,Trabajador Independiente,Ninguno,10000000.0
SANEAMIENTO BÁSICO,Menor a 1 SMMLV,Localidad 2 - Virgen y Turistica,URBANO,ADULTO MAYOR (60 o más),Pobreza Extrema,CORVIVIENDA,Básica primaria (1.o - 5.o),Hombre,Unión libre,Trabajador Independiente,Ninguno,10000000.0
SANEAMIENTO BÁSICO,Menor a 1 SMMLV,Localidad 2 - Virgen y Turistica,URBANO,ADULTO MAYOR (60 o más),Pobreza Extrema,CORVIVIENDA,Básica primaria (1.o - 5.o),Hombre,Soltero(a),Ama de Casa/Cuidador,Ninguno,10000000.0
SANEAMIENTO BÁSICO,Menor a 1 SMMLV,Localidad 2 - Virgen y Turistica,URBANO,ADULTEZ (29-59),Pobreza Extrema,CORVIVIENDA,Media (10.o - 13.o),Mujer,Soltero(a),Ama de Casa/Cuidador,Ninguno,10000000.0
SANEAMIENTO BÁSICO,Menor a 1 SMMLV,Localidad 2 - Virgen y Turistica,URBANO,ADULTEZ (29-59),Ninguno,CORVIVIENDA,Básica primaria (1.o - 5.o),Hombre,Soltero(a),Ama de Casa/Cuidador,Ninguno,10000000.0
SANEAMIENTO BÁSICO,Entre 1 y 2 SMMLV,Localidad 2 - Virgen y Turistica,URBANO,ADULTEZ (29-59),Ninguno,CORVIVIENDA,Media (10.o - 13.o),Hombre,Soltero(a),Trabajador Independiente,Ninguno,10000000.0
SANEAMIENTO BÁSICO,Menor a 1 SMMLV,Localidad 2 - Virgen y Turistica,URBANO,ADULTEZ (29-59),Pobreza Extrema,CORVIVIENDA,Básica primaria (1.o - 5.o),Mujer,Soltero(a),Ama de Casa/Cuidador,Ninguno,10000000.0
SANEAMIENTO BÁSICO,Menor a 1 SMMLV,Localidad 2 - Virgen y Turistica,URBANO,ADULTEZ (29-59),Pobreza Extrema,CORVIVIENDA,Básica secundaria (6.o - 9.o),Mujer,Unión libre,Ama de Casa/Cuidador,Ninguno,10000000.0
SANEAMIENTO BÁSICO,Menor a 1 SMMLV,Localidad 2 - Virgen y Turistica,URBANO,ADULTO MAYOR (60 o más),Ninguno,CORVIVIENDA,Básica primaria (1.o - 5.o),Mujer,Viudo(a),Ama de Casa/Cuidador,Ninguno,10000000.0
SANEAMIENTO BÁSICO,Entre 1 y 2 SMMLV,Localidad 2 - Virgen y Turistica,URBANO,JUVENTUD (18-28),Ninguno,CORVIVIENDA,Universitario (1 - 6),Mujer,Unión libre,Empleado,Otro,10000000.0
SANEAMIENTO BÁSICO,Menor a 1 SMMLV,Localidad 2 - Virgen y Turistica,URBANO,ADULTEZ (29-59),Ninguno,CORVIVIENDA,Media (10.o - 13.o),Mujer,Soltero(a),Trabajador Independiente,Ninguno,10000000.0
SANEAMIENTO BÁSICO,No tiene,Localidad 2 - Virgen y Turistica,URBANO,ADULTEZ (29-59),Ninguno,CORVIVIENDA,Básica secundaria (6.o - 9.o),Hombre,Soltero(a),Desempleado,Ninguno,10000000.0
SANEAMIENTO BÁSICO,Menor a 1 SMMLV,Localidad 2 - Virgen y Turistica,URBANO,ADULTEZ (29-59),Ninguno,CORVIVIENDA,Básica secundaria (6.o - 9.o),Hombre,Unión libre,Desempleado,Ninguno,10000000.0
SANEAMIENTO BÁSICO,Menor a 1 SMMLV,Localidad 2 - Virgen y Turistica,URBANO,ADULTEZ (29-59),Pobreza Extrema,CORVIVIENDA,Técnico o tecnológico (1 - 4),Hombre,Unión libre,Trabajador Independiente,Ninguno,10000000.0
SANEAMIENTO BÁSICO,Menor a 1 SMMLV,Localidad 2 - Virgen y Turistica,URBANO,ADULTEZ (29-59),Pobreza Extrema,CORVIVIENDA,Media (10.o - 13.o),Mujer,Unión libre,Ama de Casa/Cuidador,Ninguno,10000000.0
SANEAMIENTO BÁSICO,No tiene,Localidad 2 - Virgen y Turistica,URBANO,ADULTEZ (29-59),Ninguno,CORVIVIENDA,Básica primaria (1.o - 5.o),Mujer,Soltero(a),Ama de Casa/Cuidador,Ninguno,10000000.0
SANEAMIENTO BÁSICO,Entre 1 y 2 SMMLV,Localidad 2 - Virgen y Turistica,URBANO,ADULTO MAYOR (60 o más),Pobreza Extrema,CORVIVIENDA,Básica primaria (1.o - 5.o),Hombre,Separado(a) o divorciado(a),Trabajador Independiente,Ninguno,10000000.0
SANEAMIENTO BÁSICO,Menor a 1 SMMLV,Localidad 2 - Virgen y Turistica,URBANO,ADULTEZ (29-59),Ninguno,CORVIVIENDA,Básica secundaria (6.o - 9.o),Mujer,Soltero(a),Trabajador Independiente,Ninguno,10000000.0
SANEAMIENTO BÁSICO,Menor a 1 SMMLV,Localidad 2 - Virgen y Turistica,URBANO,ADULTEZ (29-59),Ninguno,CORVIVIENDA,Básica primaria (1.o - 5.o),Mujer,Casado(a),Ama de Casa/Cuidador,Ninguno,10000000.0
SANEAMIENTO BÁSICO,Menor a 1 SMMLV,Localidad 2 - Virgen y Turistica,URBANO,ADULTO MAYOR (60 o más),Ninguno,CORVIVIENDA,Básica primaria (1.o - 5.o),Hombre,Unión libre,Desempleado,"Negro(a), mulato(a), afrodescendiente, afrocolombiano(a)",10000000.0
SANEAMIENTO BÁSICO,Menor a 1 SMMLV,Localidad 2 - Virgen y Turistica,URBANO,ADULTEZ (29-59),Pobreza Extrema,CORVIVIENDA,Básica primaria (1.o - 5.o),Mujer,Viudo(a),Ama de Casa/Cuidador,Ninguno,10000000.0
SANEAMIENTO BÁSICO,Menor a 1 SMMLV,Localidad 2 - Virgen y Turistica,URBANO,ADULTO MAYOR (60 o más),Ninguno,CORVIVIENDA,Básica primaria (1.o - 5.o),Mujer,Unión libre,Ama de Casa/Cuidador,Ninguno,10000000.0
SANEAMIENTO BÁSICO,No tiene,Localidad 2 - Virgen y Turistica,URBANO,ADULTEZ (29-59),Pobreza Extrema,CORVIVIENDA,Básica primaria (1.o - 5.o),Mujer,Separado(a) o divorciado(a),Ama de Casa/Cuidador,"Negro(a), mulato(a), afrodescendiente, afrocolombiano(a)",10000000.0
SANEAMIENTO BÁSICO,Entre 1 y 2 SMMLV,Localidad 2 - Virgen y Turistica,URBANO,ADULTO MAYOR (60 o más),Pobreza Extrema,CORVIVIENDA,Ninguno,Mujer,Separado(a) o divorciado(a),Ama de Casa/Cuidador,"Negro(a), mulato(a), afrodescendiente, afrocolombiano(a)",10000000.0
SANEAMIENTO BÁSICO,Menor a 1 SMMLV,Localidad 2 - Virgen y Turistica,URBANO,ADULTEZ (29-59),Ninguno,CORVIVIENDA,Básica primaria (1.o - 5.o),Mujer,Casado(a),Ama de Casa/Cuidador,"Negro(a), mulato(a), afrodescendiente, afrocolombiano(a)",10000000.0
SANEAMIENTO BÁSICO,Menor a 1 SMMLV,Localidad 2 - Virgen y Turistica,URBANO,ADULTEZ (29-59),Ninguno,CORVIVIENDA,Básica secundaria (6.o - 9.o),Mujer,Viudo(a),Ama de Casa/Cuidador,"Negro(a), mulato(a), afrodescendiente, afrocolombiano(a)",10000000.0
SANEAMIENTO BÁSICO,Menor a 1 SMMLV,Localidad 2 - Virgen y Turistica,URBANO,ADULTEZ (29-59),Ninguno,CORVIVIENDA,Técnico o tecnológico (1 - 4),Hombre,Separado(a) o divorciado(a),Trabajador Independiente,Otro,10000000.0
SANEAMIENTO BÁSICO,Entre 1 y 2 SMMLV,Localidad 2 - Virgen y Turistica,URBANO,ADULTEZ (29-59),Ninguno,CORVIVIENDA,Básica secundaria (6.o - 9.o),Hombre,Unión libre,Empleado,Ninguno,10000000.0
SANEAMIENTO BÁSICO,Menor a 1 SMMLV,Localidad 2 - Virgen y Turistica,URBANO,ADULTO MAYOR (60 o más),Pobreza Extrema,CORVIVIENDA,Básica secundaria (6.o - 9.o),Mujer,Viudo(a),Trabajador Independiente,Otro,10000000.0
SANEAMIENTO BÁSICO,Menor a 1 SMMLV,Localidad 2 - Virgen y Turistica,URBANO,ADULTEZ (29-59),Pobreza Extrema,CORVIVIENDA,Ninguno,Mujer,Unión libre,Ama de Casa/Cuidador,Ninguno,10000000.0
SANEAMIENTO BÁSICO,Menor a 1 SMMLV,Localidad 2 - Virgen y Turistica,URBANO,ADULTEZ (29-59),Ninguno,CORVIVIENDA,Básica secundaria (6.o - 9.o),Mujer,Viudo(a),Ama de Casa/Cuidador,Ninguno,10000000.0
SANEAMIENTO BÁSICO,Menor a 1 SMMLV,Localidad 2 - Virgen y Turistica,URBANO,ADULTO MAYOR (60 o más),Ninguno,CORVIVIENDA,Técnico o tecnológico (1 - 4),Hombre,Casado(a),Trabajador Independiente,Ninguno,10000000.0
SANEAMIENTO BÁSICO,NO REPORTADO,NO REPORTADO,URBANO,ADULTO MAYOR (60 o más),NO REGISTRADO,CORVIVIENDA,NO REPORTADO,Hombre,NO REPORTADO,NO REPORTADO,NO REPORTADO,10000000.0
SANEAMIENTO BÁSICO,Menor a 1 SMMLV,Localidad 2 - Virgen y Turistica,URBANO,ADULTO MAYOR (60 o más),Ninguno,CORVIVIENDA,Básica primaria (1.o - 5.o),Hombre,Unión libre,Empleado,"Negro(a), mulato(a), afrodescendiente, afrocolombiano(a)",10000000.0
SANEAMIENTO BÁSICO,Menor a 1 SMMLV,Localidad 2 - Virgen y Turistica,URBANO,ADULTEZ (29-59),Ninguno,CORVIVIENDA,Media (10.o - 13.o),Mujer,Soltero(a),Ama de Casa/Cuidador,Ninguno,10000000.0
SANEAMIENTO BÁSICO,No tiene,Localidad 2 - Virgen y Turistica,URBANO,ADULTO MAYOR (60 o más),Pobreza Extrema,CORVIVIENDA,Básica primaria (1.o - 5.o),Mujer,Viudo(a),Ama de Casa/Cuidador,Otro,10000000.0
SANEAMIENTO BÁSICO,Menor a 1 SMMLV,Localidad 2 - Virgen y Turistica,URBANO,ADULTO MAYOR (60 o más),Ninguno,CORVIVIENDA,Ninguno,Mujer,Viudo(a),Ama de Casa/Cuidador,Ninguno,10000000.0
SANEAMIENTO BÁSICO,Menor a 1 SMMLV,Localidad 2 - Virgen y Turistica,URBANO,ADULTEZ (29-59),Ninguno,CORVIVIENDA,Básica primaria (1.o - 5.o),Mujer,Soltero(a),Ama de Casa/Cuidador,Ninguno,10000000.0
SANEAMIENTO BÁSICO,Menor a 1 SMMLV,Localidad 2 - Virgen y Turistica,URBANO,ADULTEZ (29-59),Pobreza Extrema,CORVIVIENDA,Básica primaria (1.o - 5.o),Mujer,Soltero(a),Ama de Casa/Cuidador,Ninguno,10000000.0
SANEAMIENTO BÁSICO,Entre 1 y 2 SMMLV,Localidad 2 - Virgen y Turistica,URBANO,ADULTEZ (29-59),Pobreza Extrema,CORVIVIENDA,Ninguno,Mujer,Soltero(a),Trabajador Independiente,"Negro(a), mulato(a), afrodescendiente, afrocolombiano(a)",10000000.0
SANEAMIENTO BÁSICO,Entre 1 y 2 SMMLV,Localidad 2 - Virgen y Turistica,URBANO,NO DISPONIBLE,Pobreza Extrema,CORVIVIENDA,Básica secundaria (6.o - 9.o),Mujer,Soltero(a),Trabajador Independiente,Ninguno,10000000.0
SANEAMIENTO BÁSICO,Menor a 1 SMMLV,Localidad 2 - Virgen y Turistica,URBANO,ADULTEZ (29-59),Ninguno,CORVIVIENDA,Media (10.o - 13.o),Mujer,Casado(a),Trabajador Independiente,Ninguno,10000000.0
SANEAMIENTO BÁSICO,Menor a 1 SMMLV,Localidad 2 - Virgen y Turistica,URBANO,ADULTO MAYOR (60 o más),Pobreza Extrema,CORVIVIENDA,Preescolar,Mujer,Viudo(a),Ama de Casa/Cuidador,Ninguno,10000000.0
SANEAMIENTO BÁSICO,Menor a 1 SMMLV,Localidad 2 - Virgen y Turistica,URBANO,ADULTEZ (29-59),Pobreza Extrema,CORVIVIENDA,Técnico o tecnológico (1 - 4),Hombre,Unión libre,Ama de Casa/Cuidador,Ninguno,10000000.0
SANEAMIENTO BÁSICO,Menor a 1 SMMLV,Localidad 2 - Virgen y Turistica,URBANO,ADULTEZ (29-59),Ninguno,CORVIVIENDA,Media (10.o - 13.o),Mujer,Separado(a) o divorciado(a),Ama de Casa/Cuidador,Ninguno,10000000.0
SANEAMIENTO BÁSICO,Menor a 1 SMMLV,Localidad 2 - Virgen y Turistica,URBANO,ADULTO MAYOR (60 o más),Ninguno,CORVIVIENDA,Básica secundaria (6.o - 9.o),Mujer,Casado(a),Ama de Casa/Cuidador,Ninguno,10000000.0
SANEAMIENTO BÁSICO,Menor a 1 SMMLV,Localidad 2 - Virgen y Turistica,URBANO,ADULTO MAYOR (60 o más),Ninguno,CORVIVIENDA,Básica secundaria (6.o - 9.o),Hombre,Unión libre,Trabajador Independiente,Otro,10000000.0
SANEAMIENTO BÁSICO,No tiene,Localidad 2 - Virgen y Turistica,URBANO,ADULTO MAYOR (60 o más),Ninguno,CORVIVIENDA,Básica primaria (1.o - 5.o),Mujer,Viudo(a),Ama de Casa/Cuidador,Ninguno,10000000.0
SANEAMIENTO BÁSICO,Menor a 1 SMMLV,Localidad 2 - Virgen y Turistica,URBANO,ADULTO MAYOR (60 o más),Ninguno,CORVIVIENDA,Básica primaria (1.o - 5.o),Mujer,Soltero(a),Incapacitado permanentemente para trabajar,Ninguno,10000000.0
SANEAMIENTO BÁSICO,No tiene,Localidad 2 - Virgen y Turistica,URBANO,ADULTO MAYOR (60 o más),Ninguno,CORVIVIENDA,Básica primaria (1.o - 5.o),Mujer,Soltero(a),Ama de Casa/Cuidador,Ninguno,10000000.0
SANEAMIENTO BÁSICO,Menor a 1 SMMLV,Localidad 2 - Virgen y Turistica,URBANO,ADULTO MAYOR (60 o más),Víctima Conflicto Armado por Desplazamiento Forzado,CORVIVIENDA,Básica secundaria (6.o - 9.o),Hombre,Soltero(a),Trabajador Independiente,Ninguno,10000000.0
SANEAMIENTO BÁSICO,Menor a 1 SMMLV,Localidad 2 - Virgen y Turistica,URBANO,ADULTO MAYOR (60 o más),Ninguno,CORVIVIENDA,Básica primaria (1.o - 5.o),Mujer,Soltero(a),Ama de Casa/Cuidador,Ninguno,10000000.0
SANEAMIENTO BÁSICO,No tiene,Localidad 2 - Virgen y Turistica,URBANO,ADULTO MAYOR (60 o más),Pobreza Extrema,CORVIVIENDA,Preescolar,Mujer,Viudo(a),Ama de Casa/Cuidador,Ninguno,10000000.0
SANEAMIENTO BÁSICO,Menor a 1 SMMLV,Localidad 2 - Virgen y Turistica,URBANO,ADULTEZ (29-59),Ninguno,CORVIVIENDA,Media (10.o - 13.o),Mujer,Unión libre,Ama de Casa/Cuidador,Ninguno,10000000.0
SANEAMIENTO BÁSICO,No tiene,NO REPORTADO,URBANO,ADULTEZ (29-59),Ninguno,CORVIVIENDA,Básica secundaria (6.o - 9.o),Mujer,Unión libre,Ama de Casa/Cuidador,Ninguno,10000000.0
SANEAMIENTO BÁSICO,Menor a 1 SMMLV,Localidad 2 - Virgen y Turistica,URBANO,ADULTEZ (29-59),Pobreza Extrema,CORVIVIENDA,Universitario (1 - 6),Hombre,Soltero(a),Trabajador Independiente,Ninguno,10000000.0
SANEAMIENTO BÁSICO,No tiene,Localidad 2 - Virgen y Turistica,URBANO,ADULTO MAYOR (60 o más),Damnificados,CORVIVIENDA,Básica secundaria (6.o - 9.o),Mujer,Unión libre,Ama de Casa/Cuidador,Ninguno,10000000.0
SANEAMIENTO BÁSICO,No tiene,Localidad 2 - Virgen y Turistica,URBANO,ADULTO MAYOR (60 o más),Ninguno,CORVIVIENDA,Básica primaria (1.o - 5.o),Mujer,Viudo(a),Ama de Casa/Cuidador,"Negro(a), mulato(a), afrodescendiente, afrocolombiano(a)",10000000.0
SANEAMIENTO BÁSICO,Menor a 1 SMMLV,Localidad 2 - Virgen y Turistica,URBANO,ADULTEZ (29-59),Pobreza Extrema,CORVIVIENDA,Básica secundaria (6.o - 9.o),Mujer,Soltero(a),Trabajador Independiente,Otro,10000000.0
SANEAMIENTO BÁSICO,Entre 1 y 2 SMMLV,Localidad 2 - Virgen y Turistica,URBANO,ADULTEZ (29-59),Pobreza Extrema,CORVIVIENDA,Media (10.o - 13.o),Mujer,Unión libre,Ama de Casa/Cuidador,"Negro(a), mulato(a), afrodescendiente, afrocolombiano(a)",10000000.0
SANEAMIENTO BÁSICO,Entre 1 y 2 SMMLV,Localidad 2 - Virgen y Turistica,URBANO,ADULTEZ (29-59),Ninguno,CORVIVIENDA,Básica primaria (1.o - 5.o),Mujer,Soltero(a),Ama de Casa/Cuidador,"Negro(a), mulato(a), afrodescendiente, afrocolombiano(a)",10000000.0
SANEAMIENTO BÁSICO,Entre 1 y 2 SMMLV,Localidad 2 - Virgen y Turistica,URBANO,ADULTEZ (29-59),Ninguno,CORVIVIENDA,Básica secundaria (6.o - 9.o),Hombre,Unión libre,Trabajador Independiente,Ninguno,10000000.0
SANEAMIENTO BÁSICO,No tiene,Localidad 2 - Virgen y Turistica,URBANO,ADULTEZ (29-59),Ninguno,CORVIVIENDA,Básica primaria (1.o - 5.o),Mujer,Separado(a) o divorciado(a),Ama de Casa/Cuidador,Ninguno,10000000.0
SANEAMIENTO BÁSICO,Menor a 1 SMMLV,Localidad 2 - Virgen y Turistica,URBANO,ADULTEZ (29-59),Ninguno,CORVIVIENDA,Básica primaria (1.o - 5.o),Mujer,Separado(a) o divorciado(a),Ama de Casa/Cuidador,Ninguno,10000000.0
SANEAMIENTO BÁSICO,No tiene,Localidad 2 - Virgen y Turistica,URBANO,ADULTO MAYOR (60 o más),Pobreza Extrema,CORVIVIENDA,Ninguno,Mujer,Viudo(a),Sin actividad,"Negro(a), mulato(a), afrodescendiente, afrocolombiano(a)",10000000.0
SANEAMIENTO BÁSICO,No tiene,Localidad 2 - Virgen y Turistica,URBANO,ADULTEZ (29-59),Ninguno,CORVIVIENDA,Básica primaria (1.o - 5.o),Hombre,Viudo(a),Desempleado,Ninguno,10000000.0
SANEAMIENTO BÁSICO,Menor a 1 SMMLV,Localidad 2 - Virgen y Turistica,URBANO,ADULTEZ (29-59),Pobreza Extrema,CORVIVIENDA,Básica primaria (1.o - 5.o),Hombre,Unión libre,Desempleado,Ninguno,10000000.0
SANEAMIENTO BÁSICO,Menor a 1 SMMLV,Localidad 2 - Virgen y Turistica,URBANO,ADULTO MAYOR (60 o más),Ninguno,CORVIVIENDA,Ninguno,Mujer,Separado(a) o divorciado(a),Ama de Casa/Cuidador,"Negro(a), mulato(a), afrodescendiente, afrocolombiano(a)",10000000.0
SANEAMIENTO BÁSICO,Menor a 1 SMMLV,Localidad 2 - Virgen y Turistica,URBANO,ADULTEZ (29-59),Pobreza Extrema,CORVIVIENDA,Básica primaria (1.o - 5.o),Mujer,Separado(a) o divorciado(a),Ama de Casa/Cuidador,Indígena,10000000.0
SANEAMIENTO BÁSICO,No tiene,Localidad 2 - Virgen y Turistica,URBANO,ADULTEZ (29-59),Ninguno,CORVIVIENDA,Básica secundaria (6.o - 9.o),Mujer,Separado(a) o divorciado(a),Ama de Casa/Cuidador,Ninguno,10000000.0
SANEAMIENTO BÁSICO,Menor a 1 SMMLV,Localidad 2 - Virgen y Turistica,URBANO,ADULTEZ (29-59),Pobreza Extrema,CORVIVIENDA,Media (10.o - 13.o),Mujer,Soltero(a),Trabajador Independiente,Ninguno,10000000.0
SANEAMIENTO BÁSICO,No tiene,Localidad 2 - Virgen y Turistica,URBANO,ADULTEZ (29-59),Pobreza Extrema,CORVIVIENDA,Básica secundaria (6.o - 9.o),Mujer,Viudo(a),Desempleado,"Negro(a), mulato(a), afrodescendiente, afrocolombiano(a)",10000000.0
SANEAMIENTO BÁSICO,No tiene,Localidad 2 - Virgen y Turistica,URBANO,ADULTEZ (29-59),Ninguno,CORVIVIENDA,Básica primaria (1.o - 5.o),Mujer,Viudo(a),Ama de Casa/Cuidador,Ninguno,10000000.0
SANEAMIENTO BÁSICO,No tiene,Localidad 2 - Virgen y Turistica,URBANO,ADULTEZ (29-59),Ninguno,CORVIVIENDA,Básica primaria (1.o - 5.o),Hombre,Casado(a),Ama de Casa/Cuidador,"Negro(a), mulato(a), afrodescendiente, afrocolombiano(a)",10000000.0
SANEAMIENTO BÁSICO,Menor a 1 SMMLV,Localidad 2 - Virgen y Turistica,URBANO,ADULTEZ (29-59),Víctima Conflicto Armado por Desplazamiento Forzado,CORVIVIENDA,Básica secundaria (6.o - 9.o),Mujer,Unión libre,Ama de Casa/Cuidador,Ninguno,10000000.0
SANEAMIENTO BÁSICO,Menor a 1 SMMLV,Localidad 2 - Virgen y Turistica,URBANO,ADULTO MAYOR (60 o más),Pobreza Extrema,CORVIVIENDA,Básica primaria (1.o - 5.o),Mujer,Casado(a),Ama de Casa/Cuidador,Ninguno,10000000.0
SANEAMIENTO BÁSICO,No tiene,Localidad 2 - Virgen y Turistica,URBANO,ADULTO MAYOR (60 o más),Ninguno,CORVIVIENDA,Básica primaria (1.o - 5.o),Hombre,Unión libre,Desempleado,Ninguno,10000000.0
SANEAMIENTO BÁSICO,No tiene,Localidad 2 - Virgen y Turistica,URBANO,ADULTO MAYOR (60 o más),Ninguno,CORVIVIENDA,Básica secundaria (6.o - 9.o),Mujer,Soltero(a),Ama de Casa/Cuidador,Ninguno,10000000.0
SANEAMIENTO BÁSICO,No tiene,Localidad 2 - Virgen y Turistica,URBANO,ADULTEZ (29-59),Ninguno,CORVIVIENDA,Básica primaria (1.o - 5.o),Mujer,Unión libre,Ama de Casa/Cuidador,Ninguno,10000000.0
SANEAMIENTO BÁSICO,No tiene,Localidad 2 - Virgen y Turistica,URBANO,ADULTEZ (29-59),Pobreza Extrema,CORVIVIENDA,Media (10.o - 13.o),Mujer,Unión libre,Ama de Casa/Cuidador,Ninguno,10000000.0
SANEAMIENTO BÁSICO,No tiene,Localidad 2 - Virgen y Turistica,URBANO,ADULTEZ (29-59),Pobreza Extrema,CORVIVIENDA,Básica secundaria (6.o - 9.o),Mujer,Unión libre,Ama de Casa/Cuidador,"Negro(a), mulato(a), afrodescendiente, afrocolombiano(a)",10000000.0
SANEAMIENTO BÁSICO,Entre 1 y 2 SMMLV,Localidad 2 - Virgen y Turistica,URBANO,JUVENTUD (18-28),Pobreza Extrema,CORVIVIENDA,Media (10.o - 13.o),Hombre,Unión libre,Trabajador Independiente,Ninguno,10000000.0
SANEAMIENTO BÁSICO,Menor a 1 SMMLV,Localidad 2 - Virgen y Turistica,URBANO,ADULTO MAYOR (60 o más),Pobreza Extrema,CORVIVIENDA,Ninguno,Hombre,Separado(a) o divorciado(a),Sin actividad,Ninguno,10000000.0
SANEAMIENTO BÁSICO,Menor a 1 SMMLV,Localidad 2 - Virgen y Turistica,URBANO,ADULTEZ (29-59),Pobreza Extrema,CORVIVIENDA,Básica primaria (1.o - 5.o),Hombre,Unión libre,Trabajador Independiente,Ninguno,10000000.0
SANEAMIENTO BÁSICO,Menor a 1 SMMLV,Localidad 2 - Virgen y Turistica,URBANO,ADULTO MAYOR (60 o más),Víctima Conflicto Armado por Desplazamiento Forzado,CORVIVIENDA,Ninguno,Mujer,Unión libre,Trabajador Independiente,Ninguno,10000000.0
SANEAMIENTO BÁSICO,Menor a 1 SMMLV,Localidad 2 - Virgen y Turistica,URBANO,ADULTEZ (29-59),Ninguno,CORVIVIENDA,Básica primaria (1.o - 5.o),Mujer,Unión libre,Ama de Casa/Cuidador,Ninguno,10000000.0
SANEAMIENTO BÁSICO,Entre 1 y 2 SMMLV,Localidad 2 - Virgen y Turistica,URBANO,ADULTEZ (29-59),Pobreza Extrema,CORVIVIENDA,Básica secundaria (6.o - 9.o),Mujer,Separado(a) o divorciado(a),Trabajador Independiente,"Negro(a), mulato(a), afrodescendiente, afrocolombiano(a)",10000000.0
SANEAMIENTO BÁSICO,Menor a 1 SMMLV,Localidad 2 - Virgen y Turistica,URBANO,ADULTEZ (29-59),Ninguno,CORVIVIENDA,Básica secundaria (6.o - 9.o),Hombre,Unión libre,Trabajador Independiente,Ninguno,10000000.0
SANEAMIENTO BÁSICO,Entre 1 y 2 SMMLV,Localidad 2 - Virgen y Turistica,URBANO,ADULTEZ (29-59),Ninguno,CORVIVIENDA,Básica secundaria (6.o - 9.o),Hombre,Unión libre,Empleado,"Negro(a), mulato(a), afrodescendiente, afrocolombiano(a)",17082000.0
SANEAMIENTO BÁSICO,Menor a 1 SMMLV,Localidad 2 - Virgen y Turistica,URBANO,ADULTO MAYOR (60 o más),Pobreza Extrema,CORVIVIENDA,Media (10.o - 13.o),Hombre,Unión libre,Trabajador Independiente,Ninguno,10000000.0
SANEAMIENTO BÁSICO,Menor a 1 SMMLV,Localidad 2 - Virgen y Turistica,URBANO,ADULTEZ (29-59),Ninguno,CORVIVIENDA,Básica primaria (1.o - 5.o),Mujer,Soltero(a),Empleado,"Negro(a), mulato(a), afrodescendiente, afrocolombiano(a)",10000000.0
SANEAMIENTO BÁSICO,Menor a 1 SMMLV,Localidad 2 - Virgen y Turistica,URBANO,ADULTEZ (29-59),Pobreza Extrema,CORVIVIENDA,Básica primaria (1.o - 5.o),Mujer,Unión libre,Ama de Casa/Cuidador,Ninguno,10000000.0
SANEAMIENTO BÁSICO,Menor a 1 SMMLV,Localidad 2 - Virgen y Turistica,URBANO,ADULTEZ (29-59),Pobreza Extrema,CORVIVIENDA,Media (10.o - 13.o),Mujer,Soltero(a),Ama de Casa/Cuidador,Ninguno,10000000.0
SANEAMIENTO BÁSICO,Menor a 1 SMMLV,Localidad 2 - Virgen y Turistica,URBANO,ADULTO MAYOR (60 o más),Ninguno,CORVIVIENDA,Básica primaria (1.o - 5.o),Hombre,Unión libre,Trabajador Independiente,Otro,10000000.0
SANEAMIENTO BÁSICO,Entre 1 y 2 SMMLV,Localidad 2 - Virgen y Turistica,URBANO,ADULTO MAYOR (60 o más),Víctima Conflicto Armado por Desplazamiento Forzado,CORVIVIENDA,Ninguno,Hombre,Unión libre,Sin actividad,Ninguno,10000000.0
SANEAMIENTO BÁSICO,Menor a 1 SMMLV,Localidad 2 - Virgen y Turistica,URBANO,ADULTEZ (29-59),Ninguno,CORVIVIENDA,Preescolar,Mujer,Unión libre,Trabajador Independiente,Ninguno,10000000.0
SANEAMIENTO BÁSICO,Menor a 1 SMMLV,Localidad 2 - Virgen y Turistica,URBANO,ADULTEZ (29-59),Ninguno,CORVIVIENDA,Básica primaria (1.o - 5.o),Mujer,Unión libre,Ama de Casa/Cuidador,"Negro(a), mulato(a), afrodescendiente, afrocolombiano(a)",10000000.0
SANEAMIENTO BÁSICO,Menor a 1 SMMLV,Localidad 2 - Virgen y Turistica,URBANO,ADULTO MAYOR (60 o más),Pobreza Extrema,CORVIVIENDA,Básica primaria (1.o - 5.o),Mujer,Unión libre,Ama de Casa/Cuidador,Ninguno,10000000.0
SANEAMIENTO BÁSICO,Menor a 1 SMMLV,Localidad 2 - Virgen y Turistica,URBANO,ADULTEZ (29-59),Ninguno,CORVIVIENDA,Básica secundaria (6.o - 9.o),Mujer,Soltero(a),Ama de Casa/Cuidador,Ninguno,10000000.0
SANEAMIENTO BÁSICO,No tiene,Localidad 2 - Virgen y Turistica,URBANO,ADULTEZ (29-59),Ninguno,CORVIVIENDA,Ninguno,Hombre,Viudo(a),Desempleado,"Negro(a), mulato(a), afrodescendiente, afrocolombiano(a)",10000000.0
SANEAMIENTO BÁSICO,No tiene,Localidad 2 - Virgen y Turistica,URBANO,ADULTEZ (29-59),Ninguno,CORVIVIENDA,Básica primaria (1.o - 5.o),Mujer,Unión libre,Ama de Casa/Cuidador,"Negro(a), mulato(a), afrodescendiente, afrocolombiano(a)",10000000.0
SANEAMIENTO BÁSICO,Menor a 1 SMMLV,Localidad 2 - Virgen y Turistica,URBANO,ADULTEZ (29-59),Ninguno,CORVIVIENDA,Media (10.o - 13.o),Mujer,Viudo(a),Empleado,Ninguno,10000000.0
SANEAMIENTO BÁSICO,Menor a 1 SMMLV,Localidad 2 - Virgen y Turistica,URBANO,ADULTO MAYOR (60 o más),Pobreza Extrema,CORVIVIENDA,Básica primaria (1.o - 5.o),Mujer,Unión libre,Ama de Casa/Cuidador,Ninguno,10000000.0
SANEAMIENTO BÁSICO,No tiene,Localidad 2 - Virgen y Turistica,URBANO,ADULTO MAYOR (60 o más),Ninguno,CORVIVIENDA,Básica primaria (1.o - 5.o),Mujer,Viudo(a),Ama de Casa/Cuidador,Ninguno,10000000.0
SANEAMIENTO BÁSICO,Menor a 1 SMMLV,Localidad 2 - Virgen y Turistica,URBANO,ADULTO MAYOR (60 o más),Ninguno,CORVIVIENDA,Básica secundaria (6.o - 9.o),Mujer,Unión libre,Ama de Casa/Cuidador,"Negro(a), mulato(a), afrodescendiente, afrocolombiano(a)",10000000.0
SANEAMIENTO BÁSICO,Entre 1 y 2 SMMLV,Localidad 2 - Virgen y Turistica,URBANO,ADULTO MAYOR (60 o más),Ninguno,CORVIVIENDA,Básica primaria (1.o - 5.o),Hombre,Soltero(a),Trabajador Independiente,"Negro(a), mulato(a), afrodescendiente, afrocolombiano(a)",10000000.0
SANEAMIENTO BÁSICO,Entre 1 y 2 SMMLV,Localidad 2 - Virgen y Turistica,URBANO,ADULTEZ (29-59),Ninguno,CORVIVIENDA,Técnico o tecnológico (1 - 4),Hombre,Unión libre,Trabajador Independiente,Ninguno,10000000.0
SANEAMIENTO BÁSICO,Menor a 1 SMMLV,Localidad 2 - Virgen y Turistica,URBANO,ADULTEZ (29-59),Ninguno,CORVIVIENDA,Técnico o tecnológico (1 - 4),Hombre,Unión libre,Trabajador Independiente,Ninguno,10000000.0
SANEAMIENTO BÁSICO,Menor a 1 SMMLV,Localidad 2 - Virgen y Turistica,URBANO,ADULTEZ (29-59),Pobreza Extrema,CORVIVIENDA,Básica secundaria (6.o - 9.o),Mujer,Casado(a),Ama de Casa/Cuidador,Ninguno,10000000.0
SANEAMIENTO BÁSICO,No tiene,Localidad 2 - Virgen y Turistica,URBANO,ADULTO MAYOR (60 o más),Pobreza Extrema,CORVIVIENDA,Básica secundaria (6.o - 9.o),Mujer,Soltero(a),Ama de Casa/Cuidador,Otro,10000000.0
SANEAMIENTO BÁSICO,Menor a 1 SMMLV,Localidad 2 - Virgen y Turistica,URBANO,ADULTO MAYOR (60 o más),Pobreza Extrema,CORVIVIENDA,Ninguno,Mujer,Unión libre,Ama de Casa/Cuidador,Ninguno,10000000.0
SANEAMIENTO BÁSICO,Menor a 1 SMMLV,Localidad 2 - Virgen y Turistica,URBANO,ADULTEZ (29-59),Pobreza Extrema,CORVIVIENDA,Básica primaria (1.o - 5.o),Mujer,Unión libre,Trabajador Independiente,"Negro(a), mulato(a), afrodescendiente, afrocolombiano(a)",10000000.0
SANEAMIENTO BÁSICO,Menor a 1 SMMLV,Localidad 2 - Virgen y Turistica,URBANO,ADULTEZ (29-59),Ninguno,CORVIVIENDA,Básica secundaria (6.o - 9.o),Mujer,Casado(a),Trabajador Independiente,Ninguno,10000000.0
SANEAMIENTO BÁSICO,Menor a 1 SMMLV,Localidad 2 - Virgen y Turistica,URBANO,ADULTO MAYOR (60 o más),Ninguno,CORVIVIENDA,Técnico o tecnológico (1 - 4),Mujer,Soltero(a),Desempleado,Ninguno,10000000.0
SANEAMIENTO BÁSICO,Menor a 1 SMMLV,Localidad 2 - Virgen y Turistica,URBANO,ADULTO MAYOR (60 o más),Pobreza Extrema,CORVIVIENDA,Básica primaria (1.o - 5.o),Mujer,Viudo(a),Ama de Casa/Cuidador,Ninguno,10000000.0
SANEAMIENTO BÁSICO,Entre 1 y 2 SMMLV,Localidad 2 - Virgen y Turistica,URBANO,ADULTEZ (29-59),Pobreza Extrema,CORVIVIENDA,Básica primaria (1.o - 5.o),Hombre,Unión libre,Empleado,Ninguno,10000000.0
SANEAMIENTO BÁSICO,Menor a 1 SMMLV,Localidad 2 - Virgen y Turistica,URBANO,ADULTEZ (29-59),Pobreza Extrema,CORVIVIENDA,Básica secundaria (6.o - 9.o),Mujer,Unión libre,Ama de Casa/Cuidador,Ninguno,10000000.0
SANEAMIENTO BÁSICO,Menor a 1 SMMLV,Localidad 2 - Virgen y Turistica,URBANO,ADULTEZ (29-59),Pobreza Extrema,CORVIVIENDA,Media (10.o - 13.o),Hombre,Unión libre,Trabajador Independiente,Ninguno,10000000.0
SANEAMIENTO BÁSICO,Menor a 1 SMMLV,Localidad 2 - Virgen y Turistica,URBANO,ADULTO MAYOR (60 o más),Ninguno,CORVIVIENDA,Ninguno,Mujer,Soltero(a),Ama de Casa/Cuidador,Ninguno,10000000.0
SANEAMIENTO BÁSICO,Menor a 1 SMMLV,Localidad 2 - Virgen y Turistica,URBANO,ADULTO MAYOR (60 o más),Ninguno,CORVIVIENDA,Básica primaria (1.o - 5.o),Mujer,Casado(a),Ama de Casa/Cuidador,Ninguno,10000000.0
SANEAMIENTO BÁSICO,Menor a 1 SMMLV,Localidad 2 - Virgen y Turistica,URBANO,ADULTO MAYOR (60 o más),Víctima Conflicto Armado por Desplazamiento Forzado,CORVIVIENDA,Ninguno,Mujer,Viudo(a),Ama de Casa/Cuidador,Ninguno,10000000.0
SANEAMIENTO BÁSICO,Menor a 1 SMMLV,Localidad 2 - Virgen y Turistica,URBANO,ADULTO MAYOR (60 o más),Ninguno,CORVIVIENDA,Ninguno,Mujer,Casado(a),Ama de Casa/Cuidador,Indígena,10000000.0
SANEAMIENTO BÁSICO,Menor a 1 SMMLV,Localidad 2 - Virgen y Turistica,URBANO,ADULTO MAYOR (60 o más),Pobreza Extrema,CORVIVIENDA,Media (10.o - 13.o),Mujer,Unión libre,Ama de Casa/Cuidador,Ninguno,10000000.0
SANEAMIENTO BÁSICO,Menor a 1 SMMLV,Localidad 2 - Virgen y Turistica,URBANO,ADULTEZ (29-59),Ninguno,CORVIVIENDA,Básica primaria (1.o - 5.o),Mujer,Soltero(a),Trabajador Independiente,Ninguno,10000000.0
SANEAMIENTO BÁSICO,Menor a 1 SMMLV,Localidad 2 - Virgen y Turistica,URBANO,ADULTEZ (29-59),Ninguno,CORVIVIENDA,Básica primaria (1.o - 5.o),Hombre,Soltero(a),Incapacitado permanentemente para trabajar,"Negro(a), mulato(a), afrodescendiente, afrocolombiano(a)",10000000.0
SANEAMIENTO BÁSICO,Menor a 1 SMMLV,Localidad 2 - Virgen y Turistica,URBANO,ADULTEZ (29-59),Víctima Conflicto Armado por Desplazamiento Forzado,CORVIVIENDA,Básica primaria (1.o - 5.o),Mujer,Unión libre,Ama de Casa/Cuidador,"Negro(a), mulato(a), afrodescendiente, afrocolombiano(a)",10000000.0
SANEAMIENTO BÁSICO,Menor a 1 SMMLV,Localidad 2 - Virgen y Turistica,URBANO,ADULTEZ (29-59),Ninguno,CORVIVIENDA,Media (10.o - 13.o),Hombre,Unión libre,Trabajador Independiente,Ninguno,10000000.0
SANEAMIENTO BÁSICO,Menor a 1 SMMLV,NO REPORTADO,URBANO,ADULTEZ (29-59),Ninguno,CORVIVIENDA,Básica secundaria (6.o - 9.o),Mujer,Unión libre,Empleado,"Negro(a), mulato(a), afrodescendiente, afrocolombiano(a)",10000000.0
SANEAMIENTO BÁSICO,Menor a 1 SMMLV,Localidad 2 - Virgen y Turistica,URBANO,ADULTO MAYOR (60 o más),Ninguno,CORVIVIENDA,Media (10.o - 13.o),Hombre,Unión libre,Trabajador Independiente,Ninguno,10000000.0
SANEAMIENTO BÁSICO,No tiene,Localidad 2 - Virgen y Turistica,URBANO,ADULTEZ (29-59),Pobreza Extrema,CORVIVIENDA,Básica primaria (1.o - 5.o),Hombre,Soltero(a),Desempleado,Otro,10000000.0
SANEAMIENTO BÁSICO,No tiene,Localidad 2 - Virgen y Turistica,URBANO,ADULTO MAYOR (60 o más),Ninguno,CORVIVIENDA,Básica secundaria (6.o - 9.o),Mujer,Separado(a) o divorciado(a),Ama de Casa/Cuidador,Ninguno,10000000.0
SANEAMIENTO BÁSICO,Menor a 1 SMMLV,Localidad 2 - Virgen y Turistica,URBANO,ADULTO MAYOR (60 o más),Ninguno,CORVIVIENDA,Básica primaria (1.o - 5.o),Mujer,Soltero(a),Trabajador Independiente,Ninguno,10000000.0
SANEAMIENTO BÁSICO,Menor a 1 SMMLV,Localidad 2 - Virgen y Turistica,URBANO,ADULTO MAYOR (60 o más),Ninguno,CORVIVIENDA,Básica secundaria (6.o - 9.o),Mujer,Unión libre,Sin actividad,Ninguno,10000000.0
SANEAMIENTO BÁSICO,Entre 1 y 2 SMMLV,Localidad 2 - Virgen y Turistica,URBANO,ADULTO MAYOR (60 o más),Ninguno,CORVIVIENDA,Básica primaria (1.o - 5.o),Mujer,Unión libre,Ama de Casa/Cuidador,Ninguno,10000000.0
SANEAMIENTO BÁSICO,Menor a 1 SMMLV,Localidad 2 - Virgen y Turistica,URBANO,ADULTEZ (29-59),Pobreza Extrema,CORVIVIENDA,Básica primaria (1.o - 5.o),Mujer,Unión libre,Ama de Casa/Cuidador,"Negro(a), mulato(a), afrodescendiente, afrocolombiano(a)",10000000.0
SANEAMIENTO BÁSICO,No tiene,Localidad 2 - Virgen y Turistica,URBANO,ADULTEZ (29-59),Ninguno,CORVIVIENDA,Media (10.o - 13.o),Mujer,Soltero(a),Ama de Casa/Cuidador,Ninguno,10000000.0
SANEAMIENTO BÁSICO,Entre 1 y 2 SMMLV,Localidad 2 - Virgen y Turistica,URBANO,JUVENTUD (18-28),Pobreza Extrema,CORVIVIENDA,Técnico o tecnológico (1 - 4),Mujer,Soltero(a),Empleado,Ninguno,10000000.0
SANEAMIENTO BÁSICO,No tiene,Localidad 2 - Virgen y Turistica,URBANO,ADULTEZ (29-59),Pobreza Extrema,CORVIVIENDA,Básica secundaria (6.o - 9.o),Mujer,Unión libre,Ama de Casa/Cuidador,Ninguno,10000000.0
SANEAMIENTO BÁSICO,Menor a 1 SMMLV,Localidad 2 - Virgen y Turistica,URBANO,ADULTO MAYOR (60 o más),Pobreza Extrema,CORVIVIENDA,Básica primaria (1.o - 5.o),Hombre,Viudo(a),Trabajador Independiente,Ninguno,10000000.0
SANEAMIENTO BÁSICO,Menor a 1 SMMLV,Localidad 2 - Virgen y Turistica,URBANO,ADULTEZ (29-59),Ninguno,CORVIVIENDA,Básica primaria (1.o - 5.o),Hombre,Soltero(a),Trabajador Independiente,Ninguno,10000000.0
SANEAMIENTO BÁSICO,Menor a 1 SMMLV,Localidad 2 - Virgen y Turistica,URBANO,ADULTO MAYOR (60 o más),Ninguno,CORVIVIENDA,Básica primaria (1.o - 5.o),Mujer,Separado(a) o divorciado(a),Sin actividad,Ninguno,10000000.0
SANEAMIENTO BÁSICO,Menor a 1 SMMLV,Localidad 2 - Virgen y Turistica,URBANO,ADULTO MAYOR (60 o más),Pobreza Extrema,CORVIVIENDA,Básica primaria (1.o - 5.o),Mujer,Soltero(a),Trabajador Independiente,Ninguno,10000000.0
SANEAMIENTO BÁSICO,Menor a 1 SMMLV,Localidad 2 - Virgen y Turistica,URBANO,ADULTEZ (29-59),Pobreza Extrema,CORVIVIENDA,Básica secundaria (6.o - 9.o),Hombre,Casado(a),Trabajador Independiente,Ninguno,10000000.0
SANEAMIENTO BÁSICO,No tiene,Localidad 2 - Virgen y Turistica,URBANO,ADULTO MAYOR (60 o más),Ninguno,CORVIVIENDA,Ninguno,Mujer,Casado(a),Ama de Casa/Cuidador,Ninguno,10000000.0
SANEAMIENTO BÁSICO,No tiene,Localidad 2 - Virgen y Turistica,URBANO,ADULTO MAYOR (60 o más),Ninguno,CORVIVIENDA,Técnico o tecnológico (1 - 4),Mujer,Viudo(a),Ama de Casa/Cuidador,Ninguno,10000000.0
SANEAMIENTO BÁSICO,No tiene,Localidad 2 - Virgen y Turistica,URBANO,ADULTO MAYOR (60 o más),Pobreza Extrema,CORVIVIENDA,Ninguno,Mujer,Viudo(a),Sin actividad,Ninguno,10000000.0
SANEAMIENTO BÁSICO,No tiene,Localidad 2 - Virgen y Turistica,URBANO,ADULTO MAYOR (60 o más),Pobreza Extrema,CORVIVIENDA,Ninguno,Mujer,Viudo(a),Ama de Casa/Cuidador,Ninguno,10000000.0
SANEAMIENTO BÁSICO,No tiene,Localidad 2 - Virgen y Turistica,URBANO,ADULTO MAYOR (60 o más),Pobreza Extrema,CORVIVIENDA,Básica primaria (1.o - 5.o),Hombre,Unión libre,Desempleado,"Negro(a), mulato(a), afrodescendiente, afrocolombiano(a)",10000000.0
SANEAMIENTO BÁSICO,Menor a 1 SMMLV,Localidad 2 - Virgen y Turistica,URBANO,NO DISPONIBLE,Pobreza Extrema,CORVIVIENDA,Básica primaria (1.o - 5.o),Mujer,Unión libre,Trabajador Independiente,"Negro(a), mulato(a), afrodescendiente, afrocolombiano(a)",10000000.0
SANEAMIENTO BÁSICO,Menor a 1 SMMLV,Localidad 2 - Virgen y Turistica,URBANO,ADULTO MAYOR (60 o más),Pobreza Extrema,CORVIVIENDA,Media (10.o - 13.o),Hombre,Casado(a),Trabajador Independiente,"Negro(a), mulato(a), afrodescendiente, afrocolombiano(a)",10000000.0
SANEAMIENTO BÁSICO,No tiene,Localidad 2 - Virgen y Turistica,URBANO,ADULTO MAYOR (60 o más),Ninguno,CORVIVIENDA,Básica primaria (1.o - 5.o),Hombre,Separado(a) o divorciado(a),Sin actividad,Ninguno,10000000.0
SANEAMIENTO BÁSICO,Menor a 1 SMMLV,Localidad 2 - Virgen y Turistica,URBANO,ADULTO MAYOR (60 o más),Pobreza Extrema,CORVIVIENDA,Ninguno,Mujer,Viudo(a),Ama de Casa/Cuidador,Ninguno,10000000.0
SANEAMIENTO BÁSICO,Menor a 1 SMMLV,Localidad 2 - Virgen y Turistica,URBANO,ADULTEZ (29-59),Víctima Conflicto Armado por Desplazamiento Forzado,CORVIVIENDA,Básica secundaria (6.o - 9.o),Mujer,Unión libre,Ama de Casa/Cuidador,Otro,10000000.0
SANEAMIENTO BÁSICO,No tiene,Localidad 2 - Virgen y Turistica,URBANO,ADULTEZ (29-59),Víctima Conflicto Armado,CORVIVIENDA,Básica secundaria (6.o - 9.o),Mujer,Soltero(a),Ama de Casa/Cuidador,"Negro(a), mulato(a), afrodescendiente, afrocolombiano(a)",10000000.0
SANEAMIENTO BÁSICO,Entre 1 y 2 SMMLV,Localidad 2 - Virgen y Turistica,URBANO,ADULTEZ (29-59),Ninguno,CORVIVIENDA,Básica primaria (1.o - 5.o),Hombre,Viudo(a),Empleado,Ninguno,10000000.0
SANEAMIENTO BÁSICO,Menor a 1 SMMLV,Localidad 2 - Virgen y Turistica,URBANO,ADULTEZ (29-59),Ninguno,CORVIVIENDA,Básica secundaria (6.o - 9.o),Hombre,Unión libre,Empleado,Ninguno,10000000.0
SANEAMIENTO BÁSICO,No tiene,Localidad 2 - Virgen y Turistica,URBANO,ADULTO MAYOR (60 o más),Pobreza Extrema,CORVIVIENDA,Ninguno,Mujer,Soltero(a),Ama de Casa/Cuidador,Ninguno,10000000.0
SANEAMIENTO BÁSICO,Menor a 1 SMMLV,Localidad 2 - Virgen y Turistica,URBANO,ADULTEZ (29-59),Ninguno,CORVIVIENDA,Técnico o tecnológico (1 - 4),Mujer,Unión libre,Ama de Casa/Cuidador,Ninguno,10000000.0
SANEAMIENTO BÁSICO,No tiene,Localidad 2 - Virgen y Turistica,URBANO,ADULTEZ (29-59),Ninguno,CORVIVIENDA,Básica primaria (1.o - 5.o),Mujer,Unión libre,Ama de Casa/Cuidador,Indígena,10000000.0
SANEAMIENTO BÁSICO,Menor a 1 SMMLV,Localidad 2 - Virgen y Turistica,URBANO,ADULTEZ (29-59),Víctima Conflicto Armado,CORVIVIENDA,Media (10.o - 13.o),Mujer,Casado(a),Trabajador Independiente,Ninguno,10000000.0
SANEAMIENTO BÁSICO,Menor a 1 SMMLV,Localidad 2 - Virgen y Turistica,URBANO,ADULTO MAYOR (60 o más),Damnificados,CORVIVIENDA,Básica primaria (1.o - 5.o),Hombre,Soltero(a),Trabajador Independiente,"Negro(a), mulato(a), afrodescendiente, afrocolombiano(a)",10000000.0
SANEAMIENTO BÁSICO,Menor a 1 SMMLV,Localidad 2 - Virgen y Turistica,URBANO,ADULTEZ (29-59),Ninguno,CORVIVIENDA,Técnico o tecnológico (1 - 4),Mujer,Soltero(a),Empleado,"Negro(a), mulato(a), afrodescendiente, afrocolombiano(a)",10000000.0
SANEAMIENTO BÁSICO,Menor a 1 SMMLV,Localidad 2 - Virgen y Turistica,URBANO,ADULTO MAYOR (60 o más),Ninguno,CORVIVIENDA,Básica secundaria (6.o - 9.o),Mujer,Unión libre,Trabajador Independiente,"Negro(a), mulato(a), afrodescendiente, afrocolombiano(a)",10000000.0
SANEAMIENTO BÁSICO,Menor a 1 SMMLV,Localidad 2 - Virgen y Turistica,URBANO,ADULTO MAYOR (60 o más),Pobreza Extrema,CORVIVIENDA,Media (10.o - 13.o),Mujer,Unión libre,Sin actividad,Ninguno,10000000.0
SANEAMIENTO BÁSICO,Menor a 1 SMMLV,Localidad 2 - Virgen y Turistica,URBANO,ADULTEZ (29-59),Ninguno,CORVIVIENDA,Básica primaria (1.o - 5.o),Hombre,Unión libre,Sin actividad,Ninguno,10000000.0
SANEAMIENTO BÁSICO,Menor a 1 SMMLV,Localidad 2 - Virgen y Turistica,URBANO,ADULTEZ (29-59),Ninguno,CORVIVIENDA,Técnico o tecnológico (1 - 4),Mujer,Soltero(a),Trabajador Independiente,"Negro(a), mulato(a), afrodescendiente, afrocolombiano(a)",10000000.0
SANEAMIENTO BÁSICO,NO REPORTADO,NO REPORTADO,URBANO,NO DISPONIBLE,Víctima Conflicto Armado,FONVIVIENDA,NO REPORTADO,Hombre,NO REPORTADO,NO REPORTADO,NO REPORTADO,13917560.0
SANEAMIENTO BÁSICO,NO REPORTADO,NO REPORTADO,URBANO,NO DISPONIBLE,NO REGISTRADO,FONVIVIENDA,NO REPORTADO,Mujer,NO REPORTADO,NO REPORTADO,NO REPORTADO,13855303.0
SANEAMIENTO BÁSICO,NO REPORTADO,NO REPORTADO,URBANO,NO DISPONIBLE,NO REGISTRADO,FONVIVIENDA,NO REPORTADO,Hombre,NO REPORTADO,NO REPORTADO,NO REPORTADO,13919743.0
SANEAMIENTO BÁSICO,NO REPORTADO,NO REPORTADO,URBANO,NO DISPONIBLE,NO REGISTRADO,FONVIVIENDA,NO REPORTADO,Mujer,NO REPORTADO,NO REPORTADO,NO REPORTADO,13892069.0
SANEAMIENTO BÁSICO,NO REPORTADO,NO REPORTADO,URBANO,NO DISPONIBLE,NO REGISTRADO,FONVIVIENDA,NO REPORTADO,Mujer,NO REPORTADO,NO REPORTADO,NO REPORTADO,13919126.0
SANEAMIENTO BÁSICO,NO REPORTADO,NO REPORTADO,URBANO,NO DISPONIBLE,NO REGISTRADO,FONVIVIENDA,NO REPORTADO,Mujer,NO REPORTADO,NO REPORTADO,NO REPORTADO,13828878.0
SANEAMIENTO BÁSICO,NO REPORTADO,NO REPORTADO,URBANO,NO DISPONIBLE,NO REGISTRADO,FONVIVIENDA,NO REPORTADO,Mujer,NO REPORTADO,NO REPORTADO,NO REPORTADO,13762786.0
SANEAMIENTO BÁSICO,NO REPORTADO,NO REPORTADO,URBANO,NO DISPONIBLE,NO REGISTRADO,FONVIVIENDA,NO REPORTADO,Mujer,NO REPORTADO,NO REPORTADO,NO REPORTADO,11992698.0
SANEAMIENTO BÁSICO,NO REPORTADO,NO REPORTADO,URBANO,NO DISPONIBLE,NO REGISTRADO,FONVIVIENDA,NO REPORTADO,Mujer,NO REPORTADO,NO REPORTADO,NO REPORTADO,13876433.0
SANEAMIENTO BÁSICO,NO REPORTADO,NO REPORTADO,URBANO,NO DISPONIBLE,NO REGISTRADO,FONVIVIENDA,NO REPORTADO,Mujer,NO REPORTADO,NO REPORTADO,NO REPORTADO,13918929.0
SANEAMIENTO BÁSICO,NO REPORTADO,NO REPORTADO,URBANO,NO DISPONIBLE,NO REGISTRADO,FONVIVIENDA,NO REPORTADO,Mujer,NO REPORTADO,NO REPORTADO,NO REPORTADO,13784291.0
SANEAMIENTO BÁSICO,NO REPORTADO,NO REPORTADO,URBANO,NO DISPONIBLE,NO REGISTRADO,FONVIVIENDA,NO REPORTADO,Hombre,NO REPORTADO,NO REPORTADO,NO REPORTADO,13892257.0
SANEAMIENTO BÁSICO,NO REPORTADO,NO REPORTADO,URBANO,NO DISPONIBLE,NO REGISTRADO,FONVIVIENDA,NO REPORTADO,Mujer,NO REPORTADO,NO REPORTADO,NO REPORTADO,13894499.0
SANEAMIENTO BÁSICO,NO REPORTADO,NO REPORTADO,URBANO,NO DISPONIBLE,NO REGISTRADO,FONVIVIENDA,NO REPORTADO,Mujer,NO REPORTADO,NO REPORTADO,NO REPORTADO,13868695.0
SANEAMIENTO BÁSICO,NO REPORTADO,NO REPORTADO,URBANO,NO DISPONIBLE,Víctima Conflicto Armado,FONVIVIENDA,NO REPORTADO,Mujer,NO REPORTADO,NO REPORTADO,NO REPORTADO,13500480.0
SANEAMIENTO BÁSICO,NO REPORTADO,NO REPORTADO,URBANO,NO DISPONIBLE,Víctima Conflicto Armado,FONVIVIENDA,NO REPORTADO,Hombre,NO REPORTADO,NO REPORTADO,NO REPORTADO,13847387.0
SANEAMIENTO BÁSICO,NO REPORTADO,NO REPORTADO,URBANO,NO DISPONIBLE,NO REGISTRADO,FONVIVIENDA,NO REPORTADO,Mujer,NO REPORTADO,NO REPORTADO,NO REPORTADO,13861016.0
SANEAMIENTO BÁSICO,NO REPORTADO,NO REPORTADO,URBANO,NO DISPONIBLE,NO REGISTRADO,FONVIVIENDA,NO REPORTADO,Hombre,NO REPORTADO,NO REPORTADO,NO REPORTADO,13900091.0
SANEAMIENTO BÁSICO,NO REPORTADO,NO REPORTADO,URBANO,NO DISPONIBLE,Víctima Conflicto Armado,FONVIVIENDA,NO REPORTADO,Mujer,NO REPORTADO,NO REPORTADO,NO REPORTADO,13911362.0
SANEAMIENTO BÁSICO,NO REPORTADO,NO REPORTADO,URBANO,NO DISPONIBLE,Víctima Conflicto Armado,FONVIVIENDA,NO REPORTADO,Mujer,NO REPORTADO,NO REPORTADO,NO REPORTADO,13905967.0
SANEAMIENTO BÁSICO,NO REPORTADO,NO REPORTADO,URBANO,NO DISPONIBLE,Víctima Conflicto Armado,FONVIVIENDA,NO REPORTADO,Mujer,NO REPORTADO,NO REPORTADO,NO REPORTADO,13859814.0
SANEAMIENTO BÁSICO,NO REPORTADO,NO REPORTADO,URBANO,NO DISPONIBLE,NO REGISTRADO,FONVIVIENDA,NO REPORTADO,Mujer,NO REPORTADO,NO REPORTADO,NO REPORTADO,13728071.0
SANEAMIENTO BÁSICO,NO REPORTADO,NO REPORTADO,URBANO,NO DISPONIBLE,NO REGISTRADO,FONVIVIENDA,NO REPORTADO,Mujer,NO REPORTADO,NO REPORTADO,NO REPORTADO,13912730.0
SANEAMIENTO BÁSICO,NO REPORTADO,NO REPORTADO,URBANO,NO DISPONIBLE,NO REGISTRADO,FONVIVIENDA,NO REPORTADO,Hombre,NO REPORTADO,NO REPORTADO,NO REPORTADO,13781932.0
SANEAMIENTO BÁSICO,NO REPORTADO,NO REPORTADO,URBANO,NO DISPONIBLE,NO REGISTRADO,FONVIVIENDA,NO REPORTADO,Mujer,NO REPORTADO,NO REPORTADO,NO REPORTADO,13908163.0
SANEAMIENTO BÁSICO,NO REPORTADO,NO REPORTADO,URBANO,NO DISPONIBLE,NO REGISTRADO,FONVIVIENDA,NO REPORTADO,Hombre,NO REPORTADO,NO REPORTADO,NO REPORTADO,13881898.0
SANEAMIENTO BÁSICO,NO REPORTADO,NO REPORTADO,URBANO,NO DISPONIBLE,NO REGISTRADO,FONVIVIENDA,NO REPORTADO,Mujer,NO REPORTADO,NO REPORTADO,NO REPORTADO,13780488.0
SANEAMIENTO BÁSICO,NO REPORTADO,NO REPORTADO,URBANO,NO DISPONIBLE,NO REGISTRADO,FONVIVIENDA,NO REPORTADO,Hombre,NO REPORTADO,NO REPORTADO,NO REPORTADO,13544301.0
SANEAMIENTO BÁSICO,NO REPORTADO,NO REPORTADO,URBANO,ADULTEZ (29-59),Pobreza Extrema,FONVIVIENDA,NO REPORTADO,Mujer,NO REPORTADO,NO REPORTADO,"Negro(a), mulato(a), afrodescendiente, afrocolombiano(a)",13798297.0
SANEAMIENTO BÁSICO,NO REPORTADO,NO REPORTADO,URBANO,NO DISPONIBLE,Víctima Conflicto Armado,FONVIVIENDA,NO REPORTADO,Mujer,NO REPORTADO,NO REPORTADO,NO REPORTADO,13881857.0
SANEAMIENTO BÁSICO,NO REPORTADO,NO REPORTADO,URBANO,NO DISPONIBLE,NO REGISTRADO,FONVIVIENDA,NO REPORTADO,Mujer,NO REPORTADO,NO REPORTADO,NO REPORTADO,13911983.0
SANEAMIENTO BÁSICO,NO REPORTADO,NO REPORTADO,URBANO,NO DISPONIBLE,Víctima Conflicto Armado,FONVIVIENDA,NO REPORTADO,Mujer,NO REPORTADO,NO REPORTADO,NO REPORTADO,13873541.0
SANEAMIENTO BÁSICO,NO REPORTADO,NO REPORTADO,URBANO,NO DISPONIBLE,Víctima Conflicto Armado,FONVIVIENDA,NO REPORTADO,Mujer,NO REPORTADO,NO REPORTADO,NO REPORTADO,13836129.0
SANEAMIENTO BÁSICO,NO REPORTADO,NO REPORTADO,URBANO,NO DISPONIBLE,NO REGISTRADO,FONVIVIENDA,NO REPORTADO,Hombre,NO REPORTADO,NO REPORTADO,NO REPORTADO,12876995.0
SANEAMIENTO BÁSICO,NO REPORTADO,NO REPORTADO,URBANO,NO DISPONIBLE,Víctima Conflicto Armado,FONVIVIENDA,NO REPORTADO,Hombre,NO REPORTADO,NO REPORTADO,NO REPORTADO,13697836.0
SANEAMIENTO BÁSICO,NO REPORTADO,NO REPORTADO,URBANO,NO DISPONIBLE,NO REGISTRADO,FONVIVIENDA,NO REPORTADO,Hombre,NO REPORTADO,NO REPORTADO,NO REPORTADO,13820195.0
SANEAMIENTO BÁSICO,NO REPORTADO,NO REPORTADO,URBANO,NO DISPONIBLE,NO REGISTRADO,FONVIVIENDA,NO REPORTADO,Hombre,NO REPORTADO,NO REPORTADO,NO REPORTADO,13806127.0
SANEAMIENTO BÁSICO,NO REPORTADO,NO REPORTADO,URBANO,NO DISPONIBLE,Víctima Conflicto Armado,FONVIVIENDA,NO REPORTADO,Mujer,NO REPORTADO,NO REPORTADO,NO REPORTADO,13778620.0
SANEAMIENTO BÁSICO,NO REPORTADO,NO REPORTADO,URBANO,NO DISPONIBLE,NO REGISTRADO,FONVIVIENDA,NO REPORTADO,Mujer,NO REPORTADO,NO REPORTADO,NO REPORTADO,13898444.0
SANEAMIENTO BÁSICO,NO REPORTADO,NO REPORTADO,URBANO,NO DISPONIBLE,Víctima Conflicto Armado,FONVIVIENDA,NO REPORTADO,Mujer,NO REPORTADO,NO REPORTADO,NO REPORTADO,13879652.0
SANEAMIENTO BÁSICO,NO REPORTADO,NO REPORTADO,URBANO,NO DISPONIBLE,NO REGISTRADO,FONVIVIENDA,NO REPORTADO,Mujer,NO REPORTADO,NO REPORTADO,NO REPORTADO,13909103.0
SANEAMIENTO BÁSICO,NO REPORTADO,NO REPORTADO,URBANO,NO DISPONIBLE,NO REGISTRADO,FONVIVIENDA,NO REPORTADO,Mujer,NO REPORTADO,NO REPORTADO,NO REPORTADO,13890760.0
SANEAMIENTO BÁSICO,NO REPORTADO,NO REPORTADO,URBANO,NO DISPONIBLE,NO REGISTRADO,FONVIVIENDA,NO REPORTADO,Hombre,NO REPORTADO,NO REPORTADO,NO REPORTADO,13909079.0
SANEAMIENTO BÁSICO,NO REPORTADO,NO REPORTADO,URBANO,NO DISPONIBLE,NO REGISTRADO,FONVIVIENDA,NO REPORTADO,Hombre,NO REPORTADO,NO REPORTADO,NO REPORTADO,13706766.0
SANEAMIENTO BÁSICO,NO REPORTADO,NO REPORTADO,URBANO,NO DISPONIBLE,NO REGISTRADO,FONVIVIENDA,NO REPORTADO,Mujer,NO REPORTADO,NO REPORTADO,NO REPORTADO,13906857.0
SANEAMIENTO BÁSICO,NO REPORTADO,NO REPORTADO,URBANO,NO DISPONIBLE,NO REGISTRADO,FONVIVIENDA,NO REPORTADO,Mujer,NO REPORTADO,NO REPORTADO,NO REPORTADO,13907901.0
SANEAMIENTO BÁSICO,NO REPORTADO,NO REPORTADO,URBANO,NO DISPONIBLE,NO REGISTRADO,FONVIVIENDA,NO REPORTADO,Hombre,NO REPORTADO,NO REPORTADO,NO REPORTADO,13915093.0
SANEAMIENTO BÁSICO,NO REPORTADO,NO REPORTADO,URBANO,NO DISPONIBLE,NO REGISTRADO,FONVIVIENDA,NO REPORTADO,Mujer,NO REPORTADO,NO REPORTADO,NO REPORTADO,13856508.0
SANEAMIENTO BÁSICO,NO REPORTADO,NO REPORTADO,URBANO,NO DISPONIBLE,NO REGISTRADO,FONVIVIENDA,NO REPORTADO,Mujer,NO REPORTADO,NO REPORTADO,NO REPORTADO,13905073.0
SANEAMIENTO BÁSICO,NO REPORTADO,NO REPORTADO,URBANO,NO DISPONIBLE,NO REGISTRADO,FONVIVIENDA,NO REPORTADO,Mujer,NO REPORTADO,NO REPORTADO,NO REPORTADO,13876667.0
SANEAMIENTO BÁSICO,NO REPORTADO,NO REPORTADO,URBANO,NO DISPONIBLE,NO REGISTRADO,FONVIVIENDA,NO REPORTADO,Mujer,NO REPORTADO,NO REPORTADO,NO REPORTADO,13918621.0
SANEAMIENTO BÁSICO,NO REPORTADO,NO REPORTADO,URBANO,NO DISPONIBLE,NO REGISTRADO,FONVIVIENDA,NO REPORTADO,Mujer,NO REPORTADO,NO REPORTADO,NO REPORTADO,13465576.0
SANEAMIENTO BÁSICO,NO REPORTADO,NO REPORTADO,URBANO,NO DISPONIBLE,NO REGISTRADO,FONVIVIENDA,NO REPORTADO,Mujer,NO REPORTADO,NO REPORTADO,NO REPORTADO,13894926.0
SANEAMIENTO BÁSICO,NO REPORTADO,NO REPORTADO,URBANO,NO DISPONIBLE,NO REGISTRADO,FONVIVIENDA,NO REPORTADO,Mujer,NO REPORTADO,NO REPORTADO,NO REPORTADO,13848384.0
SANEAMIENTO BÁSICO,NO REPORTADO,NO REPORTADO,URBANO,NO DISPONIBLE,NO REGISTRADO,FONVIVIENDA,NO REPORTADO,Mujer,NO REPORTADO,NO REPORTADO,NO REPORTADO,13809176.0
SANEAMIENTO BÁSICO,NO REPORTADO,NO REPORTADO,URBANO,NO DISPONIBLE,NO REGISTRADO,FONVIVIENDA,NO REPORTADO,Hombre,NO REPORTADO,NO REPORTADO,NO REPORTADO,13465765.0
SANEAMIENTO BÁSICO,NO REPORTADO,NO REPORTADO,URBANO,NO DISPONIBLE,NO REGISTRADO,FONVIVIENDA,NO REPORTADO,Mujer,NO REPORTADO,NO REPORTADO,NO REPORTADO,13911671.0
SANEAMIENTO BÁSICO,NO REPORTADO,NO REPORTADO,URBANO,NO DISPONIBLE,NO REGISTRADO,FONVIVIENDA,NO REPORTADO,Hombre,NO REPORTADO,NO REPORTADO,NO REPORTADO,13907015.0
SANEAMIENTO BÁSICO,NO REPORTADO,NO REPORTADO,URBANO,NO DISPONIBLE,NO REGISTRADO,FONVIVIENDA,NO REPORTADO,Mujer,NO REPORTADO,NO REPORTADO,NO REPORTADO,13916199.0
SANEAMIENTO BÁSICO,NO REPORTADO,NO REPORTADO,URBANO,NO DISPONIBLE,NO REGISTRADO,FONVIVIENDA,NO REPORTADO,Hombre,NO REPORTADO,NO REPORTADO,NO REPORTADO,13598582.0
SANEAMIENTO BÁSICO,NO REPORTADO,NO REPORTADO,URBANO,NO DISPONIBLE,Víctima Conflicto Armado,FONVIVIENDA,NO REPORTADO,Mujer,NO REPORTADO,NO REPORTADO,NO REPORTADO,13866087.0
SANEAMIENTO BÁSICO,NO REPORTADO,NO REPORTADO,URBANO,NO DISPONIBLE,NO REGISTRADO,FONVIVIENDA,NO REPORTADO,Mujer,NO REPORTADO,NO REPORTADO,NO REPORTADO,13867870.0
SANEAMIENTO BÁSICO,NO REPORTADO,NO REPORTADO,URBANO,NO DISPONIBLE,NO REGISTRADO,FONVIVIENDA,NO REPORTADO,Hombre,NO REPORTADO,NO REPORTADO,NO REPORTADO,13918939.0
SANEAMIENTO BÁSICO,NO REPORTADO,NO REPORTADO,URBANO,NO DISPONIBLE,NO REGISTRADO,FONVIVIENDA,NO REPORTADO,Mujer,NO REPORTADO,NO REPORTADO,NO REPORTADO,13900585.0
SANEAMIENTO BÁSICO,NO REPORTADO,NO REPORTADO,URBANO,NO DISPONIBLE,NO REGISTRADO,FONVIVIENDA,NO REPORTADO,Mujer,NO REPORTADO,NO REPORTADO,NO REPORTADO,13828755.0
SANEAMIENTO BÁSICO,NO REPORTADO,NO REPORTADO,URBANO,NO DISPONIBLE,NO REGISTRADO,FONVIVIENDA,NO REPORTADO,Mujer,NO REPORTADO,NO REPORTADO,NO REPORTADO,13885269.0
SANEAMIENTO BÁSICO,NO REPORTADO,NO REPORTADO,URBANO,NO DISPONIBLE,NO REGISTRADO,FONVIVIENDA,NO REPORTADO,Mujer,NO REPORTADO,NO REPORTADO,NO REPORTADO,13884662.0
SANEAMIENTO BÁSICO,NO REPORTADO,NO REPORTADO,URBANO,NO DISPONIBLE,NO REGISTRADO,FONVIVIENDA,NO REPORTADO,Mujer,NO REPORTADO,NO REPORTADO,NO REPORTADO,13886767.0
SANEAMIENTO BÁSICO,NO REPORTADO,NO REPORTADO,URBANO,NO DISPONIBLE,NO REGISTRADO,FONVIVIENDA,NO REPORTADO,Hombre,NO REPORTADO,NO REPORTADO,NO REPORTADO,13916233.0
SANEAMIENTO BÁSICO,NO REPORTADO,NO REPORTADO,URBANO,NO DISPONIBLE,NO REGISTRADO,FONVIVIENDA,NO REPORTADO,Hombre,NO REPORTADO,NO REPORTADO,NO REPORTADO,13897470.0
SANEAMIENTO BÁSICO,NO REPORTADO,NO REPORTADO,URBANO,NO DISPONIBLE,Víctima Conflicto Armado,FONVIVIENDA,NO REPORTADO,Mujer,NO REPORTADO,NO REPORTADO,NO REPORTADO,13831141.0
SANEAMIENTO BÁSICO,NO REPORTADO,NO REPORTADO,URBANO,NO DISPONIBLE,NO REGISTRADO,FONVIVIENDA,NO REPORTADO,Hombre,NO REPORTADO,NO REPORTADO,NO REPORTADO,13471925.0
SANEAMIENTO BÁSICO,NO REPORTADO,NO REPORTADO,URBANO,NO DISPONIBLE,NO REGISTRADO,FONVIVIENDA,NO REPORTADO,Hombre,NO REPORTADO,NO REPORTADO,NO REPORTADO,13888166.0
SANEAMIENTO BÁSICO,NO REPORTADO,NO REPORTADO,URBANO,NO DISPONIBLE,NO REGISTRADO,FONVIVIENDA,NO REPORTADO,Mujer,NO REPORTADO,NO REPORTADO,NO REPORTADO,13648592.0
SANEAMIENTO BÁSICO,NO REPORTADO,NO REPORTADO,URBANO,NO DISPONIBLE,NO REGISTRADO,FONVIVIENDA,NO REPORTADO,Mujer,NO REPORTADO,NO REPORTADO,NO REPORTADO,13854560.0
SANEAMIENTO BÁSICO,NO REPORTADO,NO REPORTADO,URBANO,NO DISPONIBLE,NO REGISTRADO,FONVIVIENDA,NO REPORTADO,Hombre,NO REPORTADO,NO REPORTADO,NO REPORTADO,13883795.0
SANEAMIENTO BÁSICO,NO REPORTADO,NO REPORTADO,URBANO,NO DISPONIBLE,NO REGISTRADO,FONVIVIENDA,NO REPORTADO,Hombre,NO REPORTADO,NO REPORTADO,NO REPORTADO,13832992.0
SANEAMIENTO BÁSICO,NO REPORTADO,NO REPORTADO,URBANO,NO DISPONIBLE,Víctima Conflicto Armado,FONVIVIENDA,NO REPORTADO,Mujer,NO REPORTADO,NO REPORTADO,NO REPORTADO,13912325.0
SANEAMIENTO BÁSICO,NO REPORTADO,NO REPORTADO,URBANO,NO DISPONIBLE,NO REGISTRADO,FONVIVIENDA,NO REPORTADO,Hombre,NO REPORTADO,NO REPORTADO,NO REPORTADO,13872957.0
SANEAMIENTO BÁSICO,NO REPORTADO,NO REPORTADO,URBANO,NO DISPONIBLE,NO REGISTRADO,FONVIVIENDA,NO REPORTADO,Mujer,NO REPORTADO,NO REPORTADO,NO REPORTADO,13805759.0
SANEAMIENTO BÁSICO,NO REPORTADO,NO REPORTADO,URBANO,NO DISPONIBLE,NO REGISTRADO,FONVIVIENDA,NO REPORTADO,Mujer,NO REPORTADO,NO REPORTADO,NO REPORTADO,13889640.0
SANEAMIENTO BÁSICO,NO REPORTADO,NO REPORTADO,URBANO,NO DISPONIBLE,NO REGISTRADO,FONVIVIENDA,NO REPORTADO,Mujer,NO REPORTADO,NO REPORTADO,NO REPORTADO,13916511.0
RURAL,NO REPORTADO,NO REPORTADO,RURAL,NO DISPONIBLE,NO REGISTRADO,FONVIVIENDA,NO REPORTADO,Mujer,NO REPORTADO,NO REPORTADO,"Negro(a), mulato(a), afrodescendiente, afrocolombiano(a)",25520000.0
RURAL,Menor a 1 SMMLV,NO REPORTADO,RURAL,NO DISPONIBLE,NO REGISTRADO,FONVIVIENDA,Básica primaria (1.o - 5.o),Mujer,Unión libre,Trabajador Independiente,"Negro(a), mulato(a), afrodescendiente, afrocolombiano(a)",25520000.0
RURAL,Menor a 1 SMMLV,NO REPORTADO,RURAL,NO DISPONIBLE,NO REGISTRADO,FONVIVIENDA,Básica primaria (1.o - 5.o),Hombre,Soltero(a),Trabajador Independiente,"Negro(a), mulato(a), afrodescendiente, afrocolombiano(a)",25520000.0
RURAL,NO REPORTADO,NO REPORTADO,RURAL,NO DISPONIBLE,NO REGISTRADO,FONVIVIENDA,NO REPORTADO,Hombre,NO REPORTADO,NO REPORTADO,"Negro(a), mulato(a), afrodescendiente, afrocolombiano(a)",25520000.0
SANEAMIENTO BÁSICO,Menor a 1 SMMLV,Localidad 1 - Historica y del Caribe Norte,RURAL,ADULTEZ (29-59),Pobreza Extrema,CORVIVIENDA,Básica primaria (1.o - 5.o),Hombre,Viudo(a),Sin actividad,Ninguno,10000000.0
SANEAMIENTO BÁSICO,No tiene,Localidad 1 - Historica y del Caribe Norte,RURAL,ADULTEZ (29-59),Ninguno,CORVIVIENDA,Básica primaria (1.o - 5.o),Hombre,Unión libre,Ama de Casa/Cuidador,Ninguno,10000000.0
SANEAMIENTO BÁSICO,Menor a 1 SMMLV,Localidad 2 - Virgen y Turistica,URBANO,ADULTEZ (29-59),Ninguno,CORVIVIENDA,Media (10.o - 13.o),Mujer,Unión libre,Ama de Casa/Cuidador,Ninguno,10000000.0
SANEAMIENTO BÁSICO,NO REPORTADO,NO REPORTADO,URBANO,NO DISPONIBLE,NO REGISTRADO,FONVIVIENDA,NO REPORTADO,Hombre,NO REPORTADO,NO REPORTADO,NO REPORTADO,13919973.0
SANEAMIENTO BÁSICO,NO REPORTADO,NO REPORTADO,URBANO,NO DISPONIBLE,NO REGISTRADO,FONVIVIENDA,NO REPORTADO,Mujer,NO REPORTADO,NO REPORTADO,NO REPORTADO,13843531.0
SANEAMIENTO BÁSICO,NO REPORTADO,NO REPORTADO,URBANO,NO DISPONIBLE,NO REGISTRADO,FONVIVIENDA,NO REPORTADO,Hombre,NO REPORTADO,NO REPORTADO,NO REPORTADO,13905552.0
SANEAMIENTO BÁSICO,NO REPORTADO,NO REPORTADO,URBANO,NO DISPONIBLE,Víctima Conflicto Armado,FONVIVIENDA,NO REPORTADO,Hombre,NO REPORTADO,NO REPORTADO,"Negro(a), mulato(a), afrodescendiente, afrocolombiano(a)",13477159.0
SANEAMIENTO BÁSICO,Menor a 1 SMMLV,Localidad 2 - Virgen y Turistica,RURAL,ADULTEZ (29-59),Ninguno,CORVIVIENDA,Universitario (1 - 6),Mujer,Soltero(a),Empleado,Ninguno,18200000.0
SANEAMIENTO BÁSICO,Menor a 1 SMMLV,Localidad 2 - Virgen y Turistica,RURAL,ADULTO MAYOR (60 o más),Ninguno,CORVIVIENDA,Básica secundaria (6.o - 9.o),Mujer,Unión libre,Ama de Casa/Cuidador,Ninguno,18200000.0
SANEAMIENTO BÁSICO,Menor a 1 SMMLV,Localidad 2 - Virgen y Turistica,RURAL,ADULTO MAYOR (60 o más),Ninguno,CORVIVIENDA,Básica primaria (1.o - 5.o),Hombre,Casado(a),Trabajador Independiente,"Negro(a), mulato(a), afrodescendiente, afrocolombiano(a)",18200000.0
SANEAMIENTO BÁSICO,Menor a 1 SMMLV,Localidad 2 - Virgen y Turistica,RURAL,ADULTO MAYOR (60 o más),Ninguno,CORVIVIENDA,Media (10.o - 13.o),Mujer,Casado(a),Ama de Casa/Cuidador,"Negro(a), mulato(a), afrodescendiente, afrocolombiano(a)",18200000.0
SANEAMIENTO BÁSICO,Menor a 1 SMMLV,Localidad 2 - Virgen y Turistica,RURAL,ADULTO MAYOR (60 o más),Ninguno,CORVIVIENDA,Básica primaria (1.o - 5.o),Hombre,Soltero(a),Trabajador Independiente,"Negro(a), mulato(a), afrodescendiente, afrocolombiano(a)",18200000.0
SANEAMIENTO BÁSICO,Menor a 1 SMMLV,Localidad 2 - Virgen y Turistica,RURAL,ADULTO MAYOR (60 o más),Damnificados,CORVIVIENDA,Básica secundaria (6.o - 9.o),Hombre,Unión libre,Desempleado,Ninguno,18200000.0
SANEAMIENTO BÁSICO,Menor a 1 SMMLV,Localidad 2 - Virgen y Turistica,RURAL,ADULTO MAYOR (60 o más),Ninguno,CORVIVIENDA,Media (10.o - 13.o),Hombre,Unión libre,Sin actividad,Ninguno,18200000.0
SANEAMIENTO BÁSICO,Menor a 1 SMMLV,Localidad 2 - Virgen y Turistica,RURAL,ADULTO MAYOR (60 o más),Ninguno,CORVIVIENDA,Ninguno,Mujer,Viudo(a),Sin actividad,"Negro(a), mulato(a), afrodescendiente, afrocolombiano(a)",18200000.0
SANEAMIENTO BÁSICO,Entre 1 y 2 SMMLV,Localidad 2 - Virgen y Turistica,RURAL,ADULTO MAYOR (60 o más),Ninguno,CORVIVIENDA,Básica primaria (1.o - 5.o),Mujer,Viudo(a),Sin actividad,"Negro(a), mulato(a), afrodescendiente, afrocolombiano(a)",18200000.0
SANEAMIENTO BÁSICO,Menor a 1 SMMLV,Localidad 2 - Virgen y Turistica,RURAL,NO DISPONIBLE,Ninguno,CORVIVIENDA,Básica secundaria (6.o - 9.o),Mujer,Soltero(a),Ama de Casa/Cuidador,"Negro(a), mulato(a), afrodescendiente, afrocolombiano(a)",18200000.0
SANEAMIENTO BÁSICO,Menor a 1 SMMLV,Localidad 2 - Virgen y Turistica,RURAL,ADULTEZ (29-59),Pobreza Extrema,CORVIVIENDA,Media (10.o - 13.o),Mujer,Soltero(a),Desempleado,Ninguno,18200000.0
SANEAMIENTO BÁSICO,Menor a 1 SMMLV,Localidad 2 - Virgen y Turistica,RURAL,JUVENTUD (18-28),Ninguno,CORVIVIENDA,Básica secundaria (6.o - 9.o),Mujer,Soltero(a),Sin actividad,"Negro(a), mulato(a), afrodescendiente, afrocolombiano(a)",18200000.0
SANEAMIENTO BÁSICO,Menor a 1 SMMLV,Localidad 2 - Virgen y Turistica,RURAL,JUVENTUD (18-28),Ninguno,CORVIVIENDA,Media (10.o - 13.o),Mujer,Soltero(a),Ama de Casa/Cuidador,"Negro(a), mulato(a), afrodescendiente, afrocolombiano(a)",18200000.0
SANEAMIENTO BÁSICO,Menor a 1 SMMLV,Localidad 2 - Virgen y Turistica,RURAL,ADULTEZ (29-59),Pobreza Extrema,CORVIVIENDA,Básica secundaria (6.o - 9.o),Mujer,Soltero(a),Trabajador Independiente,"Negro(a), mulato(a), afrodescendiente, afrocolombiano(a)",18200000.0
SANEAMIENTO BÁSICO,Menor a 1 SMMLV,Localidad 2 - Virgen y Turistica,RURAL,ADULTEZ (29-59),Víctima Conflicto Armado,CORVIVIENDA,Media (10.o - 13.o),Mujer,Unión libre,Ama de Casa/Cuidador,Ninguno,18200000.0
SANEAMIENTO BÁSICO,Menor a 1 SMMLV,Localidad 2 - Virgen y Turistica,RURAL,JUVENTUD (18-28),Ninguno,CORVIVIENDA,Técnico o tecnológico (1 - 4),Mujer,Soltero(a),Trabajador Independiente,Ninguno,18200000.0
SANEAMIENTO BÁSICO,Menor a 1 SMMLV,Localidad 2 - Virgen y Turistica,RURAL,ADULTEZ (29-59),Pobreza Extrema,CORVIVIENDA,Básica secundaria (6.o - 9.o),Mujer,Unión libre,Ama de Casa/Cuidador,Ninguno,18200000.0
SANEAMIENTO BÁSICO,Menor a 1 SMMLV,Localidad 2 - Virgen y Turistica,RURAL,ADULTO MAYOR (60 o más),Ninguno,CORVIVIENDA,Básica primaria (1.o - 5.o),Mujer,Unión libre,Ama de Casa/Cuidador,"Negro(a), mulato(a), afrodescendiente, afrocolombiano(a)",18200000.0
SANEAMIENTO BÁSICO,Menor a 1 SMMLV,Localidad 2 - Virgen y Turistica,RURAL,ADULTO MAYOR (60 o más),Ninguno,CORVIVIENDA,Ninguno,Mujer,Soltero(a),Ama de Casa/Cuidador,Ninguno,18200000.0
SANEAMIENTO BÁSICO,Entre 1 y 2 SMMLV,Localidad 2 - Virgen y Turistica,RURAL,ADULTO MAYOR (60 o más),Pobreza Extrema,CORVIVIENDA,Básica primaria (1.o - 5.o),Mujer,Separado(a) o divorciado(a),Ama de Casa/Cuidador,Ninguno,18200000.0
SANEAMIENTO BÁSICO,Menor a 1 SMMLV,Localidad 2 - Virgen y Turistica,RURAL,ADULTO MAYOR (60 o más),Pobreza Extrema,CORVIVIENDA,Básica secundaria (6.o - 9.o),Hombre,Unión libre,Trabajador Independiente,Ninguno,18200000.0
SANEAMIENTO BÁSICO,Menor a 1 SMMLV,Localidad 2 - Virgen y Turistica,RURAL,ADULTEZ (29-59),Ninguno,CORVIVIENDA,Media (10.o - 13.o),Hombre,Casado(a),Trabajador Independiente,Ninguno,18200000.0
SANEAMIENTO BÁSICO,Menor a 1 SMMLV,Localidad 2 - Virgen y Turistica,RURAL,ADULTO MAYOR (60 o más),Ninguno,CORVIVIENDA,Básica primaria (1.o - 5.o),Hombre,Soltero(a),Trabajador Independiente,Ninguno,18200000.0
SANEAMIENTO BÁSICO,Menor a 1 SMMLV,Localidad 2 - Virgen y Turistica,RURAL,ADULTEZ (29-59),Ninguno,CORVIVIENDA,Media (10.o - 13.o),Mujer,Soltero(a),Empleado,Ninguno,18200000.0
SANEAMIENTO BÁSICO,Menor a 1 SMMLV,Localidad 2 - Virgen y Turistica,RURAL,ADULTEZ (29-59),Pobreza Extrema,CORVIVIENDA,Técnico o tecnológico (1 - 4),Mujer,Casado(a),Trabajador Independiente,Ninguno,18200000.0
SANEAMIENTO BÁSICO,Entre 1 y 2 SMMLV,Localidad 2 - Virgen y Turistica,RURAL,ADULTEZ (29-59),Ninguno,CORVIVIENDA,Técnico o tecnológico (1 - 4),Mujer,Unión libre,Ama de Casa/Cuidador,"Negro(a), mulato(a), afrodescendiente, afrocolombiano(a)",18200000.0
SANEAMIENTO BÁSICO,Menor a 1 SMMLV,Localidad 2 - Virgen y Turistica,RURAL,ADULTEZ (29-59),Ninguno,CORVIVIENDA,Media (10.o - 13.o),Mujer,Unión libre,Empleado,"Negro(a), mulato(a), afrodescendiente, afrocolombiano(a)",18200000.0
SANEAMIENTO BÁSICO,Menor a 1 SMMLV,Localidad 2 - Virgen y Turistica,RURAL,ADULTEZ (29-59),Ninguno,CORVIVIENDA,Básica primaria (1.o - 5.o),Mujer,Unión libre,Ama de Casa/Cuidador,"Negro(a), mulato(a), afrodescendiente, afrocolombiano(a)",18200000.0
SANEAMIENTO BÁSICO,NO REPORTADO,NO REPORTADO,RURAL,NO DISPONIBLE,NO REGISTRADO,CORVIVIENDA,NO REPORTADO,Mujer,NO REPORTADO,NO REPORTADO,NO REPORTADO,10000000.0
SANEAMIENTO BÁSICO,NO REPORTADO,NO REPORTADO,RURAL,NO DISPONIBLE,NO REGISTRADO,CORVIVIENDA,NO REPORTADO,Hombre,NO REPORTADO,NO REPORTADO,NO REPORTADO,10000000.0
SANEAMIENTO BÁSICO,NO REPORTADO,NO REPORTADO,RURAL,NO DISPONIBLE,NO REGISTRADO,CORVIVIENDA,NO REPORTADO,Hombre,NO REPORTADO,NO REPORTADO,NO REPORTADO,10000000.0
SANEAMIENTO BÁSICO,NO REPORTADO,NO REPORTADO,RURAL,NO DISPONIBLE,NO REGISTRADO,CORVIVIENDA,NO REPORTADO,Mujer,NO REPORTADO,NO REPORTADO,NO REPORTADO,10000000.0
SANEAMIENTO BÁSICO,NO REPORTADO,NO REPORTADO,URBANO,NO DISPONIBLE,NO REGISTRADO,FONVIVIENDA,NO REPORTADO,Hombre,NO REPORTADO,NO REPORTADO,NO REPORTADO,15528991.0
SANEAMIENTO BÁSICO,NO REPORTADO,NO REPORTADO,URBANO,NO DISPONIBLE,NO REGISTRADO,FONVIVIENDA,NO REPORTADO,Hombre,NO REPORTADO,NO REPORTADO,NO REPORTADO,15404224.0
SANEAMIENTO BÁSICO,NO REPORTADO,NO REPORTADO,URBANO,NO DISPONIBLE,NO REGISTRADO,FONVIVIENDA,NO REPORTADO,Mujer,NO REPORTADO,NO REPORTADO,NO REPORTADO,15578435.0
SANEAMIENTO BÁSICO,NO REPORTADO,NO REPORTADO,URBANO,NO DISPONIBLE,NO REGISTRADO,FONVIVIENDA,NO REPORTADO,Mujer,NO REPORTADO,NO REPORTADO,NO REPORTADO,15585418.0
SANEAMIENTO BÁSICO,NO REPORTADO,NO REPORTADO,URBANO,NO DISPONIBLE,NO REGISTRADO,FONVIVIENDA,NO REPORTADO,Mujer,NO REPORTADO,NO REPORTADO,NO REPORTADO,15508879.0
SANEAMIENTO BÁSICO,NO REPORTADO,NO REPORTADO,URBANO,NO DISPONIBLE,NO REGISTRADO,FONVIVIENDA,NO REPORTADO,Mujer,NO REPORTADO,NO REPORTADO,NO REPORTADO,15400225.0
SANEAMIENTO BÁSICO,NO REPORTADO,NO REPORTADO,URBANO,NO DISPONIBLE,NO REGISTRADO,FONVIVIENDA,NO REPORTADO,Mujer,NO REPORTADO,NO REPORTADO,NO REPORTADO,15589833.0
SANEAMIENTO BÁSICO,NO REPORTADO,NO REPORTADO,URBANO,NO DISPONIBLE,NO REGISTRADO,FONVIVIENDA,NO REPORTADO,Mujer,NO REPORTADO,NO REPORTADO,NO REPORTADO,15599846.0
SANEAMIENTO BÁSICO,NO REPORTADO,NO REPORTADO,URBANO,NO DISPONIBLE,NO REGISTRADO,FONVIVIENDA,NO REPORTADO,Hombre,NO REPORTADO,NO REPORTADO,NO REPORTADO,15596360.0
SANEAMIENTO BÁSICO,NO REPORTADO,NO REPORTADO,URBANO,NO DISPONIBLE,NO REGISTRADO,FONVIVIENDA,NO REPORTADO,Hombre,NO REPORTADO,NO REPORTADO,NO REPORTADO,15438818.0
SANEAMIENTO BÁSICO,NO REPORTADO,NO REPORTADO,URBANO,NO DISPONIBLE,NO REGISTRADO,FONVIVIENDA,NO REPORTADO,Hombre,NO REPORTADO,NO REPORTADO,NO REPORTADO,15573672.0
SANEAMIENTO BÁSICO,NO REPORTADO,NO REPORTADO,URBANO,NO DISPONIBLE,NO REGISTRADO,FONVIVIENDA,NO REPORTADO,Mujer,NO REPORTADO,NO REPORTADO,NO REPORTADO,15304671.0
SANEAMIENTO BÁSICO,NO REPORTADO,NO REPORTADO,URBANO,NO DISPONIBLE,NO REGISTRADO,FONVIVIENDA,NO REPORTADO,Mujer,NO REPORTADO,NO REPORTADO,NO REPORTADO,15583474.0
SANEAMIENTO BÁSICO,NO REPORTADO,NO REPORTADO,URBANO,NO DISPONIBLE,NO REGISTRADO,FONVIVIENDA,NO REPORTADO,Mujer,NO REPORTADO,NO REPORTADO,NO REPORTADO,15408005.0
SANEAMIENTO BÁSICO,NO REPORTADO,NO REPORTADO,URBANO,NO DISPONIBLE,NO REGISTRADO,FONVIVIENDA,NO REPORTADO,Mujer,NO REPORTADO,NO REPORTADO,NO REPORTADO,15474715.0
SANEAMIENTO BÁSICO,NO REPORTADO,NO REPORTADO,URBANO,NO DISPONIBLE,NO REGISTRADO,FONVIVIENDA,NO REPORTADO,Hombre,NO REPORTADO,NO REPORTADO,NO REPORTADO,15501194.0
SANEAMIENTO BÁSICO,NO REPORTADO,NO REPORTADO,URBANO,NO DISPONIBLE,NO REGISTRADO,FONVIVIENDA,NO REPORTADO,Mujer,NO REPORTADO,NO REPORTADO,NO REPORTADO,15521929.0
SANEAMIENTO BÁSICO,NO REPORTADO,NO REPORTADO,URBANO,NO DISPONIBLE,NO REGISTRADO,FONVIVIENDA,NO REPORTADO,Mujer,NO REPORTADO,NO REPORTADO,NO REPORTADO,15504690.0
SANEAMIENTO BÁSICO,NO REPORTADO,NO REPORTADO,URBANO,NO DISPONIBLE,NO REGISTRADO,FONVIVIENDA,NO REPORTADO,Hombre,NO REPORTADO,NO REPORTADO,NO REPORTADO,15543656.0
SANEAMIENTO BÁSICO,NO REPORTADO,NO REPORTADO,URBANO,NO DISPONIBLE,NO REGISTRADO,FONVIVIENDA,NO REPORTADO,Mujer,NO REPORTADO,NO REPORTADO,NO REPORTADO,15457194.0
SANEAMIENTO BÁSICO,NO REPORTADO,NO REPORTADO,URBANO,NO DISPONIBLE,NO REGISTRADO,FONVIVIENDA,NO REPORTADO,Mujer,NO REPORTADO,NO REPORTADO,NO REPORTADO,15331658.0
SANEAMIENTO BÁSICO,NO REPORTADO,NO REPORTADO,URBANO,NO DISPONIBLE,NO REGISTRADO,FONVIVIENDA,NO REPORTADO,Mujer,NO REPORTADO,NO REPORTADO,NO REPORTADO,15514707.0
SANEAMIENTO BÁSICO,NO REPORTADO,NO REPORTADO,URBANO,NO DISPONIBLE,NO REGISTRADO,FONVIVIENDA,NO REPORTADO,Hombre,NO REPORTADO,NO REPORTADO,NO REPORTADO,15556701.0
SANEAMIENTO BÁSICO,NO REPORTADO,NO REPORTADO,URBANO,NO DISPONIBLE,NO REGISTRADO,FONVIVIENDA,NO REPORTADO,Mujer,NO REPORTADO,NO REPORTADO,NO REPORTADO,15482893.0
SANEAMIENTO BÁSICO,NO REPORTADO,NO REPORTADO,URBANO,NO DISPONIBLE,NO REGISTRADO,FONVIVIENDA,NO REPORTADO,Mujer,NO REPORTADO,NO REPORTADO,NO REPORTADO,15265231.0
SANEAMIENTO BÁSICO,NO REPORTADO,NO REPORTADO,URBANO,NO DISPONIBLE,NO REGISTRADO,FONVIVIENDA,NO REPORTADO,Mujer,NO REPORTADO,NO REPORTADO,NO REPORTADO,15546664.0
SANEAMIENTO BÁSICO,NO REPORTADO,NO REPORTADO,URBANO,NO DISPONIBLE,NO REGISTRADO,FONVIVIENDA,NO REPORTADO,Mujer,NO REPORTADO,NO REPORTADO,NO REPORTADO,15479949.0
SANEAMIENTO BÁSICO,NO REPORTADO,NO REPORTADO,URBANO,NO DISPONIBLE,NO REGISTRADO,FONVIVIENDA,NO REPORTADO,Mujer,NO REPORTADO,NO REPORTADO,NO REPORTADO,15598782.0
SANEAMIENTO BÁSICO,NO REPORTADO,NO REPORTADO,URBANO,NO DISPONIBLE,NO REGISTRADO,FONVIVIENDA,NO REPORTADO,Mujer,NO REPORTADO,NO REPORTADO,NO REPORTADO,15543502.0
SANEAMIENTO BÁSICO,NO REPORTADO,NO REPORTADO,URBANO,NO DISPONIBLE,NO REGISTRADO,FONVIVIENDA,NO REPORTADO,Mujer,NO REPORTADO,NO REPORTADO,NO REPORTADO,15456360.0
SANEAMIENTO BÁSICO,NO REPORTADO,NO REPORTADO,URBANO,NO DISPONIBLE,NO REGISTRADO,FONVIVIENDA,NO REPORTADO,Mujer,NO REPORTADO,NO REPORTADO,NO REPORTADO,15566968.0
SANEAMIENTO BÁSICO,NO REPORTADO,NO REPORTADO,URBANO,NO DISPONIBLE,NO REGISTRADO,FONVIVIENDA,NO REPORTADO,Mujer,NO REPORTADO,NO REPORTADO,NO REPORTADO,15509511.0
SANEAMIENTO BÁSICO,NO REPORTADO,NO REPORTADO,URBANO,NO DISPONIBLE,NO REGISTRADO,FONVIVIENDA,NO REPORTADO,Mujer,NO REPORTADO,NO REPORTADO,NO REPORTADO,15271328.0
SANEAMIENTO BÁSICO,NO REPORTADO,NO REPORTADO,URBANO,NO DISPONIBLE,NO REGISTRADO,FONVIVIENDA,NO REPORTADO,Mujer,NO REPORTADO,NO REPORTADO,NO REPORTADO,15527220.0
SANEAMIENTO BÁSICO,NO REPORTADO,NO REPORTADO,URBANO,NO DISPONIBLE,NO REGISTRADO,FONVIVIENDA,NO REPORTADO,Mujer,NO REPORTADO,NO REPORTADO,NO REPORTADO,15460160.0
SANEAMIENTO BÁSICO,NO REPORTADO,NO REPORTADO,URBANO,NO DISPONIBLE,NO REGISTRADO,FONVIVIENDA,NO REPORTADO,Mujer,NO REPORTADO,NO REPORTADO,NO REPORTADO,15584046.0
SANEAMIENTO BÁSICO,NO REPORTADO,NO REPORTADO,URBANO,NO DISPONIBLE,NO REGISTRADO,FONVIVIENDA,NO REPORTADO,Hombre,NO REPORTADO,NO REPORTADO,NO REPORTADO,15533638.0
SANEAMIENTO BÁSICO,NO REPORTADO,NO REPORTADO,URBANO,NO DISPONIBLE,NO REGISTRADO,FONVIVIENDA,NO REPORTADO,Mujer,NO REPORTADO,NO REPORTADO,NO REPORTADO,15527806.0
SANEAMIENTO BÁSICO,NO REPORTADO,NO REPORTADO,URBANO,NO DISPONIBLE,NO REGISTRADO,FONVIVIENDA,NO REPORTADO,Mujer,NO REPORTADO,NO REPORTADO,NO REPORTADO,15424630.0
SANEAMIENTO BÁSICO,NO REPORTADO,NO REPORTADO,URBANO,NO DISPONIBLE,NO REGISTRADO,FONVIVIENDA,NO REPORTADO,Mujer,NO REPORTADO,NO REPORTADO,NO REPORTADO,15224546.0
SANEAMIENTO BÁSICO,NO REPORTADO,NO REPORTADO,URBANO,NO DISPONIBLE,NO REGISTRADO,FONVIVIENDA,NO REPORTADO,Mujer,NO REPORTADO,NO REPORTADO,NO REPORTADO,15380662.0
SANEAMIENTO BÁSICO,NO REPORTADO,NO REPORTADO,URBANO,NO DISPONIBLE,NO REGISTRADO,FONVIVIENDA,NO REPORTADO,Mujer,NO REPORTADO,NO REPORTADO,NO REPORTADO,15538982.0
SANEAMIENTO BÁSICO,NO REPORTADO,NO REPORTADO,URBANO,NO DISPONIBLE,NO REGISTRADO,FONVIVIENDA,NO REPORTADO,Mujer,NO REPORTADO,NO REPORTADO,NO REPORTADO,15576648.0
SANEAMIENTO BÁSICO,NO REPORTADO,NO REPORTADO,URBANO,NO DISPONIBLE,NO REGISTRADO,FONVIVIENDA,NO REPORTADO,Mujer,NO REPORTADO,NO REPORTADO,NO REPORTADO,15374711.0
SANEAMIENTO BÁSICO,NO REPORTADO,NO REPORTADO,URBANO,NO DISPONIBLE,NO REGISTRADO,FONVIVIENDA,NO REPORTADO,Hombre,NO REPORTADO,NO REPORTADO,NO REPORTADO,15570955.0
SANEAMIENTO BÁSICO,NO REPORTADO,NO REPORTADO,URBANO,NO DISPONIBLE,NO REGISTRADO,FONVIVIENDA,NO REPORTADO,Hombre,NO REPORTADO,NO REPORTADO,NO REPORTADO,15593243.0
SANEAMIENTO BÁSICO,NO REPORTADO,NO REPORTADO,URBANO,NO DISPONIBLE,NO REGISTRADO,FONVIVIENDA,NO REPORTADO,Mujer,NO REPORTADO,NO REPORTADO,NO REPORTADO,15460969.0
SANEAMIENTO BÁSICO,NO REPORTADO,NO REPORTADO,URBANO,NO DISPONIBLE,NO REGISTRADO,FONVIVIENDA,NO REPORTADO,Hombre,NO REPORTADO,NO REPORTADO,NO REPORTADO,15509081.0
SANEAMIENTO BÁSICO,NO REPORTADO,NO REPORTADO,URBANO,NO DISPONIBLE,NO REGISTRADO,FONVIVIENDA,NO REPORTADO,Hombre,NO REPORTADO,NO REPORTADO,NO REPORTADO,15578213.0
SANEAMIENTO BÁSICO,NO REPORTADO,NO REPORTADO,URBANO,NO DISPONIBLE,NO REGISTRADO,FONVIVIENDA,NO REPORTADO,Mujer,NO REPORTADO,NO REPORTADO,NO REPORTADO,15474657.0
SANEAMIENTO BÁSICO,NO REPORTADO,NO REPORTADO,URBANO,NO DISPONIBLE,NO REGISTRADO,FONVIVIENDA,NO REPORTADO,Mujer,NO REPORTADO,NO REPORTADO,NO REPORTADO,15544990.0
SANEAMIENTO BÁSICO,NO REPORTADO,NO REPORTADO,URBANO,NO DISPONIBLE,NO REGISTRADO,FONVIVIENDA,NO REPORTADO,Mujer,NO REPORTADO,NO REPORTADO,NO REPORTADO,15439665.0
SANEAMIENTO BÁSICO,NO REPORTADO,NO REPORTADO,URBANO,NO DISPONIBLE,NO REGISTRADO,FONVIVIENDA,NO REPORTADO,Mujer,NO REPORTADO,NO REPORTADO,NO REPORTADO,15585881.0
SANEAMIENTO BÁSICO,NO REPORTADO,NO REPORTADO,URBANO,NO DISPONIBLE,NO REGISTRADO,FONVIVIENDA,NO REPORTADO,Hombre,NO REPORTADO,NO REPORTADO,NO REPORTADO,15575803.0
SANEAMIENTO BÁSICO,NO REPORTADO,NO REPORTADO,URBANO,NO DISPONIBLE,NO REGISTRADO,FONVIVIENDA,NO REPORTADO,Mujer,NO REPORTADO,NO REPORTADO,NO REPORTADO,15591938.0
SANEAMIENTO BÁSICO,NO REPORTADO,NO REPORTADO,URBANO,NO DISPONIBLE,NO REGISTRADO,FONVIVIENDA,NO REPORTADO,Mujer,NO REPORTADO,NO REPORTADO,NO REPORTADO,15336966.0
SANEAMIENTO BÁSICO,NO REPORTADO,NO REPORTADO,URBANO,NO DISPONIBLE,NO REGISTRADO,FONVIVIENDA,NO REPORTADO,Hombre,NO REPORTADO,NO REPORTADO,NO REPORTADO,15542748.0
SANEAMIENTO BÁSICO,NO REPORTADO,NO REPORTADO,URBANO,NO DISPONIBLE,NO REGISTRADO,FONVIVIENDA,NO REPORTADO,Mujer,NO REPORTADO,NO REPORTADO,NO REPORTADO,15587019.0
SANEAMIENTO BÁSICO,NO REPORTADO,NO REPORTADO,URBANO,NO DISPONIBLE,NO REGISTRADO,FONVIVIENDA,NO REPORTADO,Hombre,NO REPORTADO,NO REPORTADO,NO REPORTADO,13819427.0
SANEAMIENTO BÁSICO,NO REPORTADO,NO REPORTADO,URBANO,NO DISPONIBLE,NO REGISTRADO,FONVIVIENDA,NO REPORTADO,Hombre,NO REPORTADO,NO REPORTADO,NO REPORTADO,15554035.0
SANEAMIENTO BÁSICO,NO REPORTADO,NO REPORTADO,URBANO,NO DISPONIBLE,NO REGISTRADO,FONVIVIENDA,NO REPORTADO,Mujer,NO REPORTADO,NO REPORTADO,NO REPORTADO,15429477.0
SANEAMIENTO BÁSICO,NO REPORTADO,NO REPORTADO,URBANO,NO DISPONIBLE,NO REGISTRADO,FONVIVIENDA,NO REPORTADO,Mujer,NO REPORTADO,NO REPORTADO,NO REPORTADO,15599681.0
SANEAMIENTO BÁSICO,NO REPORTADO,NO REPORTADO,URBANO,NO DISPONIBLE,NO REGISTRADO,FONVIVIENDA,NO REPORTADO,Mujer,NO REPORTADO,NO REPORTADO,NO REPORTADO,14565352.0
SANEAMIENTO BÁSICO,NO REPORTADO,NO REPORTADO,URBANO,NO DISPONIBLE,NO REGISTRADO,FONVIVIENDA,NO REPORTADO,Mujer,NO REPORTADO,NO REPORTADO,NO REPORTADO,15522082.0
SANEAMIENTO BÁSICO,NO REPORTADO,NO REPORTADO,URBANO,NO DISPONIBLE,NO REGISTRADO,FONVIVIENDA,NO REPORTADO,Mujer,NO REPORTADO,NO REPORTADO,NO REPORTADO,15541012.0
SANEAMIENTO BÁSICO,NO REPORTADO,NO REPORTADO,URBANO,NO DISPONIBLE,NO REGISTRADO,FONVIVIENDA,NO REPORTADO,Mujer,NO REPORTADO,NO REPORTADO,NO REPORTADO,15494682.0
SANEAMIENTO BÁSICO,NO REPORTADO,NO REPORTADO,URBANO,NO DISPONIBLE,NO REGISTRADO,FONVIVIENDA,NO REPORTADO,Mujer,NO REPORTADO,NO REPORTADO,NO REPORTADO,15543711.0
SANEAMIENTO BÁSICO,NO REPORTADO,NO REPORTADO,URBANO,NO DISPONIBLE,NO REGISTRADO,FONVIVIENDA,NO REPORTADO,Mujer,NO REPORTADO,NO REPORTADO,NO REPORTADO,13868299.0
SANEAMIENTO BÁSICO,NO REPORTADO,NO REPORTADO,URBANO,NO DISPONIBLE,NO REGISTRADO,FONVIVIENDA,NO REPORTADO,Mujer,NO REPORTADO,NO REPORTADO,NO REPORTADO,15468089.0
SANEAMIENTO BÁSICO,NO REPORTADO,NO REPORTADO,URBANO,NO DISPONIBLE,NO REGISTRADO,FONVIVIENDA,NO REPORTADO,Mujer,NO REPORTADO,NO REPORTADO,NO REPORTADO,15590076.0
SANEAMIENTO BÁSICO,NO REPORTADO,NO REPORTADO,URBANO,NO DISPONIBLE,NO REGISTRADO,FONVIVIENDA,NO REPORTADO,Hombre,NO REPORTADO,NO REPORTADO,NO REPORTADO,15316348.0
SANEAMIENTO BÁSICO,NO REPORTADO,NO REPORTADO,URBANO,NO DISPONIBLE,NO REGISTRADO,FONVIVIENDA,NO REPORTADO,Mujer,NO REPORTADO,NO REPORTADO,NO REPORTADO,15543310.0
SANEAMIENTO BÁSICO,NO REPORTADO,NO REPORTADO,URBANO,NO DISPONIBLE,NO REGISTRADO,FONVIVIENDA,NO REPORTADO,Mujer,NO REPORTADO,NO REPORTADO,NO REPORTADO,15548330.0
SANEAMIENTO BÁSICO,NO REPORTADO,NO REPORTADO,URBANO,NO DISPONIBLE,NO REGISTRADO,FONVIVIENDA,NO REPORTADO,Mujer,NO REPORTADO,NO REPORTADO,NO REPORTADO,13821540.0
SANEAMIENTO BÁSICO,NO REPORTADO,NO REPORTADO,URBANO,NO DISPONIBLE,NO REGISTRADO,FONVIVIENDA,NO REPORTADO,Mujer,NO REPORTADO,NO REPORTADO,NO REPORTADO,15415169.0
SANEAMIENTO BÁSICO,NO REPORTADO,NO REPORTADO,URBANO,NO DISPONIBLE,NO REGISTRADO,FONVIVIENDA,NO REPORTADO,Mujer,NO REPORTADO,NO REPORTADO,NO REPORTADO,15369274.0
SANEAMIENTO BÁSICO,NO REPORTADO,NO REPORTADO,URBANO,NO DISPONIBLE,NO REGISTRADO,FONVIVIENDA,NO REPORTADO,Hombre,NO REPORTADO,NO REPORTADO,NO REPORTADO,15510399.0
SANEAMIENTO BÁSICO,NO REPORTADO,NO REPORTADO,URBANO,NO DISPONIBLE,NO REGISTRADO,FONVIVIENDA,NO REPORTADO,Hombre,NO REPORTADO,NO REPORTADO,NO REPORTADO,15418987.0
SANEAMIENTO BÁSICO,NO REPORTADO,NO REPORTADO,URBANO,NO DISPONIBLE,NO REGISTRADO,FONVIVIENDA,NO REPORTADO,Hombre,NO REPORTADO,NO REPORTADO,NO REPORTADO,15597673.0
SANEAMIENTO BÁSICO,NO REPORTADO,NO REPORTADO,URBANO,NO DISPONIBLE,NO REGISTRADO,FONVIVIENDA,NO REPORTADO,Mujer,NO REPORTADO,NO REPORTADO,NO REPORTADO,15433652.0
SANEAMIENTO BÁSICO,NO REPORTADO,NO REPORTADO,URBANO,NO DISPONIBLE,NO REGISTRADO,FONVIVIENDA,NO REPORTADO,Mujer,NO REPORTADO,NO REPORTADO,NO REPORTADO,15513657.0
SANEAMIENTO BÁSICO,NO REPORTADO,NO REPORTADO,URBANO,NO DISPONIBLE,NO REGISTRADO,FONVIVIENDA,NO REPORTADO,Mujer,NO REPORTADO,NO REPORTADO,NO REPORTADO,15479608.0
SANEAMIENTO BÁSICO,NO REPORTADO,NO REPORTADO,URBANO,NO DISPONIBLE,NO REGISTRADO,FONVIVIENDA,NO REPORTADO,Mujer,NO REPORTADO,NO REPORTADO,NO REPORTADO,15460569.0
SANEAMIENTO BÁSICO,NO REPORTADO,NO REPORTADO,URBANO,NO DISPONIBLE,NO REGISTRADO,FONVIVIENDA,NO REPORTADO,Mujer,NO REPORTADO,NO REPORTADO,NO REPORTADO,13739378.0
SANEAMIENTO BÁSICO,NO REPORTADO,NO REPORTADO,URBANO,NO DISPONIBLE,NO REGISTRADO,FONVIVIENDA,NO REPORTADO,Mujer,NO REPORTADO,NO REPORTADO,NO REPORTADO,13289300.0
SANEAMIENTO BÁSICO,NO REPORTADO,NO REPORTADO,URBANO,NO DISPONIBLE,NO REGISTRADO,FONVIVIENDA,NO REPORTADO,Mujer,NO REPORTADO,NO REPORTADO,NO REPORTADO,13329347.0
SANEAMIENTO BÁSICO,NO REPORTADO,NO REPORTADO,URBANO,NO DISPONIBLE,NO REGISTRADO,FONVIVIENDA,NO REPORTADO,Mujer,NO REPORTADO,NO REPORTADO,NO REPORTADO,13754440.0
SANEAMIENTO BÁSICO,NO REPORTADO,NO REPORTADO,URBANO,NO DISPONIBLE,NO REGISTRADO,FONVIVIENDA,NO REPORTADO,Mujer,NO REPORTADO,NO REPORTADO,NO REPORTADO,13859839.0
SANEAMIENTO BÁSICO,NO REPORTADO,NO REPORTADO,URBANO,NO DISPONIBLE,NO REGISTRADO,FONVIVIENDA,NO REPORTADO,Mujer,NO REPORTADO,NO REPORTADO,NO REPORTADO,12561538.0
SANEAMIENTO BÁSICO,NO REPORTADO,NO REPORTADO,URBANO,NO DISPONIBLE,NO REGISTRADO,FONVIVIENDA,NO REPORTADO,Mujer,NO REPORTADO,NO REPORTADO,NO REPORTADO,13858601.0
SANEAMIENTO BÁSICO,NO REPORTADO,NO REPORTADO,URBANO,NO DISPONIBLE,NO REGISTRADO,FONVIVIENDA,NO REPORTADO,Mujer,NO REPORTADO,NO REPORTADO,NO REPORTADO,13868365.0
SANEAMIENTO BÁSICO,NO REPORTADO,NO REPORTADO,URBANO,NO DISPONIBLE,NO REGISTRADO,FONVIVIENDA,NO REPORTADO,Mujer,NO REPORTADO,NO REPORTADO,NO REPORTADO,15585572.0
SANEAMIENTO BÁSICO,NO REPORTADO,NO REPORTADO,URBANO,NO DISPONIBLE,NO REGISTRADO,FONVIVIENDA,NO REPORTADO,Mujer,NO REPORTADO,NO REPORTADO,NO REPORTADO,15461774.0
SANEAMIENTO BÁSICO,NO REPORTADO,NO REPORTADO,URBANO,NO DISPONIBLE,NO REGISTRADO,FONVIVIENDA,NO REPORTADO,Hombre,NO REPORTADO,NO REPORTADO,NO REPORTADO,15559152.0
SANEAMIENTO BÁSICO,NO REPORTADO,NO REPORTADO,URBANO,NO DISPONIBLE,NO REGISTRADO,FONVIVIENDA,NO REPORTADO,Mujer,NO REPORTADO,NO REPORTADO,NO REPORTADO,15570923.0
SANEAMIENTO BÁSICO,NO REPORTADO,NO REPORTADO,URBANO,NO DISPONIBLE,NO REGISTRADO,FONVIVIENDA,NO REPORTADO,Hombre,NO REPORTADO,NO REPORTADO,NO REPORTADO,15491122.0
SANEAMIENTO BÁSICO,NO REPORTADO,NO REPORTADO,URBANO,NO DISPONIBLE,NO REGISTRADO,FONVIVIENDA,NO REPORTADO,Mujer,NO REPORTADO,NO REPORTADO,NO REPORTADO,15582090.0
SANEAMIENTO BÁSICO,NO REPORTADO,NO REPORTADO,URBANO,NO DISPONIBLE,NO REGISTRADO,FONVIVIENDA,NO REPORTADO,Mujer,NO REPORTADO,NO REPORTADO,NO REPORTADO,15531085.0
SANEAMIENTO BÁSICO,NO REPORTADO,NO REPORTADO,URBANO,NO DISPONIBLE,NO REGISTRADO,FONVIVIENDA,NO REPORTADO,Mujer,NO REPORTADO,NO REPORTADO,NO REPORTADO,15342366.0
SANEAMIENTO BÁSICO,NO REPORTADO,NO REPORTADO,URBANO,NO DISPONIBLE,NO REGISTRADO,FONVIVIENDA,NO REPORTADO,Hombre,NO REPORTADO,NO REPORTADO,NO REPORTADO,15464595.0
SANEAMIENTO BÁSICO,NO REPORTADO,NO REPORTADO,URBANO,NO DISPONIBLE,NO REGISTRADO,FONVIVIENDA,NO REPORTADO,Hombre,NO REPORTADO,NO REPORTADO,NO REPORTADO,15499551.0
SANEAMIENTO BÁSICO,NO REPORTADO,NO REPORTADO,URBANO,NO DISPONIBLE,NO REGISTRADO,FONVIVIENDA,NO REPORTADO,Mujer,NO REPORTADO,NO REPORTADO,NO REPORTADO,15548978.0
SANEAMIENTO BÁSICO,NO REPORTADO,NO REPORTADO,URBANO,NO DISPONIBLE,NO REGISTRADO,FONVIVIENDA,NO REPORTADO,Hombre,NO REPORTADO,NO REPORTADO,NO REPORTADO,13798578.0
SANEAMIENTO BÁSICO,NO REPORTADO,NO REPORTADO,URBANO,NO DISPONIBLE,NO REGISTRADO,FONVIVIENDA,NO REPORTADO,Mujer,NO REPORTADO,NO REPORTADO,NO REPORTADO,15485800.0
SANEAMIENTO BÁSICO,NO REPORTADO,NO REPORTADO,URBANO,NO DISPONIBLE,NO REGISTRADO,FONVIVIENDA,NO REPORTADO,Mujer,NO REPORTADO,NO REPORTADO,NO REPORTADO,15464422.0
SANEAMIENTO BÁSICO,NO REPORTADO,NO REPORTADO,URBANO,NO DISPONIBLE,NO REGISTRADO,FONVIVIENDA,NO REPORTADO,Mujer,NO REPORTADO,NO REPORTADO,NO REPORTADO,15596147.0
SANEAMIENTO BÁSICO,NO REPORTADO,NO REPORTADO,URBANO,NO DISPONIBLE,NO REGISTRADO,FONVIVIENDA,NO REPORTADO,Mujer,NO REPORTADO,NO REPORTADO,NO REPORTADO,15496646.0
SANEAMIENTO BÁSICO,NO REPORTADO,NO REPORTADO,URBANO,NO DISPONIBLE,NO REGISTRADO,FONVIVIENDA,NO REPORTADO,Mujer,NO REPORTADO,NO REPORTADO,NO REPORTADO,15571472.0
SANEAMIENTO BÁSICO,NO REPORTADO,NO REPORTADO,URBANO,NO DISPONIBLE,NO REGISTRADO,FONVIVIENDA,NO REPORTADO,Hombre,NO REPORTADO,NO REPORTADO,NO REPORTADO,15500057.0
SANEAMIENTO BÁSICO,NO REPORTADO,NO REPORTADO,URBANO,NO DISPONIBLE,NO REGISTRADO,FONVIVIENDA,NO REPORTADO,Mujer,NO REPORTADO,NO REPORTADO,NO REPORTADO,15459602.0
SANEAMIENTO BÁSICO,NO REPORTADO,NO REPORTADO,URBANO,NO DISPONIBLE,NO REGISTRADO,FONVIVIENDA,NO REPORTADO,Hombre,NO REPORTADO,NO REPORTADO,NO REPORTADO,10085591.0
SANEAMIENTO BÁSICO,NO REPORTADO,NO REPORTADO,URBANO,NO DISPONIBLE,NO REGISTRADO,FONVIVIENDA,NO REPORTADO,Mujer,NO REPORTADO,NO REPORTADO,NO REPORTADO,11751264.0
SANEAMIENTO BÁSICO,NO REPORTADO,NO REPORTADO,URBANO,NO DISPONIBLE,NO REGISTRADO,FONVIVIENDA,NO REPORTADO,Mujer,NO REPORTADO,NO REPORTADO,NO REPORTADO,13856654.0
SANEAMIENTO BÁSICO,NO REPORTADO,NO REPORTADO,URBANO,NO DISPONIBLE,NO REGISTRADO,FONVIVIENDA,NO REPORTADO,Mujer,NO REPORTADO,NO REPORTADO,NO REPORTADO,15596336.0
SANEAMIENTO BÁSICO,NO REPORTADO,NO REPORTADO,URBANO,NO DISPONIBLE,NO REGISTRADO,FONVIVIENDA,NO REPORTADO,Hombre,NO REPORTADO,NO REPORTADO,NO REPORTADO,13882280.0
SANEAMIENTO BÁSICO,NO REPORTADO,NO REPORTADO,URBANO,NO DISPONIBLE,NO REGISTRADO,FONVIVIENDA,NO REPORTADO,Mujer,NO REPORTADO,NO REPORTADO,NO REPORTADO,13767373.0
SANEAMIENTO BÁSICO,NO REPORTADO,NO REPORTADO,URBANO,NO DISPONIBLE,NO REGISTRADO,FONVIVIENDA,NO REPORTADO,Mujer,NO REPORTADO,NO REPORTADO,NO REPORTADO,13897255.0
SANEAMIENTO BÁSICO,NO REPORTADO,NO REPORTADO,URBANO,NO DISPONIBLE,NO REGISTRADO,FONVIVIENDA,NO REPORTADO,Mujer,NO REPORTADO,NO REPORTADO,NO REPORTADO,13724289.0
SANEAMIENTO BÁSICO,NO REPORTADO,NO REPORTADO,URBANO,NO DISPONIBLE,NO REGISTRADO,FONVIVIENDA,NO REPORTADO,Mujer,NO REPORTADO,NO REPORTADO,NO REPORTADO,13913515.0
SANEAMIENTO BÁSICO,NO REPORTADO,NO REPORTADO,URBANO,NO DISPONIBLE,NO REGISTRADO,FONVIVIENDA,NO REPORTADO,Hombre,NO REPORTADO,NO REPORTADO,NO REPORTADO,13905354.0
SANEAMIENTO BÁSICO,NO REPORTADO,NO REPORTADO,URBANO,NO DISPONIBLE,NO REGISTRADO,FONVIVIENDA,NO REPORTADO,Hombre,NO REPORTADO,NO REPORTADO,NO REPORTADO,13748900.0
SANEAMIENTO BÁSICO,NO REPORTADO,NO REPORTADO,URBANO,NO DISPONIBLE,NO REGISTRADO,FONVIVIENDA,NO REPORTADO,Mujer,NO REPORTADO,NO REPORTADO,NO REPORTADO,13750544.0
SANEAMIENTO BÁSICO,NO REPORTADO,NO REPORTADO,URBANO,NO DISPONIBLE,NO REGISTRADO,FONVIVIENDA,NO REPORTADO,Mujer,NO REPORTADO,NO REPORTADO,NO REPORTADO,13469145.0
SANEAMIENTO BÁSICO,NO REPORTADO,NO REPORTADO,URBANO,NO DISPONIBLE,NO REGISTRADO,FONVIVIENDA,NO REPORTADO,Mujer,NO REPORTADO,NO REPORTADO,NO REPORTADO,13553291.0
SANEAMIENTO BÁSICO,NO REPORTADO,NO REPORTADO,URBANO,NO DISPONIBLE,NO REGISTRADO,FONVIVIENDA,NO REPORTADO,Mujer,NO REPORTADO,NO REPORTADO,NO REPORTADO,15401439.0
SANEAMIENTO BÁSICO,NO REPORTADO,NO REPORTADO,URBANO,NO DISPONIBLE,NO REGISTRADO,FONVIVIENDA,NO REPORTADO,Mujer,NO REPORTADO,NO REPORTADO,NO REPORTADO,13182636.0
SANEAMIENTO BÁSICO,NO REPORTADO,NO REPORTADO,URBANO,NO DISPONIBLE,NO REGISTRADO,FONVIVIENDA,NO REPORTADO,Mujer,NO REPORTADO,NO REPORTADO,NO REPORTADO,13855213.0
SANEAMIENTO BÁSICO,NO REPORTADO,NO REPORTADO,URBANO,NO DISPONIBLE,NO REGISTRADO,FONVIVIENDA,NO REPORTADO,Mujer,NO REPORTADO,NO REPORTADO,NO REPORTADO,13692480.0
SANEAMIENTO BÁSICO,NO REPORTADO,NO REPORTADO,URBANO,NO DISPONIBLE,NO REGISTRADO,FONVIVIENDA,NO REPORTADO,Mujer,NO REPORTADO,NO REPORTADO,NO REPORTADO,13906421.0
SANEAMIENTO BÁSICO,NO REPORTADO,NO REPORTADO,URBANO,NO DISPONIBLE,NO REGISTRADO,FONVIVIENDA,NO REPORTADO,Hombre,NO REPORTADO,NO REPORTADO,NO REPORTADO,13904270.0
SANEAMIENTO BÁSICO,NO REPORTADO,NO REPORTADO,URBANO,NO DISPONIBLE,NO REGISTRADO,FONVIVIENDA,NO REPORTADO,Hombre,NO REPORTADO,NO REPORTADO,NO REPORTADO,13898797.0
SANEAMIENTO BÁSICO,NO REPORTADO,NO REPORTADO,URBANO,NO DISPONIBLE,NO REGISTRADO,FONVIVIENDA,NO REPORTADO,Mujer,NO REPORTADO,NO REPORTADO,NO REPORTADO,13761161.0
SANEAMIENTO BÁSICO,NO REPORTADO,NO REPORTADO,URBANO,NO DISPONIBLE,NO REGISTRADO,FONVIVIENDA,NO REPORTADO,Hombre,NO REPORTADO,NO REPORTADO,NO REPORTADO,13718676.0
SANEAMIENTO BÁSICO,NO REPORTADO,NO REPORTADO,URBANO,NO DISPONIBLE,NO REGISTRADO,FONVIVIENDA,NO REPORTADO,Hombre,NO REPORTADO,NO REPORTADO,NO REPORTADO,13892046.0
SANEAMIENTO BÁSICO,NO REPORTADO,NO REPORTADO,URBANO,NO DISPONIBLE,NO REGISTRADO,FONVIVIENDA,NO REPORTADO,Mujer,NO REPORTADO,NO REPORTADO,NO REPORTADO,13868188.0
SANEAMIENTO BÁSICO,NO REPORTADO,NO REPORTADO,URBANO,NO DISPONIBLE,NO REGISTRADO,FONVIVIENDA,NO REPORTADO,Mujer,NO REPORTADO,NO REPORTADO,NO REPORTADO,11106096.0
SANEAMIENTO BÁSICO,NO REPORTADO,NO REPORTADO,URBANO,NO DISPONIBLE,NO REGISTRADO,FONVIVIENDA,NO REPORTADO,Mujer,NO REPORTADO,NO REPORTADO,NO REPORTADO,13838739.0
SANEAMIENTO BÁSICO,NO REPORTADO,NO REPORTADO,URBANO,NO DISPONIBLE,NO REGISTRADO,FONVIVIENDA,NO REPORTADO,Mujer,NO REPORTADO,NO REPORTADO,NO REPORTADO,13912003.0
SANEAMIENTO BÁSICO,NO REPORTADO,NO REPORTADO,URBANO,NO DISPONIBLE,NO REGISTRADO,FONVIVIENDA,NO REPORTADO,Mujer,NO REPORTADO,NO REPORTADO,NO REPORTADO,13903304.0
SANEAMIENTO BÁSICO,NO REPORTADO,NO REPORTADO,URBANO,NO DISPONIBLE,NO REGISTRADO,FONVIVIENDA,NO REPORTADO,Mujer,NO REPORTADO,NO REPORTADO,NO REPORTADO,13721357.0
SANEAMIENTO BÁSICO,NO REPORTADO,NO REPORTADO,URBANO,NO DISPONIBLE,NO REGISTRADO,FONVIVIENDA,NO REPORTADO,Mujer,NO REPORTADO,NO REPORTADO,NO REPORTADO,13867934.0
SANEAMIENTO BÁSICO,NO REPORTADO,NO REPORTADO,URBANO,NO DISPONIBLE,NO REGISTRADO,FONVIVIENDA,NO REPORTADO,Mujer,NO REPORTADO,NO REPORTADO,NO REPORTADO,13848715.0
SANEAMIENTO BÁSICO,NO REPORTADO,NO REPORTADO,URBANO,NO DISPONIBLE,NO REGISTRADO,FONVIVIENDA,NO REPORTADO,Mujer,NO REPORTADO,NO REPORTADO,NO REPORTADO,15595765.0
SANEAMIENTO BÁSICO,NO REPORTADO,NO REPORTADO,URBANO,NO DISPONIBLE,NO REGISTRADO,FONVIVIENDA,NO REPORTADO,Mujer,NO REPORTADO,NO REPORTADO,NO REPORTADO,15591675.0
SANEAMIENTO BÁSICO,NO REPORTADO,NO REPORTADO,URBANO,NO DISPONIBLE,NO REGISTRADO,FONVIVIENDA,NO REPORTADO,Mujer,NO REPORTADO,NO REPORTADO,NO REPORTADO,13913766.0
SANEAMIENTO BÁSICO,NO REPORTADO,NO REPORTADO,URBANO,NO DISPONIBLE,NO REGISTRADO,FONVIVIENDA,NO REPORTADO,Mujer,NO REPORTADO,NO REPORTADO,NO REPORTADO,13919085.0
SANEAMIENTO BÁSICO,NO REPORTADO,NO REPORTADO,URBANO,NO DISPONIBLE,NO REGISTRADO,FONVIVIENDA,NO REPORTADO,Mujer,NO REPORTADO,NO REPORTADO,NO REPORTADO,15572394.0
SANEAMIENTO BÁSICO,NO REPORTADO,NO REPORTADO,URBANO,NO DISPONIBLE,NO REGISTRADO,FONVIVIENDA,NO REPORTADO,Mujer,NO REPORTADO,NO REPORTADO,NO REPORTADO,15520147.0
SANEAMIENTO BÁSICO,NO REPORTADO,NO REPORTADO,URBANO,NO DISPONIBLE,NO REGISTRADO,FONVIVIENDA,NO REPORTADO,Mujer,NO REPORTADO,NO REPORTADO,NO REPORTADO,15599839.0
SANEAMIENTO BÁSICO,NO REPORTADO,NO REPORTADO,URBANO,NO DISPONIBLE,NO REGISTRADO,FONVIVIENDA,NO REPORTADO,Mujer,NO REPORTADO,NO REPORTADO,NO REPORTADO,13813104.0
SANEAMIENTO BÁSICO,NO REPORTADO,NO REPORTADO,URBANO,NO DISPONIBLE,NO REGISTRADO,FONVIVIENDA,NO REPORTADO,Hombre,NO REPORTADO,NO REPORTADO,NO REPORTADO,13765610.0
SANEAMIENTO BÁSICO,NO REPORTADO,NO REPORTADO,URBANO,NO DISPONIBLE,NO REGISTRADO,FONVIVIENDA,NO REPORTADO,Mujer,NO REPORTADO,NO REPORTADO,NO REPORTADO,15490556.0
SANEAMIENTO BÁSICO,NO REPORTADO,NO REPORTADO,URBANO,NO DISPONIBLE,NO REGISTRADO,FONVIVIENDA,NO REPORTADO,Mujer,NO REPORTADO,NO REPORTADO,NO REPORTADO,13917603.0
SANEAMIENTO BÁSICO,NO REPORTADO,NO REPORTADO,URBANO,NO DISPONIBLE,NO REGISTRADO,FONVIVIENDA,NO REPORTADO,Mujer,NO REPORTADO,NO REPORTADO,NO REPORTADO,13867287.0
SANEAMIENTO BÁSICO,NO REPORTADO,NO REPORTADO,URBANO,NO DISPONIBLE,NO REGISTRADO,FONVIVIENDA,NO REPORTADO,Mujer,NO REPORTADO,NO REPORTADO,NO REPORTADO,12730252.0
SANEAMIENTO BÁSICO,NO REPORTADO,NO REPORTADO,URBANO,NO DISPONIBLE,NO REGISTRADO,FONVIVIENDA,NO REPORTADO,Hombre,NO REPORTADO,NO REPORTADO,NO REPORTADO,13909804.0
SANEAMIENTO BÁSICO,NO REPORTADO,NO REPORTADO,URBANO,NO DISPONIBLE,NO REGISTRADO,FONVIVIENDA,NO REPORTADO,Mujer,NO REPORTADO,NO REPORTADO,NO REPORTADO,13911518.0
SANEAMIENTO BÁSICO,NO REPORTADO,NO REPORTADO,URBANO,NO DISPONIBLE,NO REGISTRADO,FONVIVIENDA,NO REPORTADO,Hombre,NO REPORTADO,NO REPORTADO,NO REPORTADO,13905494.0
SANEAMIENTO BÁSICO,NO REPORTADO,NO REPORTADO,URBANO,NO DISPONIBLE,NO REGISTRADO,FONVIVIENDA,NO REPORTADO,Mujer,NO REPORTADO,NO REPORTADO,NO REPORTADO,13844663.0
SANEAMIENTO BÁSICO,NO REPORTADO,NO REPORTADO,URBANO,NO DISPONIBLE,NO REGISTRADO,FONVIVIENDA,NO REPORTADO,Hombre,NO REPORTADO,NO REPORTADO,NO REPORTADO,13883828.0
SANEAMIENTO BÁSICO,NO REPORTADO,NO REPORTADO,URBANO,NO DISPONIBLE,NO REGISTRADO,FONVIVIENDA,NO REPORTADO,Mujer,NO REPORTADO,NO REPORTADO,NO REPORTADO,13911137.0
SANEAMIENTO BÁSICO,NO REPORTADO,NO REPORTADO,URBANO,NO DISPONIBLE,NO REGISTRADO,FONVIVIENDA,NO REPORTADO,Hombre,NO REPORTADO,NO REPORTADO,NO REPORTADO,13849051.0
SANEAMIENTO BÁSICO,NO REPORTADO,NO REPORTADO,URBANO,NO DISPONIBLE,NO REGISTRADO,FONVIVIENDA,NO REPORTADO,Mujer,NO REPORTADO,NO REPORTADO,NO REPORTADO,13916569.0
SANEAMIENTO BÁSICO,NO REPORTADO,NO REPORTADO,URBANO,NO DISPONIBLE,NO REGISTRADO,FONVIVIENDA,NO REPORTADO,Mujer,NO REPORTADO,NO REPORTADO,NO REPORTADO,13808921.0
SANEAMIENTO BÁSICO,NO REPORTADO,NO REPORTADO,URBANO,NO DISPONIBLE,NO REGISTRADO,FONVIVIENDA,NO REPORTADO,Hombre,NO REPORTADO,NO REPORTADO,NO REPORTADO,13754691.0
SANEAMIENTO BÁSICO,NO REPORTADO,NO REPORTADO,URBANO,NO DISPONIBLE,NO REGISTRADO,FONVIVIENDA,NO REPORTADO,Mujer,NO REPORTADO,NO REPORTADO,NO REPORTADO,10237212.0
SANEAMIENTO BÁSICO,NO REPORTADO,NO REPORTADO,URBANO,NO DISPONIBLE,NO REGISTRADO,FONVIVIENDA,NO REPORTADO,Mujer,NO REPORTADO,NO REPORTADO,NO REPORTADO,13801338.0
SANEAMIENTO BÁSICO,NO REPORTADO,NO REPORTADO,URBANO,NO DISPONIBLE,NO REGISTRADO,FONVIVIENDA,NO REPORTADO,Mujer,NO REPORTADO,NO REPORTADO,NO REPORTADO,13903868.0
SANEAMIENTO BÁSICO,NO REPORTADO,NO REPORTADO,URBANO,NO DISPONIBLE,NO REGISTRADO,FONVIVIENDA,NO REPORTADO,Mujer,NO REPORTADO,NO REPORTADO,NO REPORTADO,13840688.0
SANEAMIENTO BÁSICO,NO REPORTADO,NO REPORTADO,URBANO,NO DISPONIBLE,NO REGISTRADO,FONVIVIENDA,NO REPORTADO,Mujer,NO REPORTADO,NO REPORTADO,NO REPORTADO,13878868.0
SANEAMIENTO BÁSICO,NO REPORTADO,NO REPORTADO,URBANO,NO DISPONIBLE,NO REGISTRADO,FONVIVIENDA,NO REPORTADO,Mujer,NO REPORTADO,NO REPORTADO,NO REPORTADO,13661830.0
SANEAMIENTO BÁSICO,NO REPORTADO,NO REPORTADO,URBANO,NO DISPONIBLE,NO REGISTRADO,FONVIVIENDA,NO REPORTADO,Hombre,NO REPORTADO,NO REPORTADO,NO REPORTADO,15577661.0
SANEAMIENTO BÁSICO,NO REPORTADO,NO REPORTADO,URBANO,NO DISPONIBLE,NO REGISTRADO,FONVIVIENDA,NO REPORTADO,Mujer,NO REPORTADO,NO REPORTADO,NO REPORTADO,13793313.0
SANEAMIENTO BÁSICO,NO REPORTADO,NO REPORTADO,URBANO,NO DISPONIBLE,NO REGISTRADO,FONVIVIENDA,NO REPORTADO,Mujer,NO REPORTADO,NO REPORTADO,NO REPORTADO,15598091.0
SANEAMIENTO BÁSICO,NO REPORTADO,NO REPORTADO,URBANO,NO DISPONIBLE,NO REGISTRADO,FONVIVIENDA,NO REPORTADO,Mujer,NO REPORTADO,NO REPORTADO,NO REPORTADO,15516979.0
SANEAMIENTO BÁSICO,NO REPORTADO,NO REPORTADO,URBANO,NO DISPONIBLE,NO REGISTRADO,FONVIVIENDA,NO REPORTADO,Hombre,NO REPORTADO,NO REPORTADO,NO REPORTADO,13919591.0
SANEAMIENTO BÁSICO,NO REPORTADO,NO REPORTADO,URBANO,NO DISPONIBLE,NO REGISTRADO,FONVIVIENDA,NO REPORTADO,Mujer,NO REPORTADO,NO REPORTADO,NO REPORTADO,15575228.0
SANEAMIENTO BÁSICO,NO REPORTADO,NO REPORTADO,URBANO,NO DISPONIBLE,NO REGISTRADO,FONVIVIENDA,NO REPORTADO,Mujer,NO REPORTADO,NO REPORTADO,NO REPORTADO,15428362.0
SANEAMIENTO BÁSICO,NO REPORTADO,NO REPORTADO,URBANO,NO DISPONIBLE,NO REGISTRADO,FONVIVIENDA,NO REPORTADO,Mujer,NO REPORTADO,NO REPORTADO,NO REPORTADO,13830005.0
SANEAMIENTO BÁSICO,NO REPORTADO,NO REPORTADO,URBANO,NO DISPONIBLE,NO REGISTRADO,FONVIVIENDA,NO REPORTADO,Mujer,NO REPORTADO,NO REPORTADO,NO REPORTADO,13832834.0
SANEAMIENTO BÁSICO,NO REPORTADO,NO REPORTADO,URBANO,NO DISPONIBLE,NO REGISTRADO,FONVIVIENDA,NO REPORTADO,Mujer,NO REPORTADO,NO REPORTADO,NO REPORTADO,15474399.0
SANEAMIENTO BÁSICO,NO REPORTADO,NO REPORTADO,URBANO,NO DISPONIBLE,NO REGISTRADO,FONVIVIENDA,NO REPORTADO,Mujer,NO REPORTADO,NO REPORTADO,NO REPORTADO,15537065.0
SANEAMIENTO BÁSICO,NO REPORTADO,NO REPORTADO,URBANO,NO DISPONIBLE,NO REGISTRADO,FONVIVIENDA,NO REPORTADO,Hombre,NO REPORTADO,NO REPORTADO,NO REPORTADO,15493461.0
SANEAMIENTO BÁSICO,NO REPORTADO,NO REPORTADO,URBANO,NO DISPONIBLE,NO REGISTRADO,FONVIVIENDA,NO REPORTADO,Mujer,NO REPORTADO,NO REPORTADO,NO REPORTADO,15502089.0
SANEAMIENTO BÁSICO,NO REPORTADO,NO REPORTADO,URBANO,NO DISPONIBLE,NO REGISTRADO,FONVIVIENDA,NO REPORTADO,Hombre,NO REPORTADO,NO REPORTADO,NO REPORTADO,15494076.0
SANEAMIENTO BÁSICO,NO REPORTADO,NO REPORTADO,URBANO,NO DISPONIBLE,NO REGISTRADO,FONVIVIENDA,NO REPORTADO,Mujer,NO REPORTADO,NO REPORTADO,NO REPORTADO,15569757.0
SANEAMIENTO BÁSICO,NO REPORTADO,NO REPORTADO,URBANO,NO DISPONIBLE,NO REGISTRADO,FONVIVIENDA,NO REPORTADO,Mujer,NO REPORTADO,NO REPORTADO,NO REPORTADO,15548421.0
SANEAMIENTO BÁSICO,NO REPORTADO,NO REPORTADO,URBANO,NO DISPONIBLE,NO REGISTRADO,FONVIVIENDA,NO REPORTADO,Mujer,NO REPORTADO,NO REPORTADO,NO REPORTADO,15568764.0
SANEAMIENTO BÁSICO,NO REPORTADO,NO REPORTADO,URBANO,NO DISPONIBLE,NO REGISTRADO,FONVIVIENDA,NO REPORTADO,Mujer,NO REPORTADO,NO REPORTADO,NO REPORTADO,15508235.0
SANEAMIENTO BÁSICO,NO REPORTADO,NO REPORTADO,URBANO,NO DISPONIBLE,NO REGISTRADO,FONVIVIENDA,NO REPORTADO,Mujer,NO REPORTADO,NO REPORTADO,NO REPORTADO,15561735.0
SANEAMIENTO BÁSICO,NO REPORTADO,NO REPORTADO,URBANO,NO DISPONIBLE,NO REGISTRADO,FONVIVIENDA,NO REPORTADO,Hombre,NO REPORTADO,NO REPORTADO,NO REPORTADO,15529665.0
SANEAMIENTO BÁSICO,NO REPORTADO,NO REPORTADO,URBANO,NO DISPONIBLE,NO REGISTRADO,FONVIVIENDA,NO REPORTADO,Hombre,NO REPORTADO,NO REPORTADO,NO REPORTADO,15416720.0
SANEAMIENTO BÁSICO,NO REPORTADO,NO REPORTADO,URBANO,NO DISPONIBLE,NO REGISTRADO,FONVIVIENDA,NO REPORTADO,Hombre,NO REPORTADO,NO REPORTADO,NO REPORTADO,13183067.0
SANEAMIENTO BÁSICO,NO REPORTADO,NO REPORTADO,URBANO,NO DISPONIBLE,NO REGISTRADO,FONVIVIENDA,NO REPORTADO,Mujer,NO REPORTADO,NO REPORTADO,NO REPORTADO,13847016.0
SANEAMIENTO BÁSICO,NO REPORTADO,NO REPORTADO,URBANO,NO DISPONIBLE,NO REGISTRADO,FONVIVIENDA,NO REPORTADO,Mujer,NO REPORTADO,NO REPORTADO,NO REPORTADO,15545769.0
SANEAMIENTO BÁSICO,NO REPORTADO,NO REPORTADO,URBANO,NO DISPONIBLE,NO REGISTRADO,FONVIVIENDA,NO REPORTADO,Mujer,NO REPORTADO,NO REPORTADO,NO REPORTADO,15563805.0
SANEAMIENTO BÁSICO,NO REPORTADO,NO REPORTADO,URBANO,NO DISPONIBLE,NO REGISTRADO,FONVIVIENDA,NO REPORTADO,Mujer,NO REPORTADO,NO REPORTADO,NO REPORTADO,13545963.0
SANEAMIENTO BÁSICO,NO REPORTADO,NO REPORTADO,URBANO,NO DISPONIBLE,NO REGISTRADO,FONVIVIENDA,NO REPORTADO,Mujer,NO REPORTADO,NO REPORTADO,NO REPORTADO,13817932.0
SANEAMIENTO BÁSICO,NO REPORTADO,NO REPORTADO,URBANO,NO DISPONIBLE,NO REGISTRADO,FONVIVIENDA,NO REPORTADO,Mujer,NO REPORTADO,NO REPORTADO,NO REPORTADO,13803852.0
SANEAMIENTO BÁSICO,NO REPORTADO,NO REPORTADO,URBANO,NO DISPONIBLE,NO REGISTRADO,FONVIVIENDA,NO REPORTADO,Mujer,NO REPORTADO,NO REPORTADO,NO REPORTADO,13762306.0
SANEAMIENTO BÁSICO,NO REPORTADO,NO REPORTADO,URBANO,NO DISPONIBLE,NO REGISTRADO,FONVIVIENDA,NO REPORTADO,Hombre,NO REPORTADO,NO REPORTADO,NO REPORTADO,13895832.0
SANEAMIENTO BÁSICO,NO REPORTADO,NO REPORTADO,URBANO,NO DISPONIBLE,NO REGISTRADO,FONVIVIENDA,NO REPORTADO,Mujer,NO REPORTADO,NO REPORTADO,NO REPORTADO,13884171.0
SANEAMIENTO BÁSICO,NO REPORTADO,NO REPORTADO,URBANO,NO DISPONIBLE,NO REGISTRADO,FONVIVIENDA,NO REPORTADO,Hombre,NO REPORTADO,NO REPORTADO,NO REPORTADO,13757762.0
SANEAMIENTO BÁSICO,NO REPORTADO,NO REPORTADO,URBANO,NO DISPONIBLE,NO REGISTRADO,FONVIVIENDA,NO REPORTADO,Mujer,NO REPORTADO,NO REPORTADO,NO REPORTADO,13772857.0
SANEAMIENTO BÁSICO,NO REPORTADO,NO REPORTADO,URBANO,NO DISPONIBLE,NO REGISTRADO,FONVIVIENDA,NO REPORTADO,Mujer,NO REPORTADO,NO REPORTADO,NO REPORTADO,13891327.0
SANEAMIENTO BÁSICO,NO REPORTADO,NO REPORTADO,URBANO,NO DISPONIBLE,NO REGISTRADO,FONVIVIENDA,NO REPORTADO,Hombre,NO REPORTADO,NO REPORTADO,NO REPORTADO,13864090.0
SANEAMIENTO BÁSICO,NO REPORTADO,NO REPORTADO,URBANO,NO DISPONIBLE,NO REGISTRADO,FONVIVIENDA,NO REPORTADO,Mujer,NO REPORTADO,NO REPORTADO,NO REPORTADO,13495318.0
SANEAMIENTO BÁSICO,NO REPORTADO,NO REPORTADO,URBANO,NO DISPONIBLE,NO REGISTRADO,FONVIVIENDA,NO REPORTADO,Mujer,NO REPORTADO,NO REPORTADO,NO REPORTADO,15495192.0
SANEAMIENTO BÁSICO,NO REPORTADO,NO REPORTADO,URBANO,NO DISPONIBLE,NO REGISTRADO,FONVIVIENDA,NO REPORTADO,Hombre,NO REPORTADO,NO REPORTADO,NO REPORTADO,15513467.0
SANEAMIENTO BÁSICO,NO REPORTADO,NO REPORTADO,URBANO,NO DISPONIBLE,NO REGISTRADO,FONVIVIENDA,NO REPORTADO,Hombre,NO REPORTADO,NO REPORTADO,NO REPORTADO,13863424.0
SANEAMIENTO BÁSICO,NO REPORTADO,NO REPORTADO,URBANO,NO DISPONIBLE,NO REGISTRADO,FONVIVIENDA,NO REPORTADO,Mujer,NO REPORTADO,NO REPORTADO,NO REPORTADO,15559978.0
SANEAMIENTO BÁSICO,NO REPORTADO,NO REPORTADO,URBANO,NO DISPONIBLE,NO REGISTRADO,FONVIVIENDA,NO REPORTADO,Mujer,NO REPORTADO,NO REPORTADO,NO REPORTADO,15536711.0
SANEAMIENTO BÁSICO,NO REPORTADO,NO REPORTADO,URBANO,NO DISPONIBLE,NO REGISTRADO,FONVIVIENDA,NO REPORTADO,Mujer,NO REPORTADO,NO REPORTADO,NO REPORTADO,15512885.0
SANEAMIENTO BÁSICO,NO REPORTADO,NO REPORTADO,URBANO,NO DISPONIBLE,NO REGISTRADO,FONVIVIENDA,NO REPORTADO,Mujer,NO REPORTADO,NO REPORTADO,NO REPORTADO,13685623.0
SANEAMIENTO BÁSICO,NO REPORTADO,NO REPORTADO,URBANO,NO DISPONIBLE,NO REGISTRADO,FONVIVIENDA,NO REPORTADO,Mujer,NO REPORTADO,NO REPORTADO,NO REPORTADO,13902806.0
SANEAMIENTO BÁSICO,NO REPORTADO,NO REPORTADO,URBANO,NO DISPONIBLE,NO REGISTRADO,FONVIVIENDA,NO REPORTADO,Mujer,NO REPORTADO,NO REPORTADO,NO REPORTADO,15566011.0
SANEAMIENTO BÁSICO,NO REPORTADO,NO REPORTADO,URBANO,NO DISPONIBLE,NO REGISTRADO,FONVIVIENDA,NO REPORTADO,Mujer,NO REPORTADO,NO REPORTADO,NO REPORTADO,15577661.0
SANEAMIENTO BÁSICO,NO REPORTADO,NO REPORTADO,URBANO,NO DISPONIBLE,NO REGISTRADO,FONVIVIENDA,NO REPORTADO,Mujer,NO REPORTADO,NO REPORTADO,NO REPORTADO,15519547.0
SANEAMIENTO BÁSICO,NO REPORTADO,NO REPORTADO,URBANO,NO DISPONIBLE,NO REGISTRADO,FONVIVIENDA,NO REPORTADO,Mujer,NO REPORTADO,NO REPORTADO,NO REPORTADO,15591711.0
SANEAMIENTO BÁSICO,NO REPORTADO,NO REPORTADO,URBANO,NO DISPONIBLE,NO REGISTRADO,FONVIVIENDA,NO REPORTADO,Mujer,NO REPORTADO,NO REPORTADO,NO REPORTADO,15597072.0
SANEAMIENTO BÁSICO,NO REPORTADO,NO REPORTADO,URBANO,NO DISPONIBLE,NO REGISTRADO,FONVIVIENDA,NO REPORTADO,Hombre,NO REPORTADO,NO REPORTADO,NO REPORTADO,15537082.0
SANEAMIENTO BÁSICO,NO REPORTADO,NO REPORTADO,URBANO,NO DISPONIBLE,NO REGISTRADO,FONVIVIENDA,NO REPORTADO,Mujer,NO REPORTADO,NO REPORTADO,NO REPORTADO,15222247.0
SANEAMIENTO BÁSICO,NO REPORTADO,NO REPORTADO,URBANO,NO DISPONIBLE,NO REGISTRADO,FONVIVIENDA,NO REPORTADO,Mujer,NO REPORTADO,NO REPORTADO,NO REPORTADO,15499701.0
SANEAMIENTO BÁSICO,NO REPORTADO,NO REPORTADO,URBANO,NO DISPONIBLE,NO REGISTRADO,FONVIVIENDA,NO REPORTADO,Hombre,NO REPORTADO,NO REPORTADO,NO REPORTADO,15580476.0
SANEAMIENTO BÁSICO,NO REPORTADO,NO REPORTADO,URBANO,NO DISPONIBLE,NO REGISTRADO,FONVIVIENDA,NO REPORTADO,Mujer,NO REPORTADO,NO REPORTADO,NO REPORTADO,13918248.0
SANEAMIENTO BÁSICO,NO REPORTADO,NO REPORTADO,URBANO,NO DISPONIBLE,NO REGISTRADO,FONVIVIENDA,NO REPORTADO,Mujer,NO REPORTADO,NO REPORTADO,NO REPORTADO,15592612.0
SANEAMIENTO BÁSICO,NO REPORTADO,NO REPORTADO,URBANO,NO DISPONIBLE,NO REGISTRADO,FONVIVIENDA,NO REPORTADO,Hombre,NO REPORTADO,NO REPORTADO,NO REPORTADO,15563839.0
SANEAMIENTO BÁSICO,NO REPORTADO,NO REPORTADO,URBANO,NO DISPONIBLE,NO REGISTRADO,FONVIVIENDA,NO REPORTADO,Mujer,NO REPORTADO,NO REPORTADO,NO REPORTADO,15297358.0
SANEAMIENTO BÁSICO,NO REPORTADO,NO REPORTADO,URBANO,NO DISPONIBLE,NO REGISTRADO,FONVIVIENDA,NO REPORTADO,Mujer,NO REPORTADO,NO REPORTADO,NO REPORTADO,15089453.0
SANEAMIENTO BÁSICO,NO REPORTADO,NO REPORTADO,URBANO,NO DISPONIBLE,NO REGISTRADO,FONVIVIENDA,NO REPORTADO,Hombre,NO REPORTADO,NO REPORTADO,NO REPORTADO,15590990.0
SANEAMIENTO BÁSICO,NO REPORTADO,NO REPORTADO,URBANO,NO DISPONIBLE,NO REGISTRADO,FONVIVIENDA,NO REPORTADO,Mujer,NO REPORTADO,NO REPORTADO,NO REPORTADO,15598131.0
SANEAMIENTO BÁSICO,NO REPORTADO,NO REPORTADO,URBANO,NO DISPONIBLE,NO REGISTRADO,FONVIVIENDA,NO REPORTADO,Hombre,NO REPORTADO,NO REPORTADO,NO REPORTADO,13899620.0
SANEAMIENTO BÁSICO,NO REPORTADO,NO REPORTADO,URBANO,NO DISPONIBLE,NO REGISTRADO,FONVIVIENDA,NO REPORTADO,Mujer,NO REPORTADO,NO REPORTADO,NO REPORTADO,15469717.0
SANEAMIENTO BÁSICO,NO REPORTADO,NO REPORTADO,URBANO,NO DISPONIBLE,NO REGISTRADO,FONVIVIENDA,NO REPORTADO,Mujer,NO REPORTADO,NO REPORTADO,NO REPORTADO,15508168.0
SANEAMIENTO BÁSICO,NO REPORTADO,NO REPORTADO,URBANO,NO DISPONIBLE,NO REGISTRADO,FONVIVIENDA,NO REPORTADO,Mujer,NO REPORTADO,NO REPORTADO,NO REPORTADO,13532321.0
SANEAMIENTO BÁSICO,NO REPORTADO,NO REPORTADO,URBANO,NO DISPONIBLE,NO REGISTRADO,FONVIVIENDA,NO REPORTADO,Mujer,NO REPORTADO,NO REPORTADO,NO REPORTADO,13751655.0
SANEAMIENTO BÁSICO,NO REPORTADO,NO REPORTADO,URBANO,NO DISPONIBLE,NO REGISTRADO,FONVIVIENDA,NO REPORTADO,Hombre,NO REPORTADO,NO REPORTADO,NO REPORTADO,15598867.0
SANEAMIENTO BÁSICO,NO REPORTADO,NO REPORTADO,URBANO,NO DISPONIBLE,NO REGISTRADO,FONVIVIENDA,NO REPORTADO,Hombre,NO REPORTADO,NO REPORTADO,NO REPORTADO,13821464.0
SANEAMIENTO BÁSICO,NO REPORTADO,NO REPORTADO,URBANO,NO DISPONIBLE,NO REGISTRADO,FONVIVIENDA,NO REPORTADO,Hombre,NO REPORTADO,NO REPORTADO,NO REPORTADO,13916544.0
SANEAMIENTO BÁSICO,NO REPORTADO,NO REPORTADO,URBANO,NO DISPONIBLE,NO REGISTRADO,FONVIVIENDA,NO REPORTADO,Mujer,NO REPORTADO,NO REPORTADO,NO REPORTADO,11861162.0
SANEAMIENTO BÁSICO,NO REPORTADO,NO REPORTADO,URBANO,NO DISPONIBLE,NO REGISTRADO,FONVIVIENDA,NO REPORTADO,Hombre,NO REPORTADO,NO REPORTADO,NO REPORTADO,13919067.0
SANEAMIENTO BÁSICO,NO REPORTADO,NO REPORTADO,URBANO,NO DISPONIBLE,NO REGISTRADO,FONVIVIENDA,NO REPORTADO,Mujer,NO REPORTADO,NO REPORTADO,NO REPORTADO,13769632.0
SANEAMIENTO BÁSICO,NO REPORTADO,NO REPORTADO,URBANO,NO DISPONIBLE,NO REGISTRADO,FONVIVIENDA,NO REPORTADO,Mujer,NO REPORTADO,NO REPORTADO,NO REPORTADO,13804726.0
SANEAMIENTO BÁSICO,NO REPORTADO,NO REPORTADO,URBANO,NO DISPONIBLE,NO REGISTRADO,FONVIVIENDA,NO REPORTADO,Mujer,NO REPORTADO,NO REPORTADO,NO REPORTADO,13915112.0
SANEAMIENTO BÁSICO,NO REPORTADO,NO REPORTADO,URBANO,NO DISPONIBLE,NO REGISTRADO,FONVIVIENDA,NO REPORTADO,Mujer,NO REPORTADO,NO REPORTADO,NO REPORTADO,13863658.0
SANEAMIENTO BÁSICO,NO REPORTADO,NO REPORTADO,URBANO,NO DISPONIBLE,NO REGISTRADO,FONVIVIENDA,NO REPORTADO,Hombre,NO REPORTADO,NO REPORTADO,NO REPORTADO,13913127.0
SANEAMIENTO BÁSICO,NO REPORTADO,NO REPORTADO,URBANO,NO DISPONIBLE,NO REGISTRADO,FONVIVIENDA,NO REPORTADO,Hombre,NO REPORTADO,NO REPORTADO,NO REPORTADO,13870649.0
SANEAMIENTO BÁSICO,NO REPORTADO,NO REPORTADO,URBANO,NO DISPONIBLE,NO REGISTRADO,FONVIVIENDA,NO REPORTADO,Mujer,NO REPORTADO,NO REPORTADO,NO REPORTADO,13567587.0
SANEAMIENTO BÁSICO,NO REPORTADO,NO REPORTADO,URBANO,NO DISPONIBLE,NO REGISTRADO,FONVIVIENDA,NO REPORTADO,Mujer,NO REPORTADO,NO REPORTADO,NO REPORTADO,13895192.0
SANEAMIENTO BÁSICO,NO REPORTADO,NO REPORTADO,URBANO,NO DISPONIBLE,NO REGISTRADO,FONVIVIENDA,NO REPORTADO,Hombre,NO REPORTADO,NO REPORTADO,NO REPORTADO,13835774.0
SANEAMIENTO BÁSICO,NO REPORTADO,NO REPORTADO,URBANO,NO DISPONIBLE,NO REGISTRADO,FONVIVIENDA,NO REPORTADO,Mujer,NO REPORTADO,NO REPORTADO,NO REPORTADO,15569522.0
SANEAMIENTO BÁSICO,NO REPORTADO,NO REPORTADO,URBANO,NO DISPONIBLE,NO REGISTRADO,FONVIVIENDA,NO REPORTADO,Mujer,NO REPORTADO,NO REPORTADO,NO REPORTADO,15597342.0
SANEAMIENTO BÁSICO,NO REPORTADO,NO REPORTADO,URBANO,NO DISPONIBLE,NO REGISTRADO,FONVIVIENDA,NO REPORTADO,Mujer,NO REPORTADO,NO REPORTADO,NO REPORTADO,13856129.0
SANEAMIENTO BÁSICO,NO REPORTADO,NO REPORTADO,URBANO,NO DISPONIBLE,NO REGISTRADO,FONVIVIENDA,NO REPORTADO,Mujer,NO REPORTADO,NO REPORTADO,NO REPORTADO,13783593.0
SANEAMIENTO BÁSICO,NO REPORTADO,NO REPORTADO,URBANO,NO DISPONIBLE,NO REGISTRADO,FONVIVIENDA,NO REPORTADO,Mujer,NO REPORTADO,NO REPORTADO,NO REPORTADO,15512344.0
SANEAMIENTO BÁSICO,NO REPORTADO,NO REPORTADO,URBANO,NO DISPONIBLE,NO REGISTRADO,FONVIVIENDA,NO REPORTADO,Mujer,NO REPORTADO,NO REPORTADO,NO REPORTADO,13916152.0
SANEAMIENTO BÁSICO,NO REPORTADO,NO REPORTADO,URBANO,NO DISPONIBLE,NO REGISTRADO,FONVIVIENDA,NO REPORTADO,Mujer,NO REPORTADO,NO REPORTADO,NO REPORTADO,13896446.0
SANEAMIENTO BÁSICO,NO REPORTADO,NO REPORTADO,URBANO,NO DISPONIBLE,NO REGISTRADO,FONVIVIENDA,NO REPORTADO,Mujer,NO REPORTADO,NO REPORTADO,NO REPORTADO,13769286.0
SANEAMIENTO BÁSICO,NO REPORTADO,NO REPORTADO,URBANO,NO DISPONIBLE,NO REGISTRADO,FONVIVIENDA,NO REPORTADO,Mujer,NO REPORTADO,NO REPORTADO,NO REPORTADO,13728251.0
SANEAMIENTO BÁSICO,NO REPORTADO,NO REPORTADO,URBANO,NO DISPONIBLE,NO REGISTRADO,FONVIVIENDA,NO REPORTADO,Mujer,NO REPORTADO,NO REPORTADO,NO REPORTADO,13784959.0
SANEAMIENTO BÁSICO,NO REPORTADO,NO REPORTADO,URBANO,NO DISPONIBLE,NO REGISTRADO,FONVIVIENDA,NO REPORTADO,Mujer,NO REPORTADO,NO REPORTADO,NO REPORTADO,13794105.0
SANEAMIENTO BÁSICO,NO REPORTADO,NO REPORTADO,URBANO,NO DISPONIBLE,NO REGISTRADO,FONVIVIENDA,NO REPORTADO,Mujer,NO REPORTADO,NO REPORTADO,NO REPORTADO,13858769.0
SANEAMIENTO BÁSICO,NO REPORTADO,NO REPORTADO,URBANO,NO DISPONIBLE,NO REGISTRADO,FONVIVIENDA,NO REPORTADO,Mujer,NO REPORTADO,NO REPORTADO,NO REPORTADO,15576128.0
SANEAMIENTO BÁSICO,NO REPORTADO,NO REPORTADO,URBANO,NO DISPONIBLE,NO REGISTRADO,FONVIVIENDA,NO REPORTADO,Mujer,NO REPORTADO,NO REPORTADO,NO REPORTADO,15539706.0
SANEAMIENTO BÁSICO,NO REPORTADO,NO REPORTADO,URBANO,NO DISPONIBLE,NO REGISTRADO,FONVIVIENDA,NO REPORTADO,Mujer,NO REPORTADO,NO REPORTADO,NO REPORTADO,13915441.0
SANEAMIENTO BÁSICO,NO REPORTADO,NO REPORTADO,URBANO,NO DISPONIBLE,NO REGISTRADO,FONVIVIENDA,NO REPORTADO,Hombre,NO REPORTADO,NO REPORTADO,NO REPORTADO,13850166.0
SANEAMIENTO BÁSICO,NO REPORTADO,NO REPORTADO,URBANO,NO DISPONIBLE,NO REGISTRADO,FONVIVIENDA,NO REPORTADO,Hombre,NO REPORTADO,NO REPORTADO,NO REPORTADO,13903911.0
SANEAMIENTO BÁSICO,NO REPORTADO,NO REPORTADO,URBANO,NO DISPONIBLE,NO REGISTRADO,FONVIVIENDA,NO REPORTADO,Hombre,NO REPORTADO,NO REPORTADO,NO REPORTADO,15599347.0
SANEAMIENTO BÁSICO,NO REPORTADO,NO REPORTADO,URBANO,NO DISPONIBLE,NO REGISTRADO,FONVIVIENDA,NO REPORTADO,Mujer,NO REPORTADO,NO REPORTADO,NO REPORTADO,15484748.0
SANEAMIENTO BÁSICO,NO REPORTADO,NO REPORTADO,URBANO,NO DISPONIBLE,NO REGISTRADO,FONVIVIENDA,NO REPORTADO,Mujer,NO REPORTADO,NO REPORTADO,NO REPORTADO,15599121.0
SANEAMIENTO BÁSICO,NO REPORTADO,NO REPORTADO,URBANO,NO DISPONIBLE,NO REGISTRADO,FONVIVIENDA,NO REPORTADO,Mujer,NO REPORTADO,NO REPORTADO,NO REPORTADO,14883740.0
SANEAMIENTO BÁSICO,NO REPORTADO,NO REPORTADO,URBANO,NO DISPONIBLE,NO REGISTRADO,FONVIVIENDA,NO REPORTADO,Mujer,NO REPORTADO,NO REPORTADO,NO REPORTADO,15599088.0
SANEAMIENTO BÁSICO,NO REPORTADO,NO REPORTADO,URBANO,NO DISPONIBLE,NO REGISTRADO,FONVIVIENDA,NO REPORTADO,Mujer,NO REPORTADO,NO REPORTADO,NO REPORTADO,15563859.0
SANEAMIENTO BÁSICO,NO REPORTADO,NO REPORTADO,URBANO,NO DISPONIBLE,NO REGISTRADO,FONVIVIENDA,NO REPORTADO,Hombre,NO REPORTADO,NO REPORTADO,NO REPORTADO,15595545.0
SANEAMIENTO BÁSICO,NO REPORTADO,NO REPORTADO,URBANO,NO DISPONIBLE,NO REGISTRADO,FONVIVIENDA,NO REPORTADO,Mujer,NO REPORTADO,NO REPORTADO,NO REPORTADO,15517178.0
SANEAMIENTO BÁSICO,NO REPORTADO,NO REPORTADO,URBANO,NO DISPONIBLE,NO REGISTRADO,FONVIVIENDA,NO REPORTADO,Mujer,NO REPORTADO,NO REPORTADO,NO REPORTADO,15597794.0
SANEAMIENTO BÁSICO,NO REPORTADO,NO REPORTADO,URBANO,NO DISPONIBLE,NO REGISTRADO,FONVIVIENDA,NO REPORTADO,Mujer,NO REPORTADO,NO REPORTADO,NO REPORTADO,15372975.0
SANEAMIENTO BÁSICO,NO REPORTADO,NO REPORTADO,URBANO,NO DISPONIBLE,NO REGISTRADO,FONVIVIENDA,NO REPORTADO,Mujer,NO REPORTADO,NO REPORTADO,NO REPORTADO,15596667.0
SANEAMIENTO BÁSICO,NO REPORTADO,NO REPORTADO,URBANO,NO DISPONIBLE,NO REGISTRADO,FONVIVIENDA,NO REPORTADO,Mujer,NO REPORTADO,NO REPORTADO,NO REPORTADO,15595998.0
SANEAMIENTO BÁSICO,NO REPORTADO,NO REPORTADO,URBANO,NO DISPONIBLE,NO REGISTRADO,FONVIVIENDA,NO REPORTADO,Mujer,NO REPORTADO,NO REPORTADO,NO REPORTADO,13917529.0
SANEAMIENTO BÁSICO,NO REPORTADO,NO REPORTADO,URBANO,NO DISPONIBLE,NO REGISTRADO,FONVIVIENDA,NO REPORTADO,Mujer,NO REPORTADO,NO REPORTADO,NO REPORTADO,13877896.0
SANEAMIENTO BÁSICO,NO REPORTADO,NO REPORTADO,URBANO,NO DISPONIBLE,NO REGISTRADO,FONVIVIENDA,NO REPORTADO,Mujer,NO REPORTADO,NO REPORTADO,NO REPORTADO,13902335.0
SANEAMIENTO BÁSICO,NO REPORTADO,NO REPORTADO,URBANO,NO DISPONIBLE,NO REGISTRADO,FONVIVIENDA,NO REPORTADO,Mujer,NO REPORTADO,NO REPORTADO,NO REPORTADO,15521104.0
SANEAMIENTO BÁSICO,NO REPORTADO,NO REPORTADO,URBANO,NO DISPONIBLE,NO REGISTRADO,FONVIVIENDA,NO REPORTADO,Hombre,NO REPORTADO,NO REPORTADO,NO REPORTADO,15586532.0
SANEAMIENTO BÁSICO,NO REPORTADO,NO REPORTADO,URBANO,NO DISPONIBLE,NO REGISTRADO,FONVIVIENDA,NO REPORTADO,Mujer,NO REPORTADO,NO REPORTADO,NO REPORTADO,13574329.0
SANEAMIENTO BÁSICO,NO REPORTADO,NO REPORTADO,URBANO,NO DISPONIBLE,NO REGISTRADO,FONVIVIENDA,NO REPORTADO,Mujer,NO REPORTADO,NO REPORTADO,NO REPORTADO,12827560.0
SANEAMIENTO BÁSICO,NO REPORTADO,NO REPORTADO,URBANO,NO DISPONIBLE,NO REGISTRADO,FONVIVIENDA,NO REPORTADO,Mujer,NO REPORTADO,NO REPORTADO,NO REPORTADO,15445179.0
SANEAMIENTO BÁSICO,NO REPORTADO,NO REPORTADO,URBANO,NO DISPONIBLE,NO REGISTRADO,FONVIVIENDA,NO REPORTADO,Mujer,NO REPORTADO,NO REPORTADO,NO REPORTADO,13892676.0
SANEAMIENTO BÁSICO,NO REPORTADO,NO REPORTADO,URBANO,NO DISPONIBLE,NO REGISTRADO,FONVIVIENDA,NO REPORTADO,Hombre,NO REPORTADO,NO REPORTADO,NO REPORTADO,15535047.0
SANEAMIENTO BÁSICO,NO REPORTADO,NO REPORTADO,URBANO,NO DISPONIBLE,NO REGISTRADO,FONVIVIENDA,NO REPORTADO,Mujer,NO REPORTADO,NO REPORTADO,NO REPORTADO,15592737.0
SANEAMIENTO BÁSICO,NO REPORTADO,NO REPORTADO,URBANO,NO DISPONIBLE,NO REGISTRADO,FONVIVIENDA,NO REPORTADO,Mujer,NO REPORTADO,NO REPORTADO,NO REPORTADO,15598892.0
SANEAMIENTO BÁSICO,NO REPORTADO,NO REPORTADO,URBANO,NO DISPONIBLE,NO REGISTRADO,FONVIVIENDA,NO REPORTADO,Mujer,NO REPORTADO,NO REPORTADO,NO REPORTADO,15437279.0
SANEAMIENTO BÁSICO,NO REPORTADO,NO REPORTADO,URBANO,NO DISPONIBLE,NO REGISTRADO,FONVIVIENDA,NO REPORTADO,Mujer,NO REPORTADO,NO REPORTADO,NO REPORTADO,15575417.0
SANEAMIENTO BÁSICO,NO REPORTADO,NO REPORTADO,URBANO,NO DISPONIBLE,NO REGISTRADO,FONVIVIENDA,NO REPORTADO,Mujer,NO REPORTADO,NO REPORTADO,NO REPORTADO,15553573.0
SANEAMIENTO BÁSICO,NO REPORTADO,NO REPORTADO,URBANO,NO DISPONIBLE,NO REGISTRADO,FONVIVIENDA,NO REPORTADO,Mujer,NO REPORTADO,NO REPORTADO,NO REPORTADO,15543969.0
SANEAMIENTO BÁSICO,NO REPORTADO,NO REPORTADO,URBANO,NO DISPONIBLE,NO REGISTRADO,FONVIVIENDA,NO REPORTADO,Mujer,NO REPORTADO,NO REPORTADO,NO REPORTADO,13895132.0
SANEAMIENTO BÁSICO,NO REPORTADO,NO REPORTADO,URBANO,NO DISPONIBLE,NO REGISTRADO,FONVIVIENDA,NO REPORTADO,Mujer,NO REPORTADO,NO REPORTADO,NO REPORTADO,13886096.0
SANEAMIENTO BÁSICO,NO REPORTADO,NO REPORTADO,URBANO,NO DISPONIBLE,NO REGISTRADO,FONVIVIENDA,NO REPORTADO,Mujer,NO REPORTADO,NO REPORTADO,NO REPORTADO,15597956.0
SANEAMIENTO BÁSICO,NO REPORTADO,NO REPORTADO,URBANO,NO DISPONIBLE,NO REGISTRADO,FONVIVIENDA,NO REPORTADO,Mujer,NO REPORTADO,NO REPORTADO,NO REPORTADO,13803207.0
SANEAMIENTO BÁSICO,NO REPORTADO,NO REPORTADO,URBANO,NO DISPONIBLE,NO REGISTRADO,FONVIVIENDA,NO REPORTADO,Mujer,NO REPORTADO,NO REPORTADO,NO REPORTADO,15560877.0
SANEAMIENTO BÁSICO,NO REPORTADO,NO REPORTADO,URBANO,NO DISPONIBLE,NO REGISTRADO,FONVIVIENDA,NO REPORTADO,Mujer,NO REPORTADO,NO REPORTADO,NO REPORTADO,12301653.0
SANEAMIENTO BÁSICO,NO REPORTADO,NO REPORTADO,URBANO,NO DISPONIBLE,NO REGISTRADO,FONVIVIENDA,NO REPORTADO,Mujer,NO REPORTADO,NO REPORTADO,NO REPORTADO,15540070.0
SANEAMIENTO BÁSICO,NO REPORTADO,NO REPORTADO,URBANO,NO DISPONIBLE,NO REGISTRADO,FONVIVIENDA,NO REPORTADO,Mujer,NO REPORTADO,NO REPORTADO,NO REPORTADO,15596393.0
SANEAMIENTO BÁSICO,NO REPORTADO,NO REPORTADO,URBANO,NO DISPONIBLE,NO REGISTRADO,FONVIVIENDA,NO REPORTADO,Mujer,NO REPORTADO,NO REPORTADO,NO REPORTADO,15410192.0
SANEAMIENTO BÁSICO,NO REPORTADO,NO REPORTADO,URBANO,NO DISPONIBLE,NO REGISTRADO,FONVIVIENDA,NO REPORTADO,Mujer,NO REPORTADO,NO REPORTADO,NO REPORTADO,15598042.0
SANEAMIENTO BÁSICO,NO REPORTADO,NO REPORTADO,URBANO,NO DISPONIBLE,NO REGISTRADO,FONVIVIENDA,NO REPORTADO,Mujer,NO REPORTADO,NO REPORTADO,NO REPORTADO,15564856.0
SANEAMIENTO BÁSICO,NO REPORTADO,NO REPORTADO,URBANO,NO DISPONIBLE,NO REGISTRADO,FONVIVIENDA,NO REPORTADO,Mujer,NO REPORTADO,NO REPORTADO,NO REPORTADO,15515710.0
SANEAMIENTO BÁSICO,NO REPORTADO,NO REPORTADO,URBANO,NO DISPONIBLE,NO REGISTRADO,FONVIVIENDA,NO REPORTADO,Mujer,NO REPORTADO,NO REPORTADO,NO REPORTADO,15583381.0
SANEAMIENTO BÁSICO,NO REPORTADO,NO REPORTADO,URBANO,NO DISPONIBLE,NO REGISTRADO,FONVIVIENDA,NO REPORTADO,Hombre,NO REPORTADO,NO REPORTADO,NO REPORTADO,15540569.0
SANEAMIENTO BÁSICO,NO REPORTADO,NO REPORTADO,URBANO,NO DISPONIBLE,NO REGISTRADO,FONVIVIENDA,NO REPORTADO,Mujer,NO REPORTADO,NO REPORTADO,NO REPORTADO,15600000.0
SANEAMIENTO BÁSICO,NO REPORTADO,NO REPORTADO,URBANO,NO DISPONIBLE,NO REGISTRADO,FONVIVIENDA,NO REPORTADO,Mujer,NO REPORTADO,NO REPORTADO,NO REPORTADO,15551008.0
SANEAMIENTO BÁSICO,NO REPORTADO,NO REPORTADO,URBANO,NO DISPONIBLE,NO REGISTRADO,FONVIVIENDA,NO REPORTADO,Mujer,NO REPORTADO,NO REPORTADO,NO REPORTADO,15512966.0
SANEAMIENTO BÁSICO,NO REPORTADO,NO REPORTADO,URBANO,NO DISPONIBLE,NO REGISTRADO,FONVIVIENDA,NO REPORTADO,Mujer,NO REPORTADO,NO REPORTADO,NO REPORTADO,15593085.0
SANEAMIENTO BÁSICO,NO REPORTADO,NO REPORTADO,URBANO,NO DISPONIBLE,NO REGISTRADO,FONVIVIENDA,NO REPORTADO,Hombre,NO REPORTADO,NO REPORTADO,NO REPORTADO,13904436.0
SANEAMIENTO BÁSICO,NO REPORTADO,NO REPORTADO,URBANO,NO DISPONIBLE,NO REGISTRADO,FONVIVIENDA,NO REPORTADO,Mujer,NO REPORTADO,NO REPORTADO,NO REPORTADO,13907877.0
SANEAMIENTO BÁSICO,NO REPORTADO,NO REPORTADO,URBANO,NO DISPONIBLE,NO REGISTRADO,FONVIVIENDA,NO REPORTADO,Mujer,NO REPORTADO,NO REPORTADO,NO REPORTADO,13918726.0
SANEAMIENTO BÁSICO,NO REPORTADO,NO REPORTADO,URBANO,NO DISPONIBLE,NO REGISTRADO,FONVIVIENDA,NO REPORTADO,Mujer,NO REPORTADO,NO REPORTADO,NO REPORTADO,15599086.0
SANEAMIENTO BÁSICO,NO REPORTADO,NO REPORTADO,URBANO,NO DISPONIBLE,NO REGISTRADO,FONVIVIENDA,NO REPORTADO,Hombre,NO REPORTADO,NO REPORTADO,NO REPORTADO,15549344.0
SANEAMIENTO BÁSICO,NO REPORTADO,NO REPORTADO,URBANO,NO DISPONIBLE,NO REGISTRADO,FONVIVIENDA,NO REPORTADO,Mujer,NO REPORTADO,NO REPORTADO,NO REPORTADO,15490452.0
SANEAMIENTO BÁSICO,NO REPORTADO,NO REPORTADO,URBANO,NO DISPONIBLE,NO REGISTRADO,FONVIVIENDA,NO REPORTADO,Hombre,NO REPORTADO,NO REPORTADO,NO REPORTADO,13878167.0
SANEAMIENTO BÁSICO,NO REPORTADO,NO REPORTADO,URBANO,NO DISPONIBLE,NO REGISTRADO,FONVIVIENDA,NO REPORTADO,Mujer,NO REPORTADO,NO REPORTADO,NO REPORTADO,13836232.0
SANEAMIENTO BÁSICO,NO REPORTADO,NO REPORTADO,URBANO,NO DISPONIBLE,NO REGISTRADO,FONVIVIENDA,NO REPORTADO,Mujer,NO REPORTADO,NO REPORTADO,NO REPORTADO,15489144.0
SANEAMIENTO BÁSICO,NO REPORTADO,NO REPORTADO,URBANO,NO DISPONIBLE,NO REGISTRADO,FONVIVIENDA,NO REPORTADO,Mujer,NO REPORTADO,NO REPORTADO,NO REPORTADO,15594147.0
SANEAMIENTO BÁSICO,NO REPORTADO,NO REPORTADO,URBANO,NO DISPONIBLE,NO REGISTRADO,FONVIVIENDA,NO REPORTADO,Mujer,NO REPORTADO,NO REPORTADO,NO REPORTADO,15540191.0
SANEAMIENTO BÁSICO,NO REPORTADO,NO REPORTADO,URBANO,NO DISPONIBLE,NO REGISTRADO,FONVIVIENDA,NO REPORTADO,Hombre,NO REPORTADO,NO REPORTADO,NO REPORTADO,15592074.0
SANEAMIENTO BÁSICO,NO REPORTADO,NO REPORTADO,URBANO,NO DISPONIBLE,NO REGISTRADO,FONVIVIENDA,NO REPORTADO,Hombre,NO REPORTADO,NO REPORTADO,NO REPORTADO,15597682.0
SANEAMIENTO BÁSICO,NO REPORTADO,NO REPORTADO,URBANO,NO DISPONIBLE,NO REGISTRADO,FONVIVIENDA,NO REPORTADO,Hombre,NO REPORTADO,NO REPORTADO,NO REPORTADO,15599676.0
SANEAMIENTO BÁSICO,NO REPORTADO,NO REPORTADO,URBANO,NO DISPONIBLE,NO REGISTRADO,FONVIVIENDA,NO REPORTADO,Mujer,NO REPORTADO,NO REPORTADO,NO REPORTADO,15589973.0
SANEAMIENTO BÁSICO,NO REPORTADO,NO REPORTADO,URBANO,NO DISPONIBLE,NO REGISTRADO,FONVIVIENDA,NO REPORTADO,Mujer,NO REPORTADO,NO REPORTADO,NO REPORTADO,13597105.0
SANEAMIENTO BÁSICO,NO REPORTADO,NO REPORTADO,URBANO,NO DISPONIBLE,NO REGISTRADO,FONVIVIENDA,NO REPORTADO,Mujer,NO REPORTADO,NO REPORTADO,NO REPORTADO,15594012.0
SANEAMIENTO BÁSICO,NO REPORTADO,NO REPORTADO,URBANO,NO DISPONIBLE,NO REGISTRADO,FONVIVIENDA,NO REPORTADO,Mujer,NO REPORTADO,NO REPORTADO,NO REPORTADO,15596976.0
SANEAMIENTO BÁSICO,NO REPORTADO,NO REPORTADO,URBANO,NO DISPONIBLE,NO REGISTRADO,FONVIVIENDA,NO REPORTADO,Hombre,NO REPORTADO,NO REPORTADO,NO REPORTADO,15378377.0
SANEAMIENTO BÁSICO,NO REPORTADO,NO REPORTADO,URBANO,NO DISPONIBLE,NO REGISTRADO,FONVIVIENDA,NO REPORTADO,Mujer,NO REPORTADO,NO REPORTADO,NO REPORTADO,15594474.0
SANEAMIENTO BÁSICO,NO REPORTADO,NO REPORTADO,URBANO,NO DISPONIBLE,NO REGISTRADO,FONVIVIENDA,NO REPORTADO,Mujer,NO REPORTADO,NO REPORTADO,NO REPORTADO,15542843.0
SANEAMIENTO BÁSICO,NO REPORTADO,NO REPORTADO,URBANO,NO DISPONIBLE,NO REGISTRADO,FONVIVIENDA,NO REPORTADO,Hombre,NO REPORTADO,NO REPORTADO,NO REPORTADO,15560375.0
SANEAMIENTO BÁSICO,NO REPORTADO,NO REPORTADO,URBANO,NO DISPONIBLE,NO REGISTRADO,FONVIVIENDA,NO REPORTADO,Mujer,NO REPORTADO,NO REPORTADO,NO REPORTADO,15597652.0
SANEAMIENTO BÁSICO,NO REPORTADO,NO REPORTADO,URBANO,NO DISPONIBLE,NO REGISTRADO,FONVIVIENDA,NO REPORTADO,Mujer,NO REPORTADO,NO REPORTADO,NO REPORTADO,15599001.0
SANEAMIENTO BÁSICO,NO REPORTADO,NO REPORTADO,URBANO,NO DISPONIBLE,NO REGISTRADO,FONVIVIENDA,NO REPORTADO,Mujer,NO REPORTADO,NO REPORTADO,NO REPORTADO,15597495.0
SANEAMIENTO BÁSICO,NO REPORTADO,NO REPORTADO,URBANO,NO DISPONIBLE,NO REGISTRADO,FONVIVIENDA,NO REPORTADO,Hombre,NO REPORTADO,NO REPORTADO,NO REPORTADO,13858633.0
SANEAMIENTO BÁSICO,NO REPORTADO,NO REPORTADO,URBANO,NO DISPONIBLE,NO REGISTRADO,FONVIVIENDA,NO REPORTADO,Mujer,NO REPORTADO,NO REPORTADO,NO REPORTADO,13615750.0
SANEAMIENTO BÁSICO,NO REPORTADO,NO REPORTADO,URBANO,NO DISPONIBLE,NO REGISTRADO,FONVIVIENDA,NO REPORTADO,Mujer,NO REPORTADO,NO REPORTADO,NO REPORTADO,13795486.0
SANEAMIENTO BÁSICO,NO REPORTADO,NO REPORTADO,URBANO,NO DISPONIBLE,NO REGISTRADO,FONVIVIENDA,NO REPORTADO,Mujer,NO REPORTADO,NO REPORTADO,NO REPORTADO,13851120.0
SANEAMIENTO BÁSICO,NO REPORTADO,NO REPORTADO,URBANO,NO DISPONIBLE,NO REGISTRADO,FONVIVIENDA,NO REPORTADO,Mujer,NO REPORTADO,NO REPORTADO,NO REPORTADO,13846700.0
SANEAMIENTO BÁSICO,NO REPORTADO,NO REPORTADO,URBANO,NO DISPONIBLE,NO REGISTRADO,FONVIVIENDA,NO REPORTADO,Hombre,NO REPORTADO,NO REPORTADO,NO REPORTADO,15595069.0
SANEAMIENTO BÁSICO,NO REPORTADO,NO REPORTADO,URBANO,NO DISPONIBLE,NO REGISTRADO,FONVIVIENDA,NO REPORTADO,Mujer,NO REPORTADO,NO REPORTADO,NO REPORTADO,13913285.0
SANEAMIENTO BÁSICO,NO REPORTADO,NO REPORTADO,URBANO,NO DISPONIBLE,NO REGISTRADO,FONVIVIENDA,NO REPORTADO,Mujer,NO REPORTADO,NO REPORTADO,NO REPORTADO,13902154.0
SANEAMIENTO BÁSICO,NO REPORTADO,NO REPORTADO,URBANO,NO DISPONIBLE,NO REGISTRADO,FONVIVIENDA,NO REPORTADO,Hombre,NO REPORTADO,NO REPORTADO,NO REPORTADO,13734006.0
SANEAMIENTO BÁSICO,NO REPORTADO,NO REPORTADO,URBANO,NO DISPONIBLE,NO REGISTRADO,FONVIVIENDA,NO REPORTADO,Hombre,NO REPORTADO,NO REPORTADO,NO REPORTADO,13742964.0
SANEAMIENTO BÁSICO,NO REPORTADO,NO REPORTADO,URBANO,NO DISPONIBLE,NO REGISTRADO,FONVIVIENDA,NO REPORTADO,Mujer,NO REPORTADO,NO REPORTADO,NO REPORTADO,15356511.0
SANEAMIENTO BÁSICO,NO REPORTADO,NO REPORTADO,URBANO,NO DISPONIBLE,NO REGISTRADO,FONVIVIENDA,NO REPORTADO,Mujer,NO REPORTADO,NO REPORTADO,NO REPORTADO,15485837.0
SANEAMIENTO BÁSICO,NO REPORTADO,NO REPORTADO,URBANO,NO DISPONIBLE,NO REGISTRADO,FONVIVIENDA,NO REPORTADO,Mujer,NO REPORTADO,NO REPORTADO,NO REPORTADO,13905450.0
SANEAMIENTO BÁSICO,NO REPORTADO,NO REPORTADO,URBANO,NO DISPONIBLE,NO REGISTRADO,FONVIVIENDA,NO REPORTADO,Mujer,NO REPORTADO,NO REPORTADO,NO REPORTADO,13738786.0
SANEAMIENTO BÁSICO,NO REPORTADO,NO REPORTADO,URBANO,NO DISPONIBLE,NO REGISTRADO,FONVIVIENDA,NO REPORTADO,Hombre,NO REPORTADO,NO REPORTADO,NO REPORTADO,13851006.0
SANEAMIENTO BÁSICO,NO REPORTADO,NO REPORTADO,URBANO,NO DISPONIBLE,NO REGISTRADO,FONVIVIENDA,NO REPORTADO,Mujer,NO REPORTADO,NO REPORTADO,NO REPORTADO,13907177.0
SANEAMIENTO BÁSICO,NO REPORTADO,NO REPORTADO,URBANO,NO DISPONIBLE,NO REGISTRADO,FONVIVIENDA,NO REPORTADO,Mujer,NO REPORTADO,NO REPORTADO,NO REPORTADO,13852522.0
SANEAMIENTO BÁSICO,NO REPORTADO,NO REPORTADO,URBANO,NO DISPONIBLE,NO REGISTRADO,FONVIVIENDA,NO REPORTADO,Mujer,NO REPORTADO,NO REPORTADO,NO REPORTADO,13819223.0
SANEAMIENTO BÁSICO,NO REPORTADO,NO REPORTADO,URBANO,NO DISPONIBLE,NO REGISTRADO,FONVIVIENDA,NO REPORTADO,Hombre,NO REPORTADO,NO REPORTADO,NO REPORTADO,13733826.0
SANEAMIENTO BÁSICO,NO REPORTADO,NO REPORTADO,URBANO,NO DISPONIBLE,NO REGISTRADO,FONVIVIENDA,NO REPORTADO,Mujer,NO REPORTADO,NO REPORTADO,NO REPORTADO,13839824.0
SANEAMIENTO BÁSICO,NO REPORTADO,NO REPORTADO,URBANO,NO DISPONIBLE,NO REGISTRADO,FONVIVIENDA,NO REPORTADO,Hombre,NO REPORTADO,NO REPORTADO,NO REPORTADO,13919148.0
SANEAMIENTO BÁSICO,NO REPORTADO,NO REPORTADO,URBANO,NO DISPONIBLE,NO REGISTRADO,FONVIVIENDA,NO REPORTADO,Hombre,NO REPORTADO,NO REPORTADO,NO REPORTADO,13708688.0
SANEAMIENTO BÁSICO,NO REPORTADO,NO REPORTADO,URBANO,NO DISPONIBLE,NO REGISTRADO,FONVIVIENDA,NO REPORTADO,Mujer,NO REPORTADO,NO REPORTADO,NO REPORTADO,15500973.0
SANEAMIENTO BÁSICO,NO REPORTADO,NO REPORTADO,URBANO,NO DISPONIBLE,NO REGISTRADO,FONVIVIENDA,NO REPORTADO,Hombre,NO REPORTADO,NO REPORTADO,NO REPORTADO,15597463.0
SANEAMIENTO BÁSICO,NO REPORTADO,NO REPORTADO,URBANO,NO DISPONIBLE,NO REGISTRADO,FONVIVIENDA,NO REPORTADO,Mujer,NO REPORTADO,NO REPORTADO,NO REPORTADO,13792166.0
SANEAMIENTO BÁSICO,NO REPORTADO,NO REPORTADO,URBANO,NO DISPONIBLE,NO REGISTRADO,FONVIVIENDA,NO REPORTADO,Mujer,NO REPORTADO,NO REPORTADO,NO REPORTADO,13810473.0
SANEAMIENTO BÁSICO,NO REPORTADO,NO REPORTADO,URBANO,NO DISPONIBLE,NO REGISTRADO,FONVIVIENDA,NO REPORTADO,Mujer,NO REPORTADO,NO REPORTADO,NO REPORTADO,13630716.0
SANEAMIENTO BÁSICO,NO REPORTADO,NO REPORTADO,URBANO,NO DISPONIBLE,NO REGISTRADO,FONVIVIENDA,NO REPORTADO,Mujer,NO REPORTADO,NO REPORTADO,NO REPORTADO,13829474.0
SANEAMIENTO BÁSICO,NO REPORTADO,NO REPORTADO,URBANO,NO DISPONIBLE,NO REGISTRADO,FONVIVIENDA,NO REPORTADO,Hombre,NO REPORTADO,NO REPORTADO,NO REPORTADO,15582275.0
SANEAMIENTO BÁSICO,NO REPORTADO,NO REPORTADO,URBANO,NO DISPONIBLE,NO REGISTRADO,FONVIVIENDA,NO REPORTADO,Mujer,NO REPORTADO,NO REPORTADO,NO REPORTADO,15596410.0
SANEAMIENTO BÁSICO,NO REPORTADO,NO REPORTADO,URBANO,NO DISPONIBLE,NO REGISTRADO,FONVIVIENDA,NO REPORTADO,Mujer,NO REPORTADO,NO REPORTADO,NO REPORTADO,15599908.0
SANEAMIENTO BÁSICO,NO REPORTADO,NO REPORTADO,URBANO,NO DISPONIBLE,NO REGISTRADO,FONVIVIENDA,NO REPORTADO,Mujer,NO REPORTADO,NO REPORTADO,NO REPORTADO,13868034.0
SANEAMIENTO BÁSICO,NO REPORTADO,NO REPORTADO,URBANO,NO DISPONIBLE,NO REGISTRADO,FONVIVIENDA,NO REPORTADO,Mujer,NO REPORTADO,NO REPORTADO,NO REPORTADO,13917944.0
SANEAMIENTO BÁSICO,NO REPORTADO,NO REPORTADO,URBANO,NO DISPONIBLE,NO REGISTRADO,FONVIVIENDA,NO REPORTADO,Mujer,NO REPORTADO,NO REPORTADO,NO REPORTADO,15597347.0
SANEAMIENTO BÁSICO,NO REPORTADO,NO REPORTADO,URBANO,NO DISPONIBLE,NO REGISTRADO,FONVIVIENDA,NO REPORTADO,Mujer,NO REPORTADO,NO REPORTADO,NO REPORTADO,15597116.0
SANEAMIENTO BÁSICO,NO REPORTADO,NO REPORTADO,URBANO,NO DISPONIBLE,NO REGISTRADO,FONVIVIENDA,NO REPORTADO,Mujer,NO REPORTADO,NO REPORTADO,NO REPORTADO,15511307.0
SANEAMIENTO BÁSICO,NO REPORTADO,NO REPORTADO,URBANO,NO DISPONIBLE,NO REGISTRADO,FONVIVIENDA,NO REPORTADO,Mujer,NO REPORTADO,NO REPORTADO,NO REPORTADO,15599219.0
SANEAMIENTO BÁSICO,NO REPORTADO,NO REPORTADO,URBANO,NO DISPONIBLE,NO REGISTRADO,FONVIVIENDA,NO REPORTADO,Mujer,NO REPORTADO,NO REPORTADO,NO REPORTADO,15529659.0
SANEAMIENTO BÁSICO,NO REPORTADO,NO REPORTADO,URBANO,NO DISPONIBLE,NO REGISTRADO,FONVIVIENDA,NO REPORTADO,Mujer,NO REPORTADO,NO REPORTADO,NO REPORTADO,15595718.0
SANEAMIENTO BÁSICO,NO REPORTADO,NO REPORTADO,URBANO,NO DISPONIBLE,NO REGISTRADO,FONVIVIENDA,NO REPORTADO,Mujer,NO REPORTADO,NO REPORTADO,NO REPORTADO,15336919.0
SANEAMIENTO BÁSICO,NO REPORTADO,NO REPORTADO,URBANO,NO DISPONIBLE,NO REGISTRADO,FONVIVIENDA,NO REPORTADO,Mujer,NO REPORTADO,NO REPORTADO,NO REPORTADO,14232691.0
SANEAMIENTO BÁSICO,NO REPORTADO,NO REPORTADO,URBANO,NO DISPONIBLE,NO REGISTRADO,FONVIVIENDA,NO REPORTADO,Mujer,NO REPORTADO,NO REPORTADO,NO REPORTADO,15321102.0
SANEAMIENTO BÁSICO,NO REPORTADO,NO REPORTADO,URBANO,NO DISPONIBLE,NO REGISTRADO,FONVIVIENDA,NO REPORTADO,Mujer,NO REPORTADO,NO REPORTADO,NO REPORTADO,13894459.0
SANEAMIENTO BÁSICO,NO REPORTADO,NO REPORTADO,URBANO,NO DISPONIBLE,NO REGISTRADO,FONVIVIENDA,NO REPORTADO,Mujer,NO REPORTADO,NO REPORTADO,NO REPORTADO,13861937.0
SANEAMIENTO BÁSICO,NO REPORTADO,NO REPORTADO,URBANO,NO DISPONIBLE,NO REGISTRADO,FONVIVIENDA,NO REPORTADO,Mujer,NO REPORTADO,NO REPORTADO,NO REPORTADO,13883739.0
SANEAMIENTO BÁSICO,NO REPORTADO,NO REPORTADO,URBANO,NO DISPONIBLE,NO REGISTRADO,FONVIVIENDA,NO REPORTADO,Mujer,NO REPORTADO,NO REPORTADO,NO REPORTADO,13919612.0
SANEAMIENTO BÁSICO,NO REPORTADO,NO REPORTADO,URBANO,NO DISPONIBLE,NO REGISTRADO,FONVIVIENDA,NO REPORTADO,Mujer,NO REPORTADO,NO REPORTADO,NO REPORTADO,13862061.0
SANEAMIENTO BÁSICO,NO REPORTADO,NO REPORTADO,URBANO,NO DISPONIBLE,NO REGISTRADO,FONVIVIENDA,NO REPORTADO,Mujer,NO REPORTADO,NO REPORTADO,NO REPORTADO,15562203.0
SANEAMIENTO BÁSICO,NO REPORTADO,NO REPORTADO,URBANO,NO DISPONIBLE,NO REGISTRADO,FONVIVIENDA,NO REPORTADO,Mujer,NO REPORTADO,NO REPORTADO,NO REPORTADO,13815055.0
SANEAMIENTO BÁSICO,NO REPORTADO,NO REPORTADO,URBANO,NO DISPONIBLE,NO REGISTRADO,FONVIVIENDA,NO REPORTADO,Hombre,NO REPORTADO,NO REPORTADO,NO REPORTADO,15591229.0
SANEAMIENTO BÁSICO,NO REPORTADO,NO REPORTADO,URBANO,NO DISPONIBLE,NO REGISTRADO,FONVIVIENDA,NO REPORTADO,Mujer,NO REPORTADO,NO REPORTADO,NO REPORTADO,15595722.0
SANEAMIENTO BÁSICO,NO REPORTADO,NO REPORTADO,URBANO,NO DISPONIBLE,NO REGISTRADO,FONVIVIENDA,NO REPORTADO,Mujer,NO REPORTADO,NO REPORTADO,NO REPORTADO,15586421.0
SANEAMIENTO BÁSICO,NO REPORTADO,NO REPORTADO,URBANO,NO DISPONIBLE,NO REGISTRADO,FONVIVIENDA,NO REPORTADO,Mujer,NO REPORTADO,NO REPORTADO,NO REPORTADO,13841660.0
SANEAMIENTO BÁSICO,NO REPORTADO,NO REPORTADO,URBANO,NO DISPONIBLE,NO REGISTRADO,FONVIVIENDA,NO REPORTADO,Hombre,NO REPORTADO,NO REPORTADO,NO REPORTADO,15533845.0
SANEAMIENTO BÁSICO,NO REPORTADO,NO REPORTADO,URBANO,NO DISPONIBLE,NO REGISTRADO,FONVIVIENDA,NO REPORTADO,Mujer,NO REPORTADO,NO REPORTADO,NO REPORTADO,15486182.0
SANEAMIENTO BÁSICO,NO REPORTADO,NO REPORTADO,URBANO,NO DISPONIBLE,NO REGISTRADO,FONVIVIENDA,NO REPORTADO,Mujer,NO REPORTADO,NO REPORTADO,NO REPORTADO,13894039.0
SANEAMIENTO BÁSICO,NO REPORTADO,NO REPORTADO,URBANO,NO DISPONIBLE,NO REGISTRADO,FONVIVIENDA,NO REPORTADO,Mujer,NO REPORTADO,NO REPORTADO,NO REPORTADO,15548115.0
SANEAMIENTO BÁSICO,NO REPORTADO,NO REPORTADO,URBANO,NO DISPONIBLE,NO REGISTRADO,FONVIVIENDA,NO REPORTADO,Hombre,NO REPORTADO,NO REPORTADO,NO REPORTADO,15595296.0
SANEAMIENTO BÁSICO,NO REPORTADO,NO REPORTADO,URBANO,NO DISPONIBLE,NO REGISTRADO,FONVIVIENDA,NO REPORTADO,Mujer,NO REPORTADO,NO REPORTADO,NO REPORTADO,13894934.0
SANEAMIENTO BÁSICO,NO REPORTADO,NO REPORTADO,URBANO,NO DISPONIBLE,NO REGISTRADO,FONVIVIENDA,NO REPORTADO,Mujer,NO REPORTADO,NO REPORTADO,NO REPORTADO,15538101.0
SANEAMIENTO BÁSICO,NO REPORTADO,NO REPORTADO,URBANO,NO DISPONIBLE,NO REGISTRADO,FONVIVIENDA,NO REPORTADO,Hombre,NO REPORTADO,NO REPORTADO,NO REPORTADO,15530759.0
SANEAMIENTO BÁSICO,NO REPORTADO,NO REPORTADO,URBANO,NO DISPONIBLE,NO REGISTRADO,FONVIVIENDA,NO REPORTADO,Mujer,NO REPORTADO,NO REPORTADO,NO REPORTADO,15574434.0
SANEAMIENTO BÁSICO,NO REPORTADO,NO REPORTADO,URBANO,NO DISPONIBLE,NO REGISTRADO,FONVIVIENDA,NO REPORTADO,Mujer,NO REPORTADO,NO REPORTADO,NO REPORTADO,15527423.0
SANEAMIENTO BÁSICO,NO REPORTADO,NO REPORTADO,URBANO,NO DISPONIBLE,NO REGISTRADO,FONVIVIENDA,NO REPORTADO,Hombre,NO REPORTADO,NO REPORTADO,NO REPORTADO,15494770.0
SANEAMIENTO BÁSICO,NO REPORTADO,NO REPORTADO,URBANO,NO DISPONIBLE,NO REGISTRADO,FONVIVIENDA,NO REPORTADO,Mujer,NO REPORTADO,NO REPORTADO,NO REPORTADO,13917222.0
SANEAMIENTO BÁSICO,NO REPORTADO,NO REPORTADO,URBANO,NO DISPONIBLE,NO REGISTRADO,FONVIVIENDA,NO REPORTADO,Hombre,NO REPORTADO,NO REPORTADO,NO REPORTADO,13859989.0
SANEAMIENTO BÁSICO,NO REPORTADO,NO REPORTADO,URBANO,NO DISPONIBLE,NO REGISTRADO,FONVIVIENDA,NO REPORTADO,Mujer,NO REPORTADO,NO REPORTADO,NO REPORTADO,13860196.0
SANEAMIENTO BÁSICO,NO REPORTADO,NO REPORTADO,URBANO,NO DISPONIBLE,NO REGISTRADO,FONVIVIENDA,NO REPORTADO,Mujer,NO REPORTADO,NO REPORTADO,NO REPORTADO,13816757.0
SANEAMIENTO BÁSICO,NO REPORTADO,NO REPORTADO,URBANO,NO DISPONIBLE,NO REGISTRADO,FONVIVIENDA,NO REPORTADO,Mujer,NO REPORTADO,NO REPORTADO,NO REPORTADO,13607271.0
SANEAMIENTO BÁSICO,NO REPORTADO,NO REPORTADO,URBANO,NO DISPONIBLE,NO REGISTRADO,FONVIVIENDA,NO REPORTADO,Mujer,NO REPORTADO,NO REPORTADO,NO REPORTADO,13889644.0
SANEAMIENTO BÁSICO,NO REPORTADO,NO REPORTADO,URBANO,NO DISPONIBLE,NO REGISTRADO,FONVIVIENDA,NO REPORTADO,Mujer,NO REPORTADO,NO REPORTADO,NO REPORTADO,13907162.0
SANEAMIENTO BÁSICO,NO REPORTADO,NO REPORTADO,URBANO,NO DISPONIBLE,NO REGISTRADO,FONVIVIENDA,NO REPORTADO,Mujer,NO REPORTADO,NO REPORTADO,NO REPORTADO,13883170.0
SANEAMIENTO BÁSICO,NO REPORTADO,NO REPORTADO,URBANO,NO DISPONIBLE,NO REGISTRADO,FONVIVIENDA,NO REPORTADO,Hombre,NO REPORTADO,NO REPORTADO,NO REPORTADO,13889677.0
SANEAMIENTO BÁSICO,NO REPORTADO,NO REPORTADO,URBANO,NO DISPONIBLE,NO REGISTRADO,FONVIVIENDA,NO REPORTADO,Mujer,NO REPORTADO,NO REPORTADO,NO REPORTADO,13875039.0
SANEAMIENTO BÁSICO,NO REPORTADO,NO REPORTADO,URBANO,NO DISPONIBLE,NO REGISTRADO,FONVIVIENDA,NO REPORTADO,Mujer,NO REPORTADO,NO REPORTADO,NO REPORTADO,13852108.0
SANEAMIENTO BÁSICO,NO REPORTADO,NO REPORTADO,URBANO,NO DISPONIBLE,NO REGISTRADO,FONVIVIENDA,NO REPORTADO,Mujer,NO REPORTADO,NO REPORTADO,NO REPORTADO,13898469.0
SANEAMIENTO BÁSICO,NO REPORTADO,NO REPORTADO,URBANO,NO DISPONIBLE,NO REGISTRADO,FONVIVIENDA,NO REPORTADO,Mujer,NO REPORTADO,NO REPORTADO,NO REPORTADO,13919059.0
SANEAMIENTO BÁSICO,NO REPORTADO,NO REPORTADO,URBANO,NO DISPONIBLE,NO REGISTRADO,FONVIVIENDA,NO REPORTADO,Mujer,NO REPORTADO,NO REPORTADO,NO REPORTADO,15599146.0
SANEAMIENTO BÁSICO,NO REPORTADO,NO REPORTADO,URBANO,NO DISPONIBLE,NO REGISTRADO,FONVIVIENDA,NO REPORTADO,Mujer,NO REPORTADO,NO REPORTADO,NO REPORTADO,15558094.0
SANEAMIENTO BÁSICO,NO REPORTADO,NO REPORTADO,URBANO,NO DISPONIBLE,NO REGISTRADO,FONVIVIENDA,NO REPORTADO,Mujer,NO REPORTADO,NO REPORTADO,NO REPORTADO,15442305.0
SANEAMIENTO BÁSICO,NO REPORTADO,NO REPORTADO,URBANO,NO DISPONIBLE,NO REGISTRADO,FONVIVIENDA,NO REPORTADO,Mujer,NO REPORTADO,NO REPORTADO,NO REPORTADO,15591677.0
SANEAMIENTO BÁSICO,NO REPORTADO,NO REPORTADO,URBANO,NO DISPONIBLE,NO REGISTRADO,FONVIVIENDA,NO REPORTADO,Mujer,NO REPORTADO,NO REPORTADO,NO REPORTADO,15573698.0
SANEAMIENTO BÁSICO,NO REPORTADO,NO REPORTADO,URBANO,NO DISPONIBLE,NO REGISTRADO,FONVIVIENDA,NO REPORTADO,Hombre,NO REPORTADO,NO REPORTADO,NO REPORTADO,15504632.0
SANEAMIENTO BÁSICO,NO REPORTADO,NO REPORTADO,URBANO,NO DISPONIBLE,NO REGISTRADO,FONVIVIENDA,NO REPORTADO,Mujer,NO REPORTADO,NO REPORTADO,NO REPORTADO,15599386.0
SANEAMIENTO BÁSICO,NO REPORTADO,NO REPORTADO,URBANO,NO DISPONIBLE,NO REGISTRADO,FONVIVIENDA,NO REPORTADO,Mujer,NO REPORTADO,NO REPORTADO,NO REPORTADO,15599926.0
SANEAMIENTO BÁSICO,NO REPORTADO,NO REPORTADO,URBANO,NO DISPONIBLE,NO REGISTRADO,FONVIVIENDA,NO REPORTADO,Mujer,NO REPORTADO,NO REPORTADO,NO REPORTADO,15461977.0
SANEAMIENTO BÁSICO,NO REPORTADO,NO REPORTADO,URBANO,NO DISPONIBLE,NO REGISTRADO,FONVIVIENDA,NO REPORTADO,Mujer,NO REPORTADO,NO REPORTADO,NO REPORTADO,13852281.0
SANEAMIENTO BÁSICO,NO REPORTADO,NO REPORTADO,URBANO,NO DISPONIBLE,NO REGISTRADO,FONVIVIENDA,NO REPORTADO,Mujer,NO REPORTADO,NO REPORTADO,NO REPORTADO,15598593.0
SANEAMIENTO BÁSICO,NO REPORTADO,NO REPORTADO,URBANO,NO DISPONIBLE,NO REGISTRADO,FONVIVIENDA,NO REPORTADO,Mujer,NO REPORTADO,NO REPORTADO,NO REPORTADO,15598990.0
SANEAMIENTO BÁSICO,NO REPORTADO,NO REPORTADO,URBANO,NO DISPONIBLE,NO REGISTRADO,FONVIVIENDA,NO REPORTADO,Hombre,NO REPORTADO,NO REPORTADO,NO REPORTADO,15599721.0
SANEAMIENTO BÁSICO,NO REPORTADO,NO REPORTADO,URBANO,NO DISPONIBLE,NO REGISTRADO,FONVIVIENDA,NO REPORTADO,Hombre,NO REPORTADO,NO REPORTADO,NO REPORTADO,15596029.0
SANEAMIENTO BÁSICO,NO REPORTADO,NO REPORTADO,URBANO,NO DISPONIBLE,NO REGISTRADO,FONVIVIENDA,NO REPORTADO,Mujer,NO REPORTADO,NO REPORTADO,NO REPORTADO,14980573.0
SANEAMIENTO BÁSICO,NO REPORTADO,NO REPORTADO,URBANO,NO DISPONIBLE,NO REGISTRADO,FONVIVIENDA,NO REPORTADO,Mujer,NO REPORTADO,NO REPORTADO,NO REPORTADO,15476398.0
SANEAMIENTO BÁSICO,NO REPORTADO,NO REPORTADO,URBANO,NO DISPONIBLE,NO REGISTRADO,FONVIVIENDA,NO REPORTADO,Mujer,NO REPORTADO,NO REPORTADO,NO REPORTADO,13841675.0
SANEAMIENTO BÁSICO,NO REPORTADO,NO REPORTADO,URBANO,NO DISPONIBLE,NO REGISTRADO,FONVIVIENDA,NO REPORTADO,Mujer,NO REPORTADO,NO REPORTADO,NO REPORTADO,13889142.0
SANEAMIENTO BÁSICO,NO REPORTADO,NO REPORTADO,URBANO,NO DISPONIBLE,NO REGISTRADO,FONVIVIENDA,NO REPORTADO,Mujer,NO REPORTADO,NO REPORTADO,NO REPORTADO,13856766.0
SANEAMIENTO BÁSICO,NO REPORTADO,NO REPORTADO,URBANO,NO DISPONIBLE,NO REGISTRADO,FONVIVIENDA,NO REPORTADO,Hombre,NO REPORTADO,NO REPORTADO,NO REPORTADO,13785432.0
SANEAMIENTO BÁSICO,NO REPORTADO,NO REPORTADO,URBANO,NO DISPONIBLE,NO REGISTRADO,FONVIVIENDA,NO REPORTADO,Mujer,NO REPORTADO,NO REPORTADO,NO REPORTADO,13910594.0
SANEAMIENTO BÁSICO,NO REPORTADO,NO REPORTADO,URBANO,NO DISPONIBLE,NO REGISTRADO,FONVIVIENDA,NO REPORTADO,Hombre,NO REPORTADO,NO REPORTADO,NO REPORTADO,13886442.0
SANEAMIENTO BÁSICO Y CONDICIONES DE HABITABILIDAD,Menor a 1 SMMLV,Localidad 2 - Virgen y Turistica,RURAL,ADULTEZ (29-59),Víctima Conflicto Armado por Desplazamiento Forzado,CORVIVIENDA,Básica secundaria (6.o - 9.o),Mujer,Soltero(a),Trabajador Independiente,"Negro(a), mulato(a), afrodescendiente, afrocolombiano(a)",19929000.0
SANEAMIENTO BÁSICO Y CONDICIONES DE HABITABILIDAD,Menor a 1 SMMLV,Localidad 2 - Virgen y Turistica,RURAL,ADULTEZ (29-59),Pobreza Extrema,CORVIVIENDA,Preescolar,Mujer,Unión libre,Ama de Casa/Cuidador,"Negro(a), mulato(a), afrodescendiente, afrocolombiano(a)",19929000.0
SANEAMIENTO BÁSICO Y CONDICIONES DE HABITABILIDAD,No tiene,Localidad 2 - Virgen y Turistica,RURAL,ADULTO MAYOR (60 o más),Pobreza Extrema,CORVIVIENDA,Básica primaria (1.o - 5.o),Mujer,Viudo(a),Ama de Casa/Cuidador,"Negro(a), mulato(a), afrodescendiente, afrocolombiano(a)",19929000.0
SANEAMIENTO BÁSICO Y CONDICIONES DE HABITABILIDAD,Menor a 1 SMMLV,Localidad 2 - Virgen y Turistica,RURAL,ADULTEZ (29-59),Pobreza Extrema,CORVIVIENDA,Media (10.o - 13.o),Mujer,Unión libre,Trabajador Independiente,"Negro(a), mulato(a), afrodescendiente, afrocolombiano(a)",19929000.0
SANEAMIENTO BÁSICO Y CONDICIONES DE HABITABILIDAD,Menor a 1 SMMLV,Localidad 1 - Historica y del Caribe Norte,RURAL,ADULTEZ (29-59),Pobreza Extrema,CORVIVIENDA,Técnico o tecnológico (1 - 4),Hombre,Casado(a),Empleado,"Negro(a), mulato(a), afrodescendiente, afrocolombiano(a)",19929000.0
SANEAMIENTO BÁSICO Y CONDICIONES DE HABITABILIDAD,Entre 1 y 2 SMMLV,Localidad 2 - Virgen y Turistica,RURAL,ADULTEZ (29-59),Pobreza Extrema,CORVIVIENDA,Técnico o tecnológico (1 - 4),Hombre,Unión libre,Trabajador Independiente,"Negro(a), mulato(a), afrodescendiente, afrocolombiano(a)",19929000.0
SANEAMIENTO BÁSICO Y CONDICIONES DE HABITABILIDAD,Entre 1 y 2 SMMLV,Localidad 2 - Virgen y Turistica,RURAL,ADULTEZ (29-59),Pobreza Extrema,CORVIVIENDA,Técnico o tecnológico (1 - 4),Mujer,Casado(a),Ama de Casa/Cuidador,Ninguno,19929000.0
SANEAMIENTO BÁSICO Y CONDICIONES DE HABITABILIDAD,Entre 1 y 2 SMMLV,Localidad 1 - Historica y del Caribe Norte,RURAL,JUVENTUD (18-28),Pobreza Extrema,CORVIVIENDA,Técnico o tecnológico (1 - 4),Mujer,Unión libre,Empleado,"Negro(a), mulato(a), afrodescendiente, afrocolombiano(a)",19929000.0
SANEAMIENTO BÁSICO Y CONDICIONES DE HABITABILIDAD,No tiene,Localidad 1 - Historica y del Caribe Norte,RURAL,ADULTEZ (29-59),Ninguno,CORVIVIENDA,Básica primaria (1.o - 5.o),Mujer,Casado(a),Ama de Casa/Cuidador,"Negro(a), mulato(a), afrodescendiente, afrocolombiano(a)",19929000.0
SANEAMIENTO BÁSICO Y CONDICIONES DE HABITABILIDAD,Menor a 1 SMMLV,Localidad 2 - Virgen y Turistica,RURAL,ADULTEZ (29-59),Pobreza Extrema,CORVIVIENDA,Media (10.o - 13.o),Mujer,Unión libre,Ama de Casa/Cuidador,"Negro(a), mulato(a), afrodescendiente, afrocolombiano(a)",19929000.0
SANEAMIENTO BÁSICO Y CONDICIONES DE HABITABILIDAD,Menor a 1 SMMLV,Localidad 2 - Virgen y Turistica,RURAL,ADULTO MAYOR (60 o más),Pobreza Extrema,CORVIVIENDA,Básica primaria (1.o - 5.o),Hombre,Unión libre,Sin actividad,"Negro(a), mulato(a), afrodescendiente, afrocolombiano(a)",19929000.0
SANEAMIENTO BÁSICO Y CONDICIONES DE HABITABILIDAD,Menor a 1 SMMLV,Localidad 2 - Virgen y Turistica,RURAL,ADULTO MAYOR (60 o más),Pobreza Extrema,CORVIVIENDA,Básica primaria (1.o - 5.o),Mujer,Soltero(a),Ama de Casa/Cuidador,Ninguno,19929000.0
SANEAMIENTO BÁSICO Y CONDICIONES DE HABITABILIDAD,Entre 1 y 2 SMMLV,Localidad 2 - Virgen y Turistica,RURAL,ADULTO MAYOR (60 o más),Pobreza Extrema,CORVIVIENDA,Media (10.o - 13.o),Mujer,Soltero(a),Trabajador Independiente,"Negro(a), mulato(a), afrodescendiente, afrocolombiano(a)",19929000.0
SANEAMIENTO BÁSICO Y CONDICIONES DE HABITABILIDAD,No tiene,Localidad 1 - Historica y del Caribe Norte,RURAL,ADULTEZ (29-59),Ninguno,CORVIVIENDA,Básica primaria (1.o - 5.o),Mujer,Soltero(a),Ama de Casa/Cuidador,"Negro(a), mulato(a), afrodescendiente, afrocolombiano(a)",19929000.0
SANEAMIENTO BÁSICO Y CONDICIONES DE HABITABILIDAD,Menor a 1 SMMLV,Localidad 1 - Historica y del Caribe Norte,RURAL,ADULTO MAYOR (60 o más),Pobreza Extrema,CORVIVIENDA,Básica secundaria (6.o - 9.o),Mujer,Soltero(a),Ama de Casa/Cuidador,"Negro(a), mulato(a), afrodescendiente, afrocolombiano(a)",19929000.0
SANEAMIENTO BÁSICO Y CONDICIONES DE HABITABILIDAD,Entre 1 y 2 SMMLV,Localidad 2 - Virgen y Turistica,RURAL,ADULTO MAYOR (60 o más),Ninguno,CORVIVIENDA,Básica primaria (1.o - 5.o),Mujer,Unión libre,Ama de Casa/Cuidador,"Negro(a), mulato(a), afrodescendiente, afrocolombiano(a)",19929000.0
SANEAMIENTO BÁSICO Y CONDICIONES DE HABITABILIDAD,Entre 1 y 2 SMMLV,Localidad 1 - Historica y del Caribe Norte,RURAL,ADULTO MAYOR (60 o más),Pobreza Extrema,CORVIVIENDA,Básica secundaria (6.o - 9.o),Mujer,Unión libre,Ama de Casa/Cuidador,"Negro(a), mulato(a), afrodescendiente, afrocolombiano(a)",19929000.0
SANEAMIENTO BÁSICO Y CONDICIONES DE HABITABILIDAD,Menor a 1 SMMLV,Localidad 2 - Virgen y Turistica,RURAL,ADULTO MAYOR (60 o más),Pobreza Extrema,CORVIVIENDA,Básica primaria (1.o - 5.o),Hombre,Separado(a) o divorciado(a),Trabajador Independiente,"Negro(a), mulato(a), afrodescendiente, afrocolombiano(a)",19929000.0
SANEAMIENTO BÁSICO Y CONDICIONES DE HABITABILIDAD,Menor a 1 SMMLV,Localidad 2 - Virgen y Turistica,RURAL,ADULTEZ (29-59),Pobreza Extrema,CORVIVIENDA,Básica primaria (1.o - 5.o),Mujer,Unión libre,Trabajador Independiente,"Negro(a), mulato(a), afrodescendiente, afrocolombiano(a)",19929000.0
SANEAMIENTO BÁSICO Y CONDICIONES DE HABITABILIDAD,Menor a 1 SMMLV,Localidad 2 - Virgen y Turistica,RURAL,ADULTEZ (29-59),Ninguno,CORVIVIENDA,Básica secundaria (6.o - 9.o),Mujer,Unión libre,Trabajador Independiente,"Negro(a), mulato(a), afrodescendiente, afrocolombiano(a)",19929000.0
SANEAMIENTO BÁSICO Y CONDICIONES DE HABITABILIDAD,No tiene,Localidad 2 - Virgen y Turistica,RURAL,ADULTEZ (29-59),Pobreza Extrema,CORVIVIENDA,Universitario (1 - 6),Mujer,Viudo(a),Ama de Casa/Cuidador,"Negro(a), mulato(a), afrodescendiente, afrocolombiano(a)",19929000.0
SANEAMIENTO BÁSICO Y CONDICIONES DE HABITABILIDAD,Menor a 1 SMMLV,Localidad 1 - Historica y del Caribe Norte,RURAL,ADULTEZ (29-59),Pobreza Extrema,CORVIVIENDA,Básica secundaria (6.o - 9.o),Mujer,Soltero(a),Empleado,"Negro(a), mulato(a), afrodescendiente, afrocolombiano(a)",19929000.0
SANEAMIENTO BÁSICO Y CONDICIONES DE HABITABILIDAD,Menor a 1 SMMLV,Localidad 2 - Virgen y Turistica,RURAL,ADULTEZ (29-59),Pobreza Extrema,CORVIVIENDA,Básica secundaria (6.o - 9.o),Hombre,Unión libre,Trabajador Independiente,"Negro(a), mulato(a), afrodescendiente, afrocolombiano(a)",19929000.0
SANEAMIENTO BÁSICO Y CONDICIONES DE HABITABILIDAD,Menor a 1 SMMLV,Localidad 2 - Virgen y Turistica,RURAL,ADULTEZ (29-59),Ninguno,CORVIVIENDA,Básica secundaria (6.o - 9.o),Mujer,Separado(a) o divorciado(a),Trabajador Independiente,"Negro(a), mulato(a), afrodescendiente, afrocolombiano(a)",19929000.0
SANEAMIENTO BÁSICO Y CONDICIONES DE HABITABILIDAD,Menor a 1 SMMLV,Localidad 2 - Virgen y Turistica,RURAL,ADULTEZ (29-59),Pobreza Extrema,CORVIVIENDA,Básica primaria (1.o - 5.o),Mujer,Unión libre,Ama de Casa/Cuidador,"Negro(a), mulato(a), afrodescendiente, afrocolombiano(a)",19929000.0
SANEAMIENTO BÁSICO Y CONDICIONES DE HABITABILIDAD,Menor a 1 SMMLV,Localidad 1 - Historica y del Caribe Norte,RURAL,ADULTO MAYOR (60 o más),Ninguno,CORVIVIENDA,Básica primaria (1.o - 5.o),Hombre,Unión libre,Desempleado,"Negro(a), mulato(a), afrodescendiente, afrocolombiano(a)",19929000.0
SANEAMIENTO BÁSICO Y CONDICIONES DE HABITABILIDAD,Menor a 1 SMMLV,Localidad 2 - Virgen y Turistica,RURAL,ADULTEZ (29-59),Ninguno,CORVIVIENDA,Básica primaria (1.o - 5.o),Mujer,Soltero(a),Ama de Casa/Cuidador,"Negro(a), mulato(a), afrodescendiente, afrocolombiano(a)",19929000.0
SANEAMIENTO BÁSICO Y CONDICIONES DE HABITABILIDAD,Menor a 1 SMMLV,Localidad 2 - Virgen y Turistica,RURAL,ADULTEZ (29-59),Pobreza Extrema,CORVIVIENDA,Media (10.o - 13.o),Hombre,Unión libre,Trabajador Independiente,"Negro(a), mulato(a), afrodescendiente, afrocolombiano(a)",19929000.0
SANEAMIENTO BÁSICO Y CONDICIONES DE HABITABILIDAD,Entre 1 y 2 SMMLV,Localidad 2 - Virgen y Turistica,RURAL,ADULTEZ (29-59),Pobreza Extrema,CORVIVIENDA,Media (10.o - 13.o),Hombre,Unión libre,Empleado,"Negro(a), mulato(a), afrodescendiente, afrocolombiano(a)",19929000.0
SANEAMIENTO BÁSICO Y CONDICIONES DE HABITABILIDAD,Menor a 1 SMMLV,Localidad 2 - Virgen y Turistica,RURAL,ADULTEZ (29-59),Pobreza Extrema,CORVIVIENDA,Media (10.o - 13.o),Hombre,Soltero(a),Empleado,"Negro(a), mulato(a), afrodescendiente, afrocolombiano(a)",19929000.0
SANEAMIENTO BÁSICO Y CONDICIONES DE HABITABILIDAD,Entre 1 y 2 SMMLV,Localidad 2 - Virgen y Turistica,RURAL,ADULTEZ (29-59),Pobreza Extrema,CORVIVIENDA,Media (10.o - 13.o),Mujer,Casado(a),Trabajador Independiente,Otro,19929000.0
SANEAMIENTO BÁSICO Y CONDICIONES DE HABITABILIDAD,Entre 1 y 2 SMMLV,Localidad 2 - Virgen y Turistica,RURAL,ADULTEZ (29-59),Ninguno,CORVIVIENDA,Básica secundaria (6.o - 9.o),Mujer,Soltero(a),Empleado,"Negro(a), mulato(a), afrodescendiente, afrocolombiano(a)",19929000.0
SANEAMIENTO BÁSICO Y CONDICIONES DE HABITABILIDAD,Menor a 1 SMMLV,Localidad 2 - Virgen y Turistica,RURAL,ADULTEZ (29-59),Ninguno,CORVIVIENDA,Básica primaria (1.o - 5.o),Mujer,Soltero(a),Ama de Casa/Cuidador,"Negro(a), mulato(a), afrodescendiente, afrocolombiano(a)",19929000.0
SANEAMIENTO BÁSICO Y CONDICIONES DE HABITABILIDAD,Entre 1 y 2 SMMLV,Localidad 2 - Virgen y Turistica,RURAL,ADULTEZ (29-59),Pobreza Extrema,CORVIVIENDA,Técnico o tecnológico (1 - 4),Mujer,Soltero(a),Empleado,"Negro(a), mulato(a), afrodescendiente, afrocolombiano(a)",19929000.0
SANEAMIENTO BÁSICO Y CONDICIONES DE HABITABILIDAD,Menor a 1 SMMLV,Localidad 2 - Virgen y Turistica,RURAL,ADULTEZ (29-59),Ninguno,CORVIVIENDA,Media (10.o - 13.o),Mujer,Unión libre,Ama de Casa/Cuidador,"Negro(a), mulato(a), afrodescendiente, afrocolombiano(a)",19929000.0
SANEAMIENTO BÁSICO Y CONDICIONES DE HABITABILIDAD,No tiene,Localidad 2 - Virgen y Turistica,RURAL,ADULTO MAYOR (60 o más),Pobreza Extrema,CORVIVIENDA,Básica secundaria (6.o - 9.o),Mujer,Casado(a),Ama de Casa/Cuidador,"Negro(a), mulato(a), afrodescendiente, afrocolombiano(a)",19929000.0
SANEAMIENTO BÁSICO Y CONDICIONES DE HABITABILIDAD,Entre 1 y 2 SMMLV,Localidad 2 - Virgen y Turistica,RURAL,ADULTEZ (29-59),Ninguno,CORVIVIENDA,Técnico o tecnológico (1 - 4),Hombre,Casado(a),Empleado,"Negro(a), mulato(a), afrodescendiente, afrocolombiano(a)",19929000.0
SANEAMIENTO BÁSICO Y CONDICIONES DE HABITABILIDAD,Menor a 1 SMMLV,Localidad 2 - Virgen y Turistica,RURAL,ADULTEZ (29-59),Ninguno,CORVIVIENDA,Media (10.o - 13.o),Hombre,Unión libre,Trabajador Independiente,"Negro(a), mulato(a), afrodescendiente, afrocolombiano(a)",19929000.0
SANEAMIENTO BÁSICO Y CONDICIONES DE HABITABILIDAD,Entre 1 y 2 SMMLV,Localidad 2 - Virgen y Turistica,RURAL,ADULTEZ (29-59),Pobreza Extrema,CORVIVIENDA,Media (10.o - 13.o),Hombre,Unión libre,Empleado,"Negro(a), mulato(a), afrodescendiente, afrocolombiano(a)",19929000.0
SANEAMIENTO BÁSICO Y CONDICIONES DE HABITABILIDAD,Entre 1 y 2 SMMLV,Localidad 2 - Virgen y Turistica,RURAL,ADULTEZ (29-59),Pobreza Extrema,CORVIVIENDA,Media (10.o - 13.o),Hombre,Unión libre,Trabajador Independiente,"Negro(a), mulato(a), afrodescendiente, afrocolombiano(a)",19929000.0
SANEAMIENTO BÁSICO Y CONDICIONES DE HABITABILIDAD,Menor a 1 SMMLV,Localidad 2 - Virgen y Turistica,RURAL,ADULTEZ (29-59),Pobreza Extrema,CORVIVIENDA,Media (10.o - 13.o),Hombre,Casado(a),Trabajador Independiente,"Negro(a), mulato(a), afrodescendiente, afrocolombiano(a)",19929000.0
SANEAMIENTO BÁSICO Y CONDICIONES DE HABITABILIDAD,Menor a 1 SMMLV,Localidad 2 - Virgen y Turistica,RURAL,ADULTEZ (29-59),Pobreza Extrema,CORVIVIENDA,Media (10.o - 13.o),Hombre,Unión libre,Trabajador Independiente,"Negro(a), mulato(a), afrodescendiente, afrocolombiano(a)",19929000.0
SANEAMIENTO BÁSICO Y CONDICIONES DE HABITABILIDAD,Menor a 1 SMMLV,Localidad 2 - Virgen y Turistica,RURAL,ADULTO MAYOR (60 o más),Ninguno,CORVIVIENDA,Básica primaria (1.o - 5.o),Mujer,Viudo(a),Ama de Casa/Cuidador,Ninguno,19929000.0
SANEAMIENTO BÁSICO Y CONDICIONES DE HABITABILIDAD,Menor a 1 SMMLV,Localidad 1 - Historica y del Caribe Norte,RURAL,ADULTEZ (29-59),Ninguno,CORVIVIENDA,Básica primaria (1.o - 5.o),Mujer,Unión libre,Empleado,"Negro(a), mulato(a), afrodescendiente, afrocolombiano(a)",19929000.0
SANEAMIENTO BÁSICO Y CONDICIONES DE HABITABILIDAD,Menor a 1 SMMLV,Localidad 2 - Virgen y Turistica,RURAL,ADULTO MAYOR (60 o más),Pobreza Extrema,CORVIVIENDA,Básica primaria (1.o - 5.o),Mujer,Unión libre,Ama de Casa/Cuidador,"Negro(a), mulato(a), afrodescendiente, afrocolombiano(a)",19929000.0
SANEAMIENTO BÁSICO Y CONDICIONES DE HABITABILIDAD,Menor a 1 SMMLV,Localidad 2 - Virgen y Turistica,RURAL,ADULTEZ (29-59),Ninguno,CORVIVIENDA,Técnico o tecnológico (1 - 4),Mujer,Unión libre,Ama de Casa/Cuidador,Ninguno,19929000.0
SANEAMIENTO BÁSICO Y CONDICIONES DE HABITABILIDAD,Menor a 1 SMMLV,Localidad 2 - Virgen y Turistica,RURAL,ADULTEZ (29-59),Pobreza Extrema,CORVIVIENDA,Básica primaria (1.o - 5.o),Mujer,Soltero(a),Ama de Casa/Cuidador,"Negro(a), mulato(a), afrodescendiente, afrocolombiano(a)",19929000.0
SANEAMIENTO BÁSICO Y CONDICIONES DE HABITABILIDAD,Entre 1 y 2 SMMLV,Localidad 2 - Virgen y Turistica,RURAL,ADULTEZ (29-59),Pobreza Extrema,CORVIVIENDA,Media (10.o - 13.o),Mujer,Unión libre,Empleado,"Negro(a), mulato(a), afrodescendiente, afrocolombiano(a)",19929000.0
SANEAMIENTO BÁSICO Y CONDICIONES DE HABITABILIDAD,Entre 1 y 2 SMMLV,Localidad 2 - Virgen y Turistica,RURAL,ADULTO MAYOR (60 o más),Damnificados,CORVIVIENDA,Ninguno,Mujer,Viudo(a),Ama de Casa/Cuidador,"Negro(a), mulato(a), afrodescendiente, afrocolombiano(a)",19929000.0
SANEAMIENTO BÁSICO Y CONDICIONES DE HABITABILIDAD,No tiene,Localidad 1 - Historica y del Caribe Norte,RURAL,ADULTEZ (29-59),Pobreza Extrema,CORVIVIENDA,Básica primaria (1.o - 5.o),Mujer,Viudo(a),Ama de Casa/Cuidador,"Negro(a), mulato(a), afrodescendiente, afrocolombiano(a)",19929000.0
SANEAMIENTO BÁSICO Y CONDICIONES DE HABITABILIDAD,Entre 1 y 2 SMMLV,Localidad 2 - Virgen y Turistica,RURAL,ADULTO MAYOR (60 o más),Pobreza Extrema,CORVIVIENDA,Básica primaria (1.o - 5.o),Hombre,Viudo(a),Ama de Casa/Cuidador,"Negro(a), mulato(a), afrodescendiente, afrocolombiano(a)",19929000.0
SANEAMIENTO BÁSICO Y CONDICIONES DE HABITABILIDAD,Entre 1 y 2 SMMLV,Localidad 2 - Virgen y Turistica,RURAL,ADULTO MAYOR (60 o más),Damnificados,CORVIVIENDA,Media (10.o - 13.o),Mujer,Casado(a),Empleado,"Negro(a), mulato(a), afrodescendiente, afrocolombiano(a)",19929000.0
SANEAMIENTO BÁSICO Y CONDICIONES DE HABITABILIDAD,Menor a 1 SMMLV,Localidad 1 - Historica y del Caribe Norte,RURAL,ADULTEZ (29-59),Ninguno,CORVIVIENDA,Básica secundaria (6.o - 9.o),Mujer,Viudo(a),Ama de Casa/Cuidador,"Negro(a), mulato(a), afrodescendiente, afrocolombiano(a)",19929000.0
SANEAMIENTO BÁSICO Y CONDICIONES DE HABITABILIDAD,Menor a 1 SMMLV,Localidad 2 - Virgen y Turistica,RURAL,ADULTEZ (29-59),Ninguno,CORVIVIENDA,Técnico o tecnológico (1 - 4),Hombre,Casado(a),Empleado,"Negro(a), mulato(a), afrodescendiente, afrocolombiano(a)",19929000.0
SANEAMIENTO BÁSICO Y CONDICIONES DE HABITABILIDAD,Menor a 1 SMMLV,Localidad 2 - Virgen y Turistica,RURAL,ADULTEZ (29-59),Ninguno,CORVIVIENDA,Media (10.o - 13.o),Mujer,Casado(a),Empleado,"Negro(a), mulato(a), afrodescendiente, afrocolombiano(a)",19929000.0
SANEAMIENTO BÁSICO Y CONDICIONES DE HABITABILIDAD,Menor a 1 SMMLV,Localidad 2 - Virgen y Turistica,RURAL,ADULTO MAYOR (60 o más),Pobreza Extrema,CORVIVIENDA,Básica primaria (1.o - 5.o),Hombre,Soltero(a),Desempleado,"Negro(a), mulato(a), afrodescendiente, afrocolombiano(a)",19929000.0
SANEAMIENTO BÁSICO Y CONDICIONES DE HABITABILIDAD,Entre 1 y 2 SMMLV,Localidad 2 - Virgen y Turistica,RURAL,ADULTEZ (29-59),Pobreza Extrema,CORVIVIENDA,Media (10.o - 13.o),Mujer,Casado(a),Trabajador Independiente,"Negro(a), mulato(a), afrodescendiente, afrocolombiano(a)",19929000.0
SANEAMIENTO BÁSICO Y CONDICIONES DE HABITABILIDAD,Menor a 1 SMMLV,Localidad 2 - Virgen y Turistica,RURAL,ADULTO MAYOR (60 o más),Pobreza Extrema,CORVIVIENDA,Básica primaria (1.o - 5.o),Mujer,Soltero(a),Trabajador Independiente,"Negro(a), mulato(a), afrodescendiente, afrocolombiano(a)",19929000.0
SANEAMIENTO BÁSICO Y CONDICIONES DE HABITABILIDAD,Menor a 1 SMMLV,Localidad 2 - Virgen y Turistica,RURAL,ADULTO MAYOR (60 o más),Pobreza Extrema,CORVIVIENDA,Básica secundaria (6.o - 9.o),Mujer,Unión libre,Ama de Casa/Cuidador,"Negro(a), mulato(a), afrodescendiente, afrocolombiano(a)",19929000.0
SANEAMIENTO BÁSICO Y CONDICIONES DE HABITABILIDAD,Menor a 1 SMMLV,Localidad 2 - Virgen y Turistica,RURAL,ADULTEZ (29-59),Ninguno,CORVIVIENDA,Ninguno,Hombre,Unión libre,Desempleado,"Negro(a), mulato(a), afrodescendiente, afrocolombiano(a)",19929000.0
SANEAMIENTO BÁSICO Y CONDICIONES DE HABITABILIDAD,Menor a 1 SMMLV,Localidad 2 - Virgen y Turistica,RURAL,ADULTEZ (29-59),Pobreza Extrema,CORVIVIENDA,Media (10.o - 13.o),Hombre,Unión libre,Empleado,"Negro(a), mulato(a), afrodescendiente, afrocolombiano(a)",19929000.0
SANEAMIENTO BÁSICO Y CONDICIONES DE HABITABILIDAD,No tiene,Localidad 2 - Virgen y Turistica,RURAL,ADULTO MAYOR (60 o más),Pobreza Extrema,CORVIVIENDA,Básica primaria (1.o - 5.o),Mujer,Casado(a),Ama de Casa/Cuidador,"Negro(a), mulato(a), afrodescendiente, afrocolombiano(a)",19929000.0
SANEAMIENTO BÁSICO Y CONDICIONES DE HABITABILIDAD,Menor a 1 SMMLV,Localidad 2 - Virgen y Turistica,RURAL,ADULTEZ (29-59),Ninguno,CORVIVIENDA,Básica secundaria (6.o - 9.o),Mujer,Soltero(a),Ama de Casa/Cuidador,"Negro(a), mulato(a), afrodescendiente, afrocolombiano(a)",19929000.0
SANEAMIENTO BÁSICO Y CONDICIONES DE HABITABILIDAD,Entre 1 y 2 SMMLV,Localidad 2 - Virgen y Turistica,RURAL,ADULTO MAYOR (60 o más),Ninguno,CORVIVIENDA,Básica secundaria (6.o - 9.o),Hombre,Unión libre,Empleado,"Negro(a), mulato(a), afrodescendiente, afrocolombiano(a)",19929000.0
SANEAMIENTO BÁSICO Y CONDICIONES DE HABITABILIDAD,Menor a 1 SMMLV,Localidad 2 - Virgen y Turistica,RURAL,ADULTEZ (29-59),Pobreza Extrema,CORVIVIENDA,Media (10.o - 13.o),Mujer,Casado(a),Trabajador Independiente,"Negro(a), mulato(a), afrodescendiente, afrocolombiano(a)",19929000.0
SANEAMIENTO BÁSICO Y CONDICIONES DE HABITABILIDAD,Menor a 1 SMMLV,Localidad 2 - Virgen y Turistica,RURAL,ADULTEZ (29-59),Pobreza Extrema,CORVIVIENDA,Básica primaria (1.o - 5.o),Hombre,Soltero(a),Trabajador Independiente,"Negro(a), mulato(a), afrodescendiente, afrocolombiano(a)",19929000.0
SANEAMIENTO BÁSICO Y CONDICIONES DE HABITABILIDAD,Menor a 1 SMMLV,Localidad 2 - Virgen y Turistica,RURAL,ADULTEZ (29-59),Pobreza Extrema,CORVIVIENDA,Básica secundaria (6.o - 9.o),Mujer,Soltero(a),Trabajador Independiente,"Negro(a), mulato(a), afrodescendiente, afrocolombiano(a)",19929000.0
SANEAMIENTO BÁSICO Y CONDICIONES DE HABITABILIDAD,Menor a 1 SMMLV,Localidad 1 - Historica y del Caribe Norte,RURAL,ADULTEZ (29-59),Ninguno,CORVIVIENDA,Básica secundaria (6.o - 9.o),Mujer,Viudo(a),Trabajador Independiente,"Negro(a), mulato(a), afrodescendiente, afrocolombiano(a)",19929000.0
SANEAMIENTO BÁSICO Y CONDICIONES DE HABITABILIDAD,Menor a 1 SMMLV,Localidad 2 - Virgen y Turistica,RURAL,JUVENTUD (18-28),Pobreza Extrema,CORVIVIENDA,Media (10.o - 13.o),Mujer,Unión libre,Ama de Casa/Cuidador,Ninguno,19929000.0
SANEAMIENTO BÁSICO Y CONDICIONES DE HABITABILIDAD,Entre 1 y 2 SMMLV,Localidad 2 - Virgen y Turistica,RURAL,ADULTEZ (29-59),Pobreza Extrema,CORVIVIENDA,Básica primaria (1.o - 5.o),Mujer,Unión libre,Empleado,"Negro(a), mulato(a), afrodescendiente, afrocolombiano(a)",19929000.0
SANEAMIENTO BÁSICO Y CONDICIONES DE HABITABILIDAD,No tiene,Localidad 1 - Historica y del Caribe Norte,RURAL,ADULTEZ (29-59),Ninguno,CORVIVIENDA,Básica secundaria (6.o - 9.o),Mujer,Unión libre,Ama de Casa/Cuidador,"Negro(a), mulato(a), afrodescendiente, afrocolombiano(a)",19929000.0
SANEAMIENTO BÁSICO Y CONDICIONES DE HABITABILIDAD,Menor a 1 SMMLV,Localidad 2 - Virgen y Turistica,RURAL,ADULTEZ (29-59),Ninguno,CORVIVIENDA,Básica secundaria (6.o - 9.o),Hombre,Unión libre,Empleado,"Negro(a), mulato(a), afrodescendiente, afrocolombiano(a)",19929000.0
SANEAMIENTO BÁSICO Y CONDICIONES DE HABITABILIDAD,Entre 1 y 2 SMMLV,Localidad 2 - Virgen y Turistica,RURAL,JUVENTUD (18-28),Pobreza Extrema,CORVIVIENDA,Media (10.o - 13.o),Mujer,Soltero(a),Sin actividad,"Negro(a), mulato(a), afrodescendiente, afrocolombiano(a)",19929000.0
SANEAMIENTO BÁSICO Y CONDICIONES DE HABITABILIDAD,No tiene,Localidad 2 - Virgen y Turistica,RURAL,ADULTEZ (29-59),Ninguno,CORVIVIENDA,Básica primaria (1.o - 5.o),Mujer,Soltero(a),Ama de Casa/Cuidador,"Negro(a), mulato(a), afrodescendiente, afrocolombiano(a)",19929000.0
SANEAMIENTO BÁSICO Y CONDICIONES DE HABITABILIDAD,No tiene,Localidad 2 - Virgen y Turistica,RURAL,ADULTEZ (29-59),Pobreza Extrema,CORVIVIENDA,Media (10.o - 13.o),Mujer,Unión libre,Ama de Casa/Cuidador,"Negro(a), mulato(a), afrodescendiente, afrocolombiano(a)",19929000.0
SANEAMIENTO BÁSICO Y CONDICIONES DE HABITABILIDAD,Entre 1 y 2 SMMLV,Localidad 2 - Virgen y Turistica,RURAL,ADULTEZ (29-59),Pobreza Extrema,CORVIVIENDA,Media (10.o - 13.o),Mujer,Soltero(a),Ama de Casa/Cuidador,"Negro(a), mulato(a), afrodescendiente, afrocolombiano(a)",19929000.0
SANEAMIENTO BÁSICO Y CONDICIONES DE HABITABILIDAD,No tiene,Localidad 2 - Virgen y Turistica,RURAL,ADULTO MAYOR (60 o más),Pobreza Extrema,CORVIVIENDA,Ninguno,Mujer,Soltero(a),Ama de Casa/Cuidador,"Negro(a), mulato(a), afrodescendiente, afrocolombiano(a)",19929000.0
SANEAMIENTO BÁSICO Y CONDICIONES DE HABITABILIDAD,No tiene,Localidad 2 - Virgen y Turistica,RURAL,ADULTO MAYOR (60 o más),Damnificados,CORVIVIENDA,Básica secundaria (6.o - 9.o),Mujer,Separado(a) o divorciado(a),Desempleado,"Negro(a), mulato(a), afrodescendiente, afrocolombiano(a)",19929000.0
SANEAMIENTO BÁSICO Y CONDICIONES DE HABITABILIDAD,Entre 1 y 2 SMMLV,Localidad 2 - Virgen y Turistica,RURAL,ADULTEZ (29-59),Pobreza Extrema,CORVIVIENDA,Media (10.o - 13.o),Hombre,Unión libre,Trabajador Independiente,"Negro(a), mulato(a), afrodescendiente, afrocolombiano(a)",19929000.0
SANEAMIENTO BÁSICO Y CONDICIONES DE HABITABILIDAD,Menor a 1 SMMLV,Localidad 2 - Virgen y Turistica,RURAL,ADULTO MAYOR (60 o más),Pobreza Extrema,CORVIVIENDA,Básica primaria (1.o - 5.o),Mujer,Viudo(a),Ama de Casa/Cuidador,"Negro(a), mulato(a), afrodescendiente, afrocolombiano(a)",19929000.0
SANEAMIENTO BÁSICO Y CONDICIONES DE HABITABILIDAD,No tiene,Localidad 2 - Virgen y Turistica,RURAL,ADULTO MAYOR (60 o más),Ninguno,CORVIVIENDA,Básica primaria (1.o - 5.o),Hombre,Unión libre,Sin actividad,"Negro(a), mulato(a), afrodescendiente, afrocolombiano(a)",19929000.0
SANEAMIENTO BÁSICO Y CONDICIONES DE HABITABILIDAD,No tiene,Localidad 2 - Virgen y Turistica,RURAL,ADULTEZ (29-59),Ninguno,CORVIVIENDA,Básica secundaria (6.o - 9.o),Mujer,Unión libre,Incapacitado permanentemente para trabajar,"Negro(a), mulato(a), afrodescendiente, afrocolombiano(a)",19929000.0
SANEAMIENTO BÁSICO Y CONDICIONES DE HABITABILIDAD,Entre 1 y 2 SMMLV,Localidad 2 - Virgen y Turistica,RURAL,ADULTO MAYOR (60 o más),Pobreza Extrema,CORVIVIENDA,Básica primaria (1.o - 5.o),Mujer,Unión libre,Ama de Casa/Cuidador,"Negro(a), mulato(a), afrodescendiente, afrocolombiano(a)",19929000.0
SANEAMIENTO BÁSICO Y CONDICIONES DE HABITABILIDAD,Menor a 1 SMMLV,Localidad 2 - Virgen y Turistica,RURAL,ADULTO MAYOR (60 o más),Ninguno,CORVIVIENDA,Ninguno,Hombre,Viudo(a),Desempleado,"Negro(a), mulato(a), afrodescendiente, afrocolombiano(a)",19929000.0
SANEAMIENTO BÁSICO Y CONDICIONES DE HABITABILIDAD,Menor a 1 SMMLV,Localidad 2 - Virgen y Turistica,RURAL,ADULTEZ (29-59),Ninguno,CORVIVIENDA,Básica primaria (1.o - 5.o),Mujer,Soltero(a),Ama de Casa/Cuidador,"Negro(a), mulato(a), afrodescendiente, afrocolombiano(a)",19929000.0
SANEAMIENTO BÁSICO Y CONDICIONES DE HABITABILIDAD,Menor a 1 SMMLV,Localidad 2 - Virgen y Turistica,RURAL,ADULTO MAYOR (60 o más),Pobreza Extrema,CORVIVIENDA,Básica primaria (1.o - 5.o),Mujer,Casado(a),Ama de Casa/Cuidador,"Negro(a), mulato(a), afrodescendiente, afrocolombiano(a)",19929000.0
SANEAMIENTO BÁSICO Y CONDICIONES DE HABITABILIDAD,No tiene,Localidad 2 - Virgen y Turistica,RURAL,ADULTEZ (29-59),Ninguno,CORVIVIENDA,Técnico o tecnológico (1 - 4),Mujer,Unión libre,Ama de Casa/Cuidador,"Negro(a), mulato(a), afrodescendiente, afrocolombiano(a)",19929000.0
SANEAMIENTO BÁSICO Y CONDICIONES DE HABITABILIDAD,No tiene,Localidad 2 - Virgen y Turistica,RURAL,ADULTO MAYOR (60 o más),Ninguno,CORVIVIENDA,Ninguno,Hombre,Unión libre,Desempleado,"Negro(a), mulato(a), afrodescendiente, afrocolombiano(a)",19929000.0
SANEAMIENTO BÁSICO Y CONDICIONES DE HABITABILIDAD,Menor a 1 SMMLV,Localidad 2 - Virgen y Turistica,RURAL,ADULTO MAYOR (60 o más),Ninguno,CORVIVIENDA,Básica secundaria (6.o - 9.o),Mujer,Soltero(a),Empleado,"Negro(a), mulato(a), afrodescendiente, afrocolombiano(a)",19929000.0
SANEAMIENTO BÁSICO Y CONDICIONES DE HABITABILIDAD,No tiene,Localidad 2 - Virgen y Turistica,RURAL,ADULTO MAYOR (60 o más),Ninguno,CORVIVIENDA,Ninguno,Hombre,Unión libre,Sin actividad,"Negro(a), mulato(a), afrodescendiente, afrocolombiano(a)",19929000.0
SANEAMIENTO BÁSICO Y CONDICIONES DE HABITABILIDAD,Menor a 1 SMMLV,Localidad 2 - Virgen y Turistica,RURAL,ADULTEZ (29-59),Ninguno,CORVIVIENDA,Preescolar,Mujer,Separado(a) o divorciado(a),Ama de Casa/Cuidador,"Negro(a), mulato(a), afrodescendiente, afrocolombiano(a)",19929000.0
SANEAMIENTO BÁSICO Y CONDICIONES DE HABITABILIDAD,Entre 1 y 2 SMMLV,Localidad 2 - Virgen y Turistica,RURAL,ADULTEZ (29-59),Ninguno,CORVIVIENDA,Media (10.o - 13.o),Mujer,Unión libre,Empleado,"Negro(a), mulato(a), afrodescendiente, afrocolombiano(a)",19929000.0
SANEAMIENTO BÁSICO Y CONDICIONES DE HABITABILIDAD,No tiene,Localidad 2 - Virgen y Turistica,RURAL,ADULTEZ (29-59),Ninguno,CORVIVIENDA,Básica primaria (1.o - 5.o),Hombre,Soltero(a),Desempleado,"Negro(a), mulato(a), afrodescendiente, afrocolombiano(a)",19929000.0
SANEAMIENTO BÁSICO Y CONDICIONES DE HABITABILIDAD,Entre 1 y 2 SMMLV,Localidad 2 - Virgen y Turistica,RURAL,ADULTEZ (29-59),Pobreza Extrema,CORVIVIENDA,Media (10.o - 13.o),Mujer,Unión libre,Ama de Casa/Cuidador,"Negro(a), mulato(a), afrodescendiente, afrocolombiano(a)",19929000.0
SANEAMIENTO BÁSICO Y CONDICIONES DE HABITABILIDAD,Entre 1 y 2 SMMLV,Localidad 2 - Virgen y Turistica,RURAL,ADULTEZ (29-59),Pobreza Extrema,CORVIVIENDA,Básica primaria (1.o - 5.o),Hombre,Unión libre,Trabajador Independiente,"Negro(a), mulato(a), afrodescendiente, afrocolombiano(a)",19929000.0
SANEAMIENTO BÁSICO Y CONDICIONES DE HABITABILIDAD,Entre 1 y 2 SMMLV,Localidad 2 - Virgen y Turistica,RURAL,ADULTEZ (29-59),Pobreza Extrema,CORVIVIENDA,Básica primaria (1.o - 5.o),Hombre,Unión libre,Jubilado o pensionado,"Negro(a), mulato(a), afrodescendiente, afrocolombiano(a)",19929000.0
SANEAMIENTO BÁSICO Y CONDICIONES DE HABITABILIDAD,Entre 1 y 2 SMMLV,Localidad 2 - Virgen y Turistica,RURAL,ADULTEZ (29-59),Pobreza Extrema,CORVIVIENDA,Media (10.o - 13.o),Mujer,Soltero(a),Empleado,"Negro(a), mulato(a), afrodescendiente, afrocolombiano(a)",19929000.0
SANEAMIENTO BÁSICO Y CONDICIONES DE HABITABILIDAD,No tiene,Localidad 2 - Virgen y Turistica,RURAL,ADULTEZ (29-59),Pobreza Extrema,CORVIVIENDA,Ninguno,Mujer,Unión libre,Ama de Casa/Cuidador,"Negro(a), mulato(a), afrodescendiente, afrocolombiano(a)",19929000.0
SANEAMIENTO BÁSICO Y CONDICIONES DE HABITABILIDAD,Menor a 1 SMMLV,Localidad 2 - Virgen y Turistica,RURAL,ADULTEZ (29-59),Ninguno,CORVIVIENDA,Técnico o tecnológico (1 - 4),Mujer,Separado(a) o divorciado(a),Empleado,"Negro(a), mulato(a), afrodescendiente, afrocolombiano(a)",19929000.0
SANEAMIENTO BÁSICO Y CONDICIONES DE HABITABILIDAD,Entre 1 y 2 SMMLV,Localidad 2 - Virgen y Turistica,RURAL,ADULTEZ (29-59),Pobreza Extrema,CORVIVIENDA,Media (10.o - 13.o),Mujer,Unión libre,Trabajador Independiente,"Negro(a), mulato(a), afrodescendiente, afrocolombiano(a)",19929000.0
SANEAMIENTO BÁSICO Y CONDICIONES DE HABITABILIDAD,Menor a 1 SMMLV,Localidad 2 - Virgen y Turistica,RURAL,JUVENTUD (18-28),Ninguno,CORVIVIENDA,Técnico o tecnológico (1 - 4),Mujer,Soltero(a),Trabajador Independiente,"Negro(a), mulato(a), afrodescendiente, afrocolombiano(a)",19929000.0
SANEAMIENTO BÁSICO Y CONDICIONES DE HABITABILIDAD,No tiene,Localidad 2 - Virgen y Turistica,RURAL,ADULTEZ (29-59),Pobreza Extrema,CORVIVIENDA,Media (10.o - 13.o),Mujer,Unión libre,Ama de Casa/Cuidador,"Negro(a), mulato(a), afrodescendiente, afrocolombiano(a)",19929000.0
SANEAMIENTO BÁSICO Y CONDICIONES DE HABITABILIDAD,No tiene,Localidad 2 - Virgen y Turistica,RURAL,ADULTEZ (29-59),Pobreza Extrema,CORVIVIENDA,Básica secundaria (6.o - 9.o),Mujer,Unión libre,Ama de Casa/Cuidador,"Negro(a), mulato(a), afrodescendiente, afrocolombiano(a)",19929000.0
SANEAMIENTO BÁSICO Y CONDICIONES DE HABITABILIDAD,Menor a 1 SMMLV,Localidad 2 - Virgen y Turistica,RURAL,ADULTEZ (29-59),Ninguno,CORVIVIENDA,Básica secundaria (6.o - 9.o),Mujer,Casado(a),Empleado,"Negro(a), mulato(a), afrodescendiente, afrocolombiano(a)",19929000.0
SANEAMIENTO BÁSICO Y CONDICIONES DE HABITABILIDAD,Entre 1 y 2 SMMLV,Localidad 2 - Virgen y Turistica,RURAL,ADULTEZ (29-59),Ninguno,CORVIVIENDA,Técnico o tecnológico (1 - 4),Hombre,Unión libre,Empleado,"Negro(a), mulato(a), afrodescendiente, afrocolombiano(a)",19929000.0
SANEAMIENTO BÁSICO Y CONDICIONES DE HABITABILIDAD,Menor a 1 SMMLV,Localidad 2 - Virgen y Turistica,RURAL,ADULTEZ (29-59),Pobreza Extrema,CORVIVIENDA,Básica secundaria (6.o - 9.o),Hombre,Unión libre,Trabajador Independiente,"Negro(a), mulato(a), afrodescendiente, afrocolombiano(a)",19929000.0
SANEAMIENTO BÁSICO Y CONDICIONES DE HABITABILIDAD,Menor a 1 SMMLV,Localidad 2 - Virgen y Turistica,RURAL,ADULTEZ (29-59),Ninguno,CORVIVIENDA,Básica primaria (1.o - 5.o),Hombre,Unión libre,Trabajador Independiente,"Negro(a), mulato(a), afrodescendiente, afrocolombiano(a)",19929000.0
SANEAMIENTO BÁSICO Y CONDICIONES DE HABITABILIDAD,Entre 1 y 2 SMMLV,Localidad 2 - Virgen y Turistica,RURAL,ADULTEZ (29-59),Ninguno,CORVIVIENDA,Técnico o tecnológico (1 - 4),Mujer,Soltero(a),Ama de Casa/Cuidador,"Negro(a), mulato(a), afrodescendiente, afrocolombiano(a)",19929000.0
SANEAMIENTO BÁSICO Y CONDICIONES DE HABITABILIDAD,Entre 1 y 2 SMMLV,Localidad 2 - Virgen y Turistica,RURAL,ADULTEZ (29-59),Pobreza Extrema,CORVIVIENDA,Técnico o tecnológico (1 - 4),Mujer,Unión libre,Trabajador Independiente,"Negro(a), mulato(a), afrodescendiente, afrocolombiano(a)",19929000.0
SANEAMIENTO BÁSICO Y CONDICIONES DE HABITABILIDAD,Entre 1 y 2 SMMLV,Localidad 2 - Virgen y Turistica,RURAL,ADULTO MAYOR (60 o más),Pobreza Extrema,CORVIVIENDA,Media (10.o - 13.o),Hombre,Soltero(a),Trabajador Independiente,"Negro(a), mulato(a), afrodescendiente, afrocolombiano(a)",19929000.0
SANEAMIENTO BÁSICO Y CONDICIONES DE HABITABILIDAD,Entre 1 y 2 SMMLV,Localidad 2 - Virgen y Turistica,RURAL,JUVENTUD (18-28),Ninguno,CORVIVIENDA,Básica secundaria (6.o - 9.o),Hombre,Unión libre,Empleado,"Negro(a), mulato(a), afrodescendiente, afrocolombiano(a)",19929000.0
SANEAMIENTO BÁSICO Y CONDICIONES DE HABITABILIDAD,No tiene,Localidad 2 - Virgen y Turistica,RURAL,ADULTEZ (29-59),Pobreza Extrema,CORVIVIENDA,Básica secundaria (6.o - 9.o),Mujer,Unión libre,Ama de Casa/Cuidador,"Negro(a), mulato(a), afrodescendiente, afrocolombiano(a)",19929000.0
SANEAMIENTO BÁSICO Y CONDICIONES DE HABITABILIDAD,Entre 1 y 2 SMMLV,Localidad 2 - Virgen y Turistica,RURAL,ADULTEZ (29-59),Pobreza Extrema,CORVIVIENDA,Media (10.o - 13.o),Hombre,Casado(a),Empleado,"Negro(a), mulato(a), afrodescendiente, afrocolombiano(a)",19929000.0
SANEAMIENTO BÁSICO Y CONDICIONES DE HABITABILIDAD,Menor a 1 SMMLV,Localidad 2 - Virgen y Turistica,RURAL,ADULTEZ (29-59),Ninguno,CORVIVIENDA,Básica primaria (1.o - 5.o),Mujer,Soltero(a),Ama de Casa/Cuidador,"Negro(a), mulato(a), afrodescendiente, afrocolombiano(a)",19929000.0
SANEAMIENTO BÁSICO Y CONDICIONES DE HABITABILIDAD,Menor a 1 SMMLV,Localidad 2 - Virgen y Turistica,RURAL,ADULTEZ (29-59),Ninguno,CORVIVIENDA,Básica primaria (1.o - 5.o),Mujer,Unión libre,Ama de Casa/Cuidador,"Negro(a), mulato(a), afrodescendiente, afrocolombiano(a)",19929000.0
SANEAMIENTO BÁSICO Y CONDICIONES DE HABITABILIDAD,No tiene,Localidad 2 - Virgen y Turistica,RURAL,JUVENTUD (18-28),Pobreza Extrema,CORVIVIENDA,Media (10.o - 13.o),Mujer,Unión libre,Ama de Casa/Cuidador,"Negro(a), mulato(a), afrodescendiente, afrocolombiano(a)",19929000.0
SANEAMIENTO BÁSICO Y CONDICIONES DE HABITABILIDAD,No tiene,Localidad 2 - Virgen y Turistica,RURAL,ADULTEZ (29-59),Ninguno,CORVIVIENDA,Ninguno,Hombre,Soltero(a),Desempleado,"Negro(a), mulato(a), afrodescendiente, afrocolombiano(a)",19929000.0
SANEAMIENTO BÁSICO Y CONDICIONES DE HABITABILIDAD,Menor a 1 SMMLV,Localidad 2 - Virgen y Turistica,RURAL,NO DISPONIBLE,Ninguno,CORVIVIENDA,Básica secundaria (6.o - 9.o),Hombre,Unión libre,Trabajador Independiente,"Negro(a), mulato(a), afrodescendiente, afrocolombiano(a)",19929000.0
SANEAMIENTO BÁSICO Y CONDICIONES DE HABITABILIDAD,Entre 1 y 2 SMMLV,Localidad 2 - Virgen y Turistica,RURAL,ADULTEZ (29-59),Ninguno,CORVIVIENDA,Básica primaria (1.o - 5.o),Hombre,Unión libre,Empleado,"Negro(a), mulato(a), afrodescendiente, afrocolombiano(a)",19929000.0
SANEAMIENTO BÁSICO Y CONDICIONES DE HABITABILIDAD,Menor a 1 SMMLV,Localidad 2 - Virgen y Turistica,RURAL,ADULTEZ (29-59),Pobreza Extrema,CORVIVIENDA,Media (10.o - 13.o),Mujer,Unión libre,Ama de Casa/Cuidador,"Negro(a), mulato(a), afrodescendiente, afrocolombiano(a)",19929000.0
SANEAMIENTO BÁSICO Y CONDICIONES DE HABITABILIDAD,No tiene,Localidad 2 - Virgen y Turistica,RURAL,ADULTEZ (29-59),Víctima Conflicto Armado por Desplazamiento Forzado,CORVIVIENDA,Ninguno,Hombre,Unión libre,Desempleado,"Negro(a), mulato(a), afrodescendiente, afrocolombiano(a)",19929000.0
SANEAMIENTO BÁSICO Y CONDICIONES DE HABITABILIDAD,No tiene,Localidad 2 - Virgen y Turistica,RURAL,JUVENTUD (18-28),Pobreza Extrema,CORVIVIENDA,Media (10.o - 13.o),Mujer,Unión libre,Ama de Casa/Cuidador,"Negro(a), mulato(a), afrodescendiente, afrocolombiano(a)",19929000.0
SANEAMIENTO BÁSICO Y CONDICIONES DE HABITABILIDAD,Menor a 1 SMMLV,Localidad 2 - Virgen y Turistica,RURAL,ADULTEZ (29-59),Pobreza Extrema,CORVIVIENDA,Media (10.o - 13.o),Mujer,Casado(a),Ama de Casa/Cuidador,"Negro(a), mulato(a), afrodescendiente, afrocolombiano(a)",19929000.0
SANEAMIENTO BÁSICO Y CONDICIONES DE HABITABILIDAD,Menor a 1 SMMLV,Localidad 2 - Virgen y Turistica,RURAL,ADULTEZ (29-59),Pobreza Extrema,CORVIVIENDA,Media (10.o - 13.o),Hombre,Casado(a),Trabajador Independiente,"Negro(a), mulato(a), afrodescendiente, afrocolombiano(a)",19929000.0
SANEAMIENTO BÁSICO Y CONDICIONES DE HABITABILIDAD,Entre 1 y 2 SMMLV,Localidad 2 - Virgen y Turistica,RURAL,ADULTEZ (29-59),Pobreza Extrema,CORVIVIENDA,Básica secundaria (6.o - 9.o),Hombre,Unión libre,Trabajador Independiente,"Negro(a), mulato(a), afrodescendiente, afrocolombiano(a)",19929000.0
SANEAMIENTO BÁSICO Y CONDICIONES DE HABITABILIDAD,Entre 1 y 2 SMMLV,Localidad 2 - Virgen y Turistica,RURAL,JUVENTUD (18-28),Pobreza Extrema,CORVIVIENDA,Técnico o tecnológico (1 - 4),Mujer,Unión libre,Empleado,"Negro(a), mulato(a), afrodescendiente, afrocolombiano(a)",19929000.0
SANEAMIENTO BÁSICO Y CONDICIONES DE HABITABILIDAD,No tiene,Localidad 2 - Virgen y Turistica,RURAL,ADULTEZ (29-59),Ninguno,CORVIVIENDA,Básica primaria (1.o - 5.o),Hombre,Separado(a) o divorciado(a),Desempleado,"Negro(a), mulato(a), afrodescendiente, afrocolombiano(a)",19929000.0
SANEAMIENTO BÁSICO Y CONDICIONES DE HABITABILIDAD,Entre 1 y 2 SMMLV,Localidad 2 - Virgen y Turistica,RURAL,ADULTEZ (29-59),Pobreza Extrema,CORVIVIENDA,Técnico o tecnológico (1 - 4),Hombre,Casado(a),Trabajador Independiente,"Negro(a), mulato(a), afrodescendiente, afrocolombiano(a)",19929000.0
SANEAMIENTO BÁSICO Y CONDICIONES DE HABITABILIDAD,Menor a 1 SMMLV,Localidad 2 - Virgen y Turistica,RURAL,ADULTO MAYOR (60 o más),Ninguno,CORVIVIENDA,Básica secundaria (6.o - 9.o),Hombre,Casado(a),Trabajador Independiente,"Negro(a), mulato(a), afrodescendiente, afrocolombiano(a)",19929000.0
SANEAMIENTO BÁSICO Y CONDICIONES DE HABITABILIDAD,Menor a 1 SMMLV,Localidad 2 - Virgen y Turistica,RURAL,ADULTEZ (29-59),Víctima Conflicto Armado por Desplazamiento Forzado,CORVIVIENDA,Media (10.o - 13.o),Mujer,Separado(a) o divorciado(a),Ama de Casa/Cuidador,"Negro(a), mulato(a), afrodescendiente, afrocolombiano(a)",19929000.0
SANEAMIENTO BÁSICO Y CONDICIONES DE HABITABILIDAD,Menor a 1 SMMLV,Localidad 2 - Virgen y Turistica,RURAL,ADULTO MAYOR (60 o más),Ninguno,CORVIVIENDA,Básica secundaria (6.o - 9.o),Hombre,Unión libre,Trabajador Independiente,"Negro(a), mulato(a), afrodescendiente, afrocolombiano(a)",19929000.0
SANEAMIENTO BÁSICO Y CONDICIONES DE HABITABILIDAD,Entre 1 y 2 SMMLV,Localidad 2 - Virgen y Turistica,RURAL,ADULTO MAYOR (60 o más),Pobreza Extrema,CORVIVIENDA,Básica primaria (1.o - 5.o),Mujer,Viudo(a),Trabajador Independiente,"Negro(a), mulato(a), afrodescendiente, afrocolombiano(a)",19929000.0
SANEAMIENTO BÁSICO Y CONDICIONES DE HABITABILIDAD,Entre 1 y 2 SMMLV,Localidad 2 - Virgen y Turistica,RURAL,ADULTEZ (29-59),Pobreza Extrema,CORVIVIENDA,Técnico o tecnológico (1 - 4),Hombre,Casado(a),Empleado,"Negro(a), mulato(a), afrodescendiente, afrocolombiano(a)",19929000.0
SANEAMIENTO BÁSICO Y CONDICIONES DE HABITABILIDAD,Entre 1 y 2 SMMLV,Localidad 2 - Virgen y Turistica,RURAL,ADULTO MAYOR (60 o más),Pobreza Extrema,CORVIVIENDA,Básica secundaria (6.o - 9.o),Hombre,Casado(a),Empleado,"Negro(a), mulato(a), afrodescendiente, afrocolombiano(a)",19929000.0
SANEAMIENTO BÁSICO Y CONDICIONES DE HABITABILIDAD,Entre 1 y 2 SMMLV,Localidad 2 - Virgen y Turistica,RURAL,ADULTEZ (29-59),Pobreza Extrema,CORVIVIENDA,Media (10.o - 13.o),Hombre,Unión libre,Trabajador Independiente,"Negro(a), mulato(a), afrodescendiente, afrocolombiano(a)",19929000.0
SANEAMIENTO BÁSICO Y CONDICIONES DE HABITABILIDAD,No tiene,Localidad 2 - Virgen y Turistica,RURAL,ADULTO MAYOR (60 o más),Ninguno,CORVIVIENDA,Ninguno,Mujer,Unión libre,Ama de Casa/Cuidador,"Negro(a), mulato(a), afrodescendiente, afrocolombiano(a)",19929000.0
SANEAMIENTO BÁSICO Y CONDICIONES DE HABITABILIDAD,Entre 1 y 2 SMMLV,Localidad 2 - Virgen y Turistica,RURAL,ADULTEZ (29-59),Ninguno,CORVIVIENDA,Básica primaria (1.o - 5.o),Hombre,Unión libre,Trabajador Independiente,"Negro(a), mulato(a), afrodescendiente, afrocolombiano(a)",19929000.0
SANEAMIENTO BÁSICO Y CONDICIONES DE HABITABILIDAD,Menor a 1 SMMLV,Localidad 2 - Virgen y Turistica,RURAL,ADULTO MAYOR (60 o más),Pobreza Extrema,CORVIVIENDA,Ninguno,Hombre,Viudo(a),Sin actividad,"Negro(a), mulato(a), afrodescendiente, afrocolombiano(a)",19929000.0
SANEAMIENTO BÁSICO Y CONDICIONES DE HABITABILIDAD,Menor a 1 SMMLV,Localidad 2 - Virgen y Turistica,RURAL,ADULTO MAYOR (60 o más),Pobreza Extrema,CORVIVIENDA,Básica primaria (1.o - 5.o),Hombre,Unión libre,Trabajador Independiente,"Negro(a), mulato(a), afrodescendiente, afrocolombiano(a)",19929000.0
SANEAMIENTO BÁSICO Y CONDICIONES DE HABITABILIDAD,Menor a 1 SMMLV,Localidad 2 - Virgen y Turistica,RURAL,ADULTEZ (29-59),Pobreza Extrema,CORVIVIENDA,Media (10.o - 13.o),Hombre,Separado(a) o divorciado(a),Empleado,"Negro(a), mulato(a), afrodescendiente, afrocolombiano(a)",19929000.0
SANEAMIENTO BÁSICO Y CONDICIONES DE HABITABILIDAD,Menor a 1 SMMLV,Localidad 2 - Virgen y Turistica,RURAL,ADULTEZ (29-59),Pobreza Extrema,CORVIVIENDA,Media (10.o - 13.o),Mujer,Soltero(a),Desempleado,"Negro(a), mulato(a), afrodescendiente, afrocolombiano(a)",19929000.0
SANEAMIENTO BÁSICO Y CONDICIONES DE HABITABILIDAD,No tiene,Localidad 2 - Virgen y Turistica,RURAL,ADULTO MAYOR (60 o más),Pobreza Extrema,CORVIVIENDA,Básica primaria (1.o - 5.o),Hombre,Casado(a),Sin actividad,"Negro(a), mulato(a), afrodescendiente, afrocolombiano(a)",19929000.0
SANEAMIENTO BÁSICO Y CONDICIONES DE HABITABILIDAD,Menor a 1 SMMLV,Localidad 2 - Virgen y Turistica,RURAL,ADULTEZ (29-59),Ninguno,CORVIVIENDA,Básica secundaria (6.o - 9.o),Hombre,Unión libre,Trabajador Independiente,"Negro(a), mulato(a), afrodescendiente, afrocolombiano(a)",19929000.0
SANEAMIENTO BÁSICO Y CONDICIONES DE HABITABILIDAD,Entre 1 y 2 SMMLV,Localidad 2 - Virgen y Turistica,RURAL,ADULTEZ (29-59),Pobreza Extrema,CORVIVIENDA,Media (10.o - 13.o),Hombre,Casado(a),Trabajador Independiente,"Negro(a), mulato(a), afrodescendiente, afrocolombiano(a)",19929000.0
SANEAMIENTO BÁSICO Y CONDICIONES DE HABITABILIDAD,Entre 1 y 2 SMMLV,Localidad 2 - Virgen y Turistica,RURAL,ADULTEZ (29-59),Pobreza Extrema,CORVIVIENDA,Universitario (1 - 6),Hombre,Casado(a),Trabajador Independiente,"Negro(a), mulato(a), afrodescendiente, afrocolombiano(a)",19929000.0
SANEAMIENTO BÁSICO Y CONDICIONES DE HABITABILIDAD,No tiene,Localidad 2 - Virgen y Turistica,RURAL,ADULTO MAYOR (60 o más),Pobreza Extrema,CORVIVIENDA,Básica primaria (1.o - 5.o),Mujer,Unión libre,Ama de Casa/Cuidador,"Negro(a), mulato(a), afrodescendiente, afrocolombiano(a)",19929000.0
SANEAMIENTO BÁSICO Y CONDICIONES DE HABITABILIDAD,Menor a 1 SMMLV,Localidad 2 - Virgen y Turistica,RURAL,ADULTO MAYOR (60 o más),Ninguno,CORVIVIENDA,Básica primaria (1.o - 5.o),Mujer,Soltero(a),Trabajador Independiente,"Negro(a), mulato(a), afrodescendiente, afrocolombiano(a)",19929000.0
SANEAMIENTO BÁSICO Y CONDICIONES DE HABITABILIDAD,Menor a 1 SMMLV,Localidad 2 - Virgen y Turistica,RURAL,ADULTEZ (29-59),Pobreza Extrema,CORVIVIENDA,Media (10.o - 13.o),Mujer,Separado(a) o divorciado(a),Trabajador Independiente,"Negro(a), mulato(a), afrodescendiente, afrocolombiano(a)",19929000.0
SANEAMIENTO BÁSICO Y CONDICIONES DE HABITABILIDAD,Entre 1 y 2 SMMLV,Localidad 2 - Virgen y Turistica,RURAL,ADULTEZ (29-59),Ninguno,CORVIVIENDA,Universitario (1 - 6),Hombre,Casado(a),Empleado,"Negro(a), mulato(a), afrodescendiente, afrocolombiano(a)",19929000.0
SANEAMIENTO BÁSICO Y CONDICIONES DE HABITABILIDAD,Entre 1 y 2 SMMLV,Localidad 2 - Virgen y Turistica,RURAL,ADULTO MAYOR (60 o más),Pobreza Extrema,CORVIVIENDA,Ninguno,Hombre,Viudo(a),Empleado,"Negro(a), mulato(a), afrodescendiente, afrocolombiano(a)",19929000.0
SANEAMIENTO BÁSICO Y CONDICIONES DE HABITABILIDAD,Entre 1 y 2 SMMLV,Localidad 2 - Virgen y Turistica,RURAL,ADULTO MAYOR (60 o más),Pobreza Extrema,CORVIVIENDA,Básica secundaria (6.o - 9.o),Hombre,Casado(a),Trabajador Independiente,"Negro(a), mulato(a), afrodescendiente, afrocolombiano(a)",19929000.0
SANEAMIENTO BÁSICO Y CONDICIONES DE HABITABILIDAD,Menor a 1 SMMLV,Localidad 2 - Virgen y Turistica,RURAL,ADULTEZ (29-59),Pobreza Extrema,CORVIVIENDA,Media (10.o - 13.o),Hombre,Casado(a),Trabajador Independiente,"Negro(a), mulato(a), afrodescendiente, afrocolombiano(a)",19929000.0
SANEAMIENTO BÁSICO Y CONDICIONES DE HABITABILIDAD,Menor a 1 SMMLV,Localidad 2 - Virgen y Turistica,RURAL,ADULTEZ (29-59),Ninguno,CORVIVIENDA,Ninguno,Hombre,Unión libre,Trabajador Independiente,"Negro(a), mulato(a), afrodescendiente, afrocolombiano(a)",19929000.0
SANEAMIENTO BÁSICO Y CONDICIONES DE HABITABILIDAD,Menor a 1 SMMLV,Localidad 2 - Virgen y Turistica,RURAL,ADULTEZ (29-59),Ninguno,CORVIVIENDA,Básica secundaria (6.o - 9.o),Mujer,Unión libre,Ama de Casa/Cuidador,"Negro(a), mulato(a), afrodescendiente, afrocolombiano(a)",19929000.0
SANEAMIENTO BÁSICO Y CONDICIONES DE HABITABILIDAD,Menor a 1 SMMLV,Localidad 2 - Virgen y Turistica,RURAL,ADULTEZ (29-59),Ninguno,CORVIVIENDA,Básica secundaria (6.o - 9.o),Mujer,Soltero(a),Trabajador Independiente,"Negro(a), mulato(a), afrodescendiente, afrocolombiano(a)",19929000.0
RURAL,NO REPORTADO,NO REPORTADO,RURAL,NO DISPONIBLE,NO REGISTRADO,FONVIVIENDA,NO REPORTADO,Mujer,NO REPORTADO,NO REPORTADO,NO REPORTADO,25520000.0
RURAL,NO REPORTADO,NO REPORTADO,RURAL,NO DISPONIBLE,NO REGISTRADO,FONVIVIENDA,NO REPORTADO,Hombre,NO REPORTADO,NO REPORTADO,NO REPORTADO,25520000.0
RURAL,Menor a 1 SMMLV,Localidad 2 - Virgen y Turistica,RURAL,ADULTO MAYOR (60 o más),Pobreza Extrema,FONVIVIENDA,Básica primaria (1.o - 5.o),Mujer,Soltero(a),Ama de Casa/Cuidador,Ninguno,25520000.0
RURAL,NO REPORTADO,NO REPORTADO,RURAL,NO DISPONIBLE,NO REGISTRADO,FONVIVIENDA,NO REPORTADO,Mujer,NO REPORTADO,NO REPORTADO,NO REPORTADO,25520000.0
RURAL,Menor a 1 SMMLV,Localidad 2 - Virgen y Turistica,RURAL,ADULTEZ (29-59),Ninguno,FONVIVIENDA,Básica secundaria (6.o - 9.o),Mujer,Soltero(a),Ama de Casa/Cuidador,"Negro(a), mulato(a), afrodescendiente, afrocolombiano(a)",25520000.0
RURAL,NO REPORTADO,NO REPORTADO,RURAL,NO DISPONIBLE,NO REGISTRADO,FONVIVIENDA,NO REPORTADO,Hombre,NO REPORTADO,NO REPORTADO,NO REPORTADO,25520000.0
SANEAMIENTO BÁSICO,NO REPORTADO,NO REPORTADO,RURAL,NO DISPONIBLE,NO REGISTRADO,FONVIVIENDA,NO REPORTADO,Mujer,NO REPORTADO,NO REPORTADO,NO REPORTADO,15597493.0
SANEAMIENTO BÁSICO,NO REPORTADO,NO REPORTADO,RURAL,NO DISPONIBLE,NO REGISTRADO,FONVIVIENDA,NO REPORTADO,Mujer,NO REPORTADO,NO REPORTADO,NO REPORTADO,15574482.0
SANEAMIENTO BÁSICO Y CONDICIONES DE HABITABILIDAD,Menor a 1 SMMLV,Localidad 2 - Virgen y Turistica,RURAL,ADULTEZ (29-59),Ninguno,CORVIVIENDA,Básica primaria (1.o - 5.o),Mujer,Soltero(a),Ama de Casa/Cuidador,"Negro(a), mulato(a), afrodescendiente, afrocolombiano(a)",19929000.0
SANEAMIENTO BÁSICO Y CONDICIONES DE HABITABILIDAD,Menor a 1 SMMLV,Localidad 2 - Virgen y Turistica,RURAL,ADULTEZ (29-59),Ninguno,CORVIVIENDA,Básica secundaria (6.o - 9.o),Mujer,Unión libre,Ama de Casa/Cuidador,"Negro(a), mulato(a), afrodescendiente, afrocolombiano(a)",19929000.0
SANEAMIENTO BÁSICO Y CONDICIONES DE HABITABILIDAD,Menor a 1 SMMLV,Localidad 2 - Virgen y Turistica,RURAL,ADULTEZ (29-59),Pobreza Extrema,CORVIVIENDA,Media (10.o - 13.o),Mujer,Unión libre,Ama de Casa/Cuidador,Ninguno,19929000.0
SANEAMIENTO BÁSICO Y CONDICIONES DE HABITABILIDAD,Menor a 1 SMMLV,Localidad 2 - Virgen y Turistica,RURAL,ADULTEZ (29-59),Ninguno,CORVIVIENDA,Básica secundaria (6.o - 9.o),Mujer,Soltero(a),Ama de Casa/Cuidador,"Negro(a), mulato(a), afrodescendiente, afrocolombiano(a)",19929000.0
SANEAMIENTO BÁSICO Y CONDICIONES DE HABITABILIDAD,Entre 1 y 2 SMMLV,Localidad 2 - Virgen y Turistica,RURAL,ADULTEZ (29-59),Ninguno,CORVIVIENDA,Básica secundaria (6.o - 9.o),Hombre,Unión libre,Trabajador Independiente,"Negro(a), mulato(a), afrodescendiente, afrocolombiano(a)",19929000.0
SANEAMIENTO BÁSICO Y CONDICIONES DE HABITABILIDAD,Entre 1 y 2 SMMLV,Localidad 2 - Virgen y Turistica,RURAL,ADULTEZ (29-59),Ninguno,CORVIVIENDA,Básica primaria (1.o - 5.o),Hombre,Unión libre,Empleado,"Negro(a), mulato(a), afrodescendiente, afrocolombiano(a)",19929000.0
SANEAMIENTO BÁSICO Y CONDICIONES DE HABITABILIDAD,Menor a 1 SMMLV,Localidad 2 - Virgen y Turistica,RURAL,ADULTO MAYOR (60 o más),Pobreza Extrema,CORVIVIENDA,Básica primaria (1.o - 5.o),Mujer,Unión libre,Ama de Casa/Cuidador,Ninguno,19929000.0
SANEAMIENTO BÁSICO Y CONDICIONES DE HABITABILIDAD,Menor a 1 SMMLV,Localidad 2 - Virgen y Turistica,RURAL,ADULTEZ (29-59),Pobreza Extrema,CORVIVIENDA,Básica secundaria (6.o - 9.o),Hombre,Unión libre,Trabajador Independiente,"Negro(a), mulato(a), afrodescendiente, afrocolombiano(a)",19929000.0
SANEAMIENTO BÁSICO Y CONDICIONES DE HABITABILIDAD,No tiene,Localidad 2 - Virgen y Turistica,RURAL,ADULTO MAYOR (60 o más),Pobreza Extrema,CORVIVIENDA,Básica primaria (1.o - 5.o),Hombre,Soltero(a),Desempleado,"Negro(a), mulato(a), afrodescendiente, afrocolombiano(a)",19929000.0
SANEAMIENTO BÁSICO Y CONDICIONES DE HABITABILIDAD,Menor a 1 SMMLV,Localidad 2 - Virgen y Turistica,RURAL,ADULTEZ (29-59),Ninguno,CORVIVIENDA,Básica secundaria (6.o - 9.o),Mujer,Soltero(a),Empleado,"Negro(a), mulato(a), afrodescendiente, afrocolombiano(a)",19929000.0
SANEAMIENTO BÁSICO Y CONDICIONES DE HABITABILIDAD,No tiene,Localidad 2 - Virgen y Turistica,RURAL,ADULTO MAYOR (60 o más),Ninguno,CORVIVIENDA,Básica primaria (1.o - 5.o),Mujer,Soltero(a),Desempleado,"Negro(a), mulato(a), afrodescendiente, afrocolombiano(a)",19929000.0
SANEAMIENTO BÁSICO Y CONDICIONES DE HABITABILIDAD,No tiene,Localidad 2 - Virgen y Turistica,RURAL,ADULTEZ (29-59),Ninguno,CORVIVIENDA,Básica secundaria (6.o - 9.o),Mujer,Unión libre,Desempleado,"Negro(a), mulato(a), afrodescendiente, afrocolombiano(a)",19929000.0
SANEAMIENTO BÁSICO Y CONDICIONES DE HABITABILIDAD,Menor a 1 SMMLV,Localidad 2 - Virgen y Turistica,RURAL,ADULTEZ (29-59),Pobreza Extrema,CORVIVIENDA,Básica secundaria (6.o - 9.o),Mujer,Unión libre,Ama de Casa/Cuidador,Ninguno,19929000.0
SANEAMIENTO BÁSICO Y CONDICIONES DE HABITABILIDAD,Menor a 1 SMMLV,Localidad 2 - Virgen y Turistica,RURAL,ADULTO MAYOR (60 o más),Pobreza Extrema,CORVIVIENDA,Básica primaria (1.o - 5.o),Hombre,Separado(a) o divorciado(a),Ama de Casa/Cuidador,"Negro(a), mulato(a), afrodescendiente, afrocolombiano(a)",19929000.0
SANEAMIENTO BÁSICO Y CONDICIONES DE HABITABILIDAD,No tiene,Localidad 2 - Virgen y Turistica,RURAL,ADULTEZ (29-59),Ninguno,CORVIVIENDA,Media (10.o - 13.o),Mujer,Soltero(a),Ama de Casa/Cuidador,Ninguno,19929000.0
SANEAMIENTO BÁSICO Y CONDICIONES DE HABITABILIDAD,Menor a 1 SMMLV,Localidad 2 - Virgen y Turistica,RURAL,ADULTEZ (29-59),Ninguno,CORVIVIENDA,Básica primaria (1.o - 5.o),Mujer,Unión libre,Ama de Casa/Cuidador,Indígena,19929000.0
SANEAMIENTO BÁSICO Y CONDICIONES DE HABITABILIDAD,Menor a 1 SMMLV,Localidad 2 - Virgen y Turistica,RURAL,NO DISPONIBLE,Ninguno,CORVIVIENDA,Básica primaria (1.o - 5.o),Hombre,Separado(a) o divorciado(a),Trabajador Independiente,"Negro(a), mulato(a), afrodescendiente, afrocolombiano(a)",19929000.0
SANEAMIENTO BÁSICO Y CONDICIONES DE HABITABILIDAD,Menor a 1 SMMLV,Localidad 2 - Virgen y Turistica,RURAL,JUVENTUD (18-28),Pobreza Extrema,CORVIVIENDA,Técnico o tecnológico (1 - 4),Mujer,Soltero(a),Desempleado,"Negro(a), mulato(a), afrodescendiente, afrocolombiano(a)",19929000.0
SANEAMIENTO BÁSICO Y CONDICIONES DE HABITABILIDAD,No tiene,Localidad 2 - Virgen y Turistica,RURAL,JUVENTUD (18-28),Pobreza Extrema,CORVIVIENDA,Técnico o tecnológico (1 - 4),Mujer,Unión libre,Ama de Casa/Cuidador,"Negro(a), mulato(a), afrodescendiente, afrocolombiano(a)",19929000.0
SANEAMIENTO BÁSICO Y CONDICIONES DE HABITABILIDAD,Menor a 1 SMMLV,Localidad 2 - Virgen y Turistica,RURAL,ADULTO MAYOR (60 o más),Ninguno,CORVIVIENDA,Básica secundaria (6.o - 9.o),Hombre,Casado(a),Empleado,"Negro(a), mulato(a), afrodescendiente, afrocolombiano(a)",19929000.0
SANEAMIENTO BÁSICO Y CONDICIONES DE HABITABILIDAD,Menor a 1 SMMLV,Localidad 2 - Virgen y Turistica,RURAL,ADULTEZ (29-59),Pobreza Extrema,CORVIVIENDA,Media (10.o - 13.o),Mujer,Soltero(a),Trabajador Independiente,"Negro(a), mulato(a), afrodescendiente, afrocolombiano(a)",19929000.0
SANEAMIENTO BÁSICO Y CONDICIONES DE HABITABILIDAD,Menor a 1 SMMLV,Localidad 2 - Virgen y Turistica,RURAL,ADULTO MAYOR (60 o más),Pobreza Extrema,CORVIVIENDA,Ninguno,Mujer,Viudo(a),Ama de Casa/Cuidador,"Negro(a), mulato(a), afrodescendiente, afrocolombiano(a)",19929000.0
SANEAMIENTO BÁSICO Y CONDICIONES DE HABITABILIDAD,Entre 1 y 2 SMMLV,Localidad 2 - Virgen y Turistica,RURAL,ADULTEZ (29-59),Damnificados,CORVIVIENDA,Media (10.o - 13.o),Hombre,Soltero(a),Trabajador Independiente,"Negro(a), mulato(a), afrodescendiente, afrocolombiano(a)",19929000.0
SANEAMIENTO BÁSICO Y CONDICIONES DE HABITABILIDAD,Entre 1 y 2 SMMLV,Localidad 2 - Virgen y Turistica,RURAL,ADULTEZ (29-59),Pobreza Extrema,CORVIVIENDA,Básica primaria (1.o - 5.o),Mujer,Soltero(a),Empleado,"Negro(a), mulato(a), afrodescendiente, afrocolombiano(a)",19929000.0
SANEAMIENTO BÁSICO Y CONDICIONES DE HABITABILIDAD,Entre 1 y 2 SMMLV,Localidad 2 - Virgen y Turistica,RURAL,ADULTO MAYOR (60 o más),Pobreza Extrema,CORVIVIENDA,Básica primaria (1.o - 5.o),Hombre,Casado(a),Sin actividad,"Negro(a), mulato(a), afrodescendiente, afrocolombiano(a)",19929000.0
SANEAMIENTO BÁSICO Y CONDICIONES DE HABITABILIDAD,Entre 1 y 2 SMMLV,Localidad 2 - Virgen y Turistica,RURAL,ADULTEZ (29-59),Pobreza Extrema,CORVIVIENDA,Media (10.o - 13.o),Mujer,Casado(a),Ama de Casa/Cuidador,"Negro(a), mulato(a), afrodescendiente, afrocolombiano(a)",19929000.0
SANEAMIENTO BÁSICO Y CONDICIONES DE HABITABILIDAD,Menor a 1 SMMLV,Localidad 2 - Virgen y Turistica,RURAL,ADULTEZ (29-59),Ninguno,CORVIVIENDA,Básica secundaria (6.o - 9.o),Mujer,Unión libre,Ama de Casa/Cuidador,"Negro(a), mulato(a), afrodescendiente, afrocolombiano(a)",19929000.0
SANEAMIENTO BÁSICO Y CONDICIONES DE HABITABILIDAD,Menor a 1 SMMLV,Localidad 2 - Virgen y Turistica,RURAL,ADULTEZ (29-59),Ninguno,CORVIVIENDA,Básica primaria (1.o - 5.o),Hombre,Unión libre,Trabajador Independiente,"Negro(a), mulato(a), afrodescendiente, afrocolombiano(a)",19929000.0
SANEAMIENTO BÁSICO Y CONDICIONES DE HABITABILIDAD,Menor a 1 SMMLV,Localidad 2 - Virgen y Turistica,RURAL,ADULTEZ (29-59),Pobreza Extrema,CORVIVIENDA,Media (10.o - 13.o),Mujer,Separado(a) o divorciado(a),Trabajador Independiente,"Negro(a), mulato(a), afrodescendiente, afrocolombiano(a)",19929000.0
SANEAMIENTO BÁSICO Y CONDICIONES DE HABITABILIDAD,Menor a 1 SMMLV,Localidad 2 - Virgen y Turistica,RURAL,ADULTEZ (29-59),Pobreza Extrema,CORVIVIENDA,Básica primaria (1.o - 5.o),Hombre,Unión libre,Trabajador Independiente,"Negro(a), mulato(a), afrodescendiente, afrocolombiano(a)",19929000.0
SANEAMIENTO BÁSICO Y CONDICIONES DE HABITABILIDAD,Menor a 1 SMMLV,Localidad 2 - Virgen y Turistica,RURAL,ADULTO MAYOR (60 o más),Pobreza Extrema,CORVIVIENDA,Básica primaria (1.o - 5.o),Hombre,Casado(a),Sin actividad,"Negro(a), mulato(a), afrodescendiente, afrocolombiano(a)",19929000.0
SANEAMIENTO BÁSICO Y CONDICIONES DE HABITABILIDAD,Menor a 1 SMMLV,Localidad 2 - Virgen y Turistica,RURAL,ADULTEZ (29-59),Ninguno,CORVIVIENDA,Básica primaria (1.o - 5.o),Mujer,Soltero(a),Trabajador Independiente,"Negro(a), mulato(a), afrodescendiente, afrocolombiano(a)",19929000.0
SANEAMIENTO BÁSICO Y CONDICIONES DE HABITABILIDAD,Menor a 1 SMMLV,Localidad 2 - Virgen y Turistica,RURAL,ADULTEZ (29-59),Ninguno,CORVIVIENDA,Básica primaria (1.o - 5.o),Hombre,Soltero(a),Trabajador Independiente,"Negro(a), mulato(a), afrodescendiente, afrocolombiano(a)",19929000.0
SANEAMIENTO BÁSICO Y CONDICIONES DE HABITABILIDAD,Menor a 1 SMMLV,Localidad 2 - Virgen y Turistica,RURAL,ADULTO MAYOR (60 o más),Pobreza Extrema,CORVIVIENDA,Básica primaria (1.o - 5.o),Mujer,Viudo(a),Ama de Casa/Cuidador,Ninguno,19929000.0
SANEAMIENTO BÁSICO Y CONDICIONES DE HABITABILIDAD,Menor a 1 SMMLV,Localidad 2 - Virgen y Turistica,RURAL,ADULTEZ (29-59),Pobreza Extrema,CORVIVIENDA,Básica secundaria (6.o - 9.o),Hombre,Unión libre,Trabajador Independiente,Ninguno,19929000.0
SANEAMIENTO BÁSICO Y CONDICIONES DE HABITABILIDAD,Menor a 1 SMMLV,Localidad 2 - Virgen y Turistica,RURAL,ADULTEZ (29-59),Pobreza Extrema,CORVIVIENDA,Media (10.o - 13.o),Hombre,Unión libre,Empleado,"Negro(a), mulato(a), afrodescendiente, afrocolombiano(a)",19929000.0
SANEAMIENTO BÁSICO Y CONDICIONES DE HABITABILIDAD,Entre 1 y 2 SMMLV,Localidad 2 - Virgen y Turistica,RURAL,ADULTEZ (29-59),Ninguno,CORVIVIENDA,Técnico o tecnológico (1 - 4),Mujer,Casado(a),Empleado,"Negro(a), mulato(a), afrodescendiente, afrocolombiano(a)",19929000.0
SANEAMIENTO BÁSICO Y CONDICIONES DE HABITABILIDAD,Menor a 1 SMMLV,Localidad 2 - Virgen y Turistica,RURAL,ADULTEZ (29-59),Pobreza Extrema,CORVIVIENDA,Básica primaria (1.o - 5.o),Mujer,Soltero(a),Trabajador Independiente,"Negro(a), mulato(a), afrodescendiente, afrocolombiano(a)",19929000.0
SANEAMIENTO BÁSICO Y CONDICIONES DE HABITABILIDAD,No tiene,Localidad 2 - Virgen y Turistica,RURAL,ADULTO MAYOR (60 o más),Pobreza Extrema,CORVIVIENDA,Básica primaria (1.o - 5.o),Mujer,Casado(a),Ama de Casa/Cuidador,"Negro(a), mulato(a), afrodescendiente, afrocolombiano(a)",19929000.0
SANEAMIENTO BÁSICO Y CONDICIONES DE HABITABILIDAD,No tiene,Localidad 2 - Virgen y Turistica,RURAL,ADULTEZ (29-59),Pobreza Extrema,CORVIVIENDA,Básica primaria (1.o - 5.o),Mujer,Unión libre,Ama de Casa/Cuidador,"Negro(a), mulato(a), afrodescendiente, afrocolombiano(a)",19929000.0
SANEAMIENTO BÁSICO Y CONDICIONES DE HABITABILIDAD,No tiene,Localidad 2 - Virgen y Turistica,RURAL,ADULTO MAYOR (60 o más),Pobreza Extrema,CORVIVIENDA,Ninguno,Mujer,Viudo(a),Sin actividad,"Negro(a), mulato(a), afrodescendiente, afrocolombiano(a)",19929000.0
SANEAMIENTO BÁSICO Y CONDICIONES DE HABITABILIDAD,No tiene,Localidad 2 - Virgen y Turistica,RURAL,JUVENTUD (18-28),Ninguno,CORVIVIENDA,Básica secundaria (6.o - 9.o),Mujer,Soltero(a),Ama de Casa/Cuidador,"Negro(a), mulato(a), afrodescendiente, afrocolombiano(a)",19929000.0
SANEAMIENTO BÁSICO Y CONDICIONES DE HABITABILIDAD,No tiene,Localidad 2 - Virgen y Turistica,RURAL,ADULTO MAYOR (60 o más),Pobreza Extrema,CORVIVIENDA,Básica secundaria (6.o - 9.o),Mujer,Soltero(a),Sin actividad,"Negro(a), mulato(a), afrodescendiente, afrocolombiano(a)",19929000.0
SANEAMIENTO BÁSICO Y CONDICIONES DE HABITABILIDAD,Menor a 1 SMMLV,Localidad 2 - Virgen y Turistica,RURAL,ADULTO MAYOR (60 o más),Ninguno,CORVIVIENDA,Ninguno,Mujer,Viudo(a),Ama de Casa/Cuidador,"Negro(a), mulato(a), afrodescendiente, afrocolombiano(a)",19929000.0
SANEAMIENTO BÁSICO Y CONDICIONES DE HABITABILIDAD,Menor a 1 SMMLV,Localidad 2 - Virgen y Turistica,RURAL,ADULTEZ (29-59),Ninguno,CORVIVIENDA,Media (10.o - 13.o),Mujer,Viudo(a),Trabajador Independiente,"Negro(a), mulato(a), afrodescendiente, afrocolombiano(a)",19929000.0
SANEAMIENTO BÁSICO Y CONDICIONES DE HABITABILIDAD,Menor a 1 SMMLV,Localidad 2 - Virgen y Turistica,RURAL,ADULTEZ (29-59),Ninguno,CORVIVIENDA,Básica secundaria (6.o - 9.o),Hombre,Unión libre,Trabajador Independiente,"Negro(a), mulato(a), afrodescendiente, afrocolombiano(a)",19929000.0
SANEAMIENTO BÁSICO Y CONDICIONES DE HABITABILIDAD,Menor a 1 SMMLV,Localidad 2 - Virgen y Turistica,RURAL,ADULTO MAYOR (60 o más),Ninguno,CORVIVIENDA,Ninguno,Hombre,Casado(a),Trabajador Independiente,"Negro(a), mulato(a), afrodescendiente, afrocolombiano(a)",19929000.0
SANEAMIENTO BÁSICO Y CONDICIONES DE HABITABILIDAD,Menor a 1 SMMLV,Localidad 2 - Virgen y Turistica,RURAL,ADULTEZ (29-59),Pobreza Extrema,CORVIVIENDA,Ninguno,Hombre,Casado(a),Incapacitado permanentemente para trabajar,"Negro(a), mulato(a), afrodescendiente, afrocolombiano(a)",19929000.0
SANEAMIENTO BÁSICO Y CONDICIONES DE HABITABILIDAD,No tiene,Localidad 2 - Virgen y Turistica,RURAL,ADULTO MAYOR (60 o más),Ninguno,CORVIVIENDA,Básica primaria (1.o - 5.o),Mujer,Viudo(a),Ama de Casa/Cuidador,Ninguno,19929000.0
SANEAMIENTO BÁSICO Y CONDICIONES DE HABITABILIDAD,Menor a 1 SMMLV,Localidad 2 - Virgen y Turistica,RURAL,ADULTEZ (29-59),Ninguno,CORVIVIENDA,Básica primaria (1.o - 5.o),Mujer,Unión libre,Ama de Casa/Cuidador,"Negro(a), mulato(a), afrodescendiente, afrocolombiano(a)",19929000.0
SANEAMIENTO BÁSICO Y CONDICIONES DE HABITABILIDAD,Entre 1 y 2 SMMLV,Localidad 2 - Virgen y Turistica,RURAL,ADULTO MAYOR (60 o más),Pobreza Extrema,CORVIVIENDA,Básica primaria (1.o - 5.o),Mujer,Unión libre,Ama de Casa/Cuidador,"Negro(a), mulato(a), afrodescendiente, afrocolombiano(a)",19929000.0
SANEAMIENTO BÁSICO Y CONDICIONES DE HABITABILIDAD,Entre 1 y 2 SMMLV,Localidad 2 - Virgen y Turistica,RURAL,ADULTO MAYOR (60 o más),Pobreza Extrema,CORVIVIENDA,Ninguno,Mujer,Viudo(a),Ama de Casa/Cuidador,"Negro(a), mulato(a), afrodescendiente, afrocolombiano(a)",19929000.0
SANEAMIENTO BÁSICO Y CONDICIONES DE HABITABILIDAD,Menor a 1 SMMLV,Localidad 2 - Virgen y Turistica,RURAL,ADULTEZ (29-59),Ninguno,CORVIVIENDA,Técnico o tecnológico (1 - 4),Hombre,Unión libre,Trabajador Independiente,"Negro(a), mulato(a), afrodescendiente, afrocolombiano(a)",19929000.0
SANEAMIENTO BÁSICO Y CONDICIONES DE HABITABILIDAD,Menor a 1 SMMLV,Localidad 2 - Virgen y Turistica,RURAL,ADULTO MAYOR (60 o más),Pobreza Extrema,CORVIVIENDA,Básica secundaria (6.o - 9.o),Hombre,Soltero(a),Ama de Casa/Cuidador,"Negro(a), mulato(a), afrodescendiente, afrocolombiano(a)",19929000.0
SANEAMIENTO BÁSICO Y CONDICIONES DE HABITABILIDAD,Menor a 1 SMMLV,Localidad 2 - Virgen y Turistica,RURAL,ADULTEZ (29-59),Ninguno,CORVIVIENDA,Básica secundaria (6.o - 9.o),Mujer,Casado(a),Ama de Casa/Cuidador,"Negro(a), mulato(a), afrodescendiente, afrocolombiano(a)",19929000.0
SANEAMIENTO BÁSICO Y CONDICIONES DE HABITABILIDAD,No tiene,Localidad 2 - Virgen y Turistica,RURAL,ADULTO MAYOR (60 o más),Pobreza Extrema,CORVIVIENDA,Ninguno,Hombre,Soltero(a),Sin actividad,"Negro(a), mulato(a), afrodescendiente, afrocolombiano(a)",19929000.0
SANEAMIENTO BÁSICO Y CONDICIONES DE HABITABILIDAD,Entre 1 y 2 SMMLV,Localidad 2 - Virgen y Turistica,RURAL,ADULTEZ (29-59),Ninguno,CORVIVIENDA,Media (10.o - 13.o),Hombre,Unión libre,Empleado,Ninguno,19929000.0
SANEAMIENTO BÁSICO Y CONDICIONES DE HABITABILIDAD,Entre 1 y 2 SMMLV,Localidad 2 - Virgen y Turistica,RURAL,ADULTEZ (29-59),Ninguno,CORVIVIENDA,Media (10.o - 13.o),Hombre,Unión libre,Empleado,"Negro(a), mulato(a), afrodescendiente, afrocolombiano(a)",19929000.0
SANEAMIENTO BÁSICO Y CONDICIONES DE HABITABILIDAD,No tiene,Localidad 2 - Virgen y Turistica,RURAL,ADULTEZ (29-59),Pobreza Extrema,CORVIVIENDA,Media (10.o - 13.o),Mujer,Soltero(a),Empleado,"Negro(a), mulato(a), afrodescendiente, afrocolombiano(a)",19929000.0
SANEAMIENTO BÁSICO Y CONDICIONES DE HABITABILIDAD,Menor a 1 SMMLV,Localidad 1 - Historica y del Caribe Norte,URBANO,ADULTO MAYOR (60 o más),Ninguno,CORVIVIENDA,Básica primaria (1.o - 5.o),Hombre,Soltero(a),Ama de Casa/Cuidador,"Negro(a), mulato(a), afrodescendiente, afrocolombiano(a)",17082000.0
SANEAMIENTO BÁSICO Y CONDICIONES DE HABITABILIDAD,Menor a 1 SMMLV,Localidad 1 - Historica y del Caribe Norte,URBANO,ADULTEZ (29-59),Ninguno,CORVIVIENDA,Básica secundaria (6.o - 9.o),Mujer,Unión libre,Ama de Casa/Cuidador,"Negro(a), mulato(a), afrodescendiente, afrocolombiano(a)",17082000.0
SANEAMIENTO BÁSICO Y CONDICIONES DE HABITABILIDAD,Menor a 1 SMMLV,Localidad 1 - Historica y del Caribe Norte,URBANO,ADULTEZ (29-59),Ninguno,CORVIVIENDA,Básica secundaria (6.o - 9.o),Mujer,Unión libre,Ama de Casa/Cuidador,Ninguno,17082000.0
SANEAMIENTO BÁSICO Y CONDICIONES DE HABITABILIDAD,No tiene,Localidad 1 - Historica y del Caribe Norte,URBANO,JUVENTUD (18-28),Ninguno,CORVIVIENDA,Básica primaria (1.o - 5.o),Mujer,Viudo(a),Ama de Casa/Cuidador,Ninguno,17082000.0
SANEAMIENTO BÁSICO Y CONDICIONES DE HABITABILIDAD,NO REPORTADO,NO REPORTADO,URBANO,ADULTO MAYOR (60 o más),Víctima Conflicto Armado por Desplazamiento Forzado,CORVIVIENDA,NO REPORTADO,Mujer,NO REPORTADO,NO REPORTADO,NO REPORTADO,17082000.0
SANEAMIENTO BÁSICO Y CONDICIONES DE HABITABILIDAD,Menor a 1 SMMLV,Localidad 1 - Historica y del Caribe Norte,URBANO,ADULTO MAYOR (60 o más),Pobreza Extrema,CORVIVIENDA,Básica primaria (1.o - 5.o),Mujer,Soltero(a),Ama de Casa/Cuidador,"Negro(a), mulato(a), afrodescendiente, afrocolombiano(a)",17082000.0
SANEAMIENTO BÁSICO Y CONDICIONES DE HABITABILIDAD,Entre 1 y 2 SMMLV,Localidad 2 - Virgen y Turistica,URBANO,ADULTEZ (29-59),Pobreza Extrema,CORVIVIENDA,Básica primaria (1.o - 5.o),Hombre,Unión libre,Trabajador Independiente,Otro,17082000.0
SANEAMIENTO BÁSICO Y CONDICIONES DE HABITABILIDAD,Entre 1 y 2 SMMLV,Localidad 2 - Virgen y Turistica,URBANO,ADULTEZ (29-59),Pobreza Extrema,CORVIVIENDA,Técnico o tecnológico (1 - 4),Hombre,Unión libre,Empleado,"Negro(a), mulato(a), afrodescendiente, afrocolombiano(a)",17082000.0
SANEAMIENTO BÁSICO Y CONDICIONES DE HABITABILIDAD,Menor a 1 SMMLV,Localidad 1 - Historica y del Caribe Norte,URBANO,ADULTEZ (29-59),Pobreza Extrema,CORVIVIENDA,Básica secundaria (6.o - 9.o),Mujer,Soltero(a),Trabajador Independiente,Ninguno,17082000.0
SANEAMIENTO BÁSICO Y CONDICIONES DE HABITABILIDAD,Menor a 1 SMMLV,Localidad 1 - Historica y del Caribe Norte,URBANO,ADULTEZ (29-59),Pobreza Extrema,CORVIVIENDA,Básica primaria (1.o - 5.o),Mujer,Soltero(a),Trabajador Independiente,Ninguno,17082000.0
SANEAMIENTO BÁSICO Y CONDICIONES DE HABITABILIDAD,Menor a 1 SMMLV,Localidad 1 - Historica y del Caribe Norte,URBANO,ADULTEZ (29-59),Ninguno,CORVIVIENDA,Básica secundaria (6.o - 9.o),Mujer,Soltero(a),Trabajador Independiente,"Negro(a), mulato(a), afrodescendiente, afrocolombiano(a)",17082000.0
SANEAMIENTO BÁSICO Y CONDICIONES DE HABITABILIDAD,Menor a 1 SMMLV,Localidad 1 - Historica y del Caribe Norte,URBANO,ADULTO MAYOR (60 o más),Ninguno,CORVIVIENDA,Básica secundaria (6.o - 9.o),Hombre,Separado(a) o divorciado(a),Trabajador Independiente,Ninguno,17082000.0
SANEAMIENTO BÁSICO Y CONDICIONES DE HABITABILIDAD,Entre 1 y 2 SMMLV,Localidad 2 - Virgen y Turistica,URBANO,ADULTO MAYOR (60 o más),Pobreza Extrema,CORVIVIENDA,Básica primaria (1.o - 5.o),Mujer,Soltero(a),Trabajador Independiente,"Negro(a), mulato(a), afrodescendiente, afrocolombiano(a)",17082000.0
SANEAMIENTO BÁSICO Y CONDICIONES DE HABITABILIDAD,Entre 1 y 2 SMMLV,Localidad 2 - Virgen y Turistica,URBANO,ADULTEZ (29-59),Pobreza Extrema,CORVIVIENDA,Básica primaria (1.o - 5.o),Mujer,Soltero(a),Trabajador Independiente,Ninguno,17082000.0
SANEAMIENTO BÁSICO Y CONDICIONES DE HABITABILIDAD,Menor a 1 SMMLV,Localidad 1 - Historica y del Caribe Norte,URBANO,ADULTEZ (29-59),Pobreza Extrema,CORVIVIENDA,Media (10.o - 13.o),Hombre,Soltero(a),Trabajador Independiente,"Negro(a), mulato(a), afrodescendiente, afrocolombiano(a)",17082000.0
SANEAMIENTO BÁSICO Y CONDICIONES DE HABITABILIDAD,No tiene,Localidad 1 - Historica y del Caribe Norte,URBANO,ADULTO MAYOR (60 o más),Pobreza Extrema,CORVIVIENDA,Básica secundaria (6.o - 9.o),Mujer,Soltero(a),Ama de Casa/Cuidador,"Negro(a), mulato(a), afrodescendiente, afrocolombiano(a)",17082000.0
SANEAMIENTO BÁSICO Y CONDICIONES DE HABITABILIDAD,Menor a 1 SMMLV,Localidad 1 - Historica y del Caribe Norte,URBANO,ADULTO MAYOR (60 o más),Pobreza Extrema,CORVIVIENDA,Básica primaria (1.o - 5.o),Mujer,Soltero(a),Incapacitado permanentemente para trabajar,"Negro(a), mulato(a), afrodescendiente, afrocolombiano(a)",17082000.0
SANEAMIENTO BÁSICO Y CONDICIONES DE HABITABILIDAD,Menor a 1 SMMLV,Localidad 1 - Historica y del Caribe Norte,URBANO,ADULTO MAYOR (60 o más),Víctima Conflicto Armado por Desplazamiento Forzado,CORVIVIENDA,Básica primaria (1.o - 5.o),Mujer,Unión libre,Ama de Casa/Cuidador,"Negro(a), mulato(a), afrodescendiente, afrocolombiano(a)",17082000.0
SANEAMIENTO BÁSICO Y CONDICIONES DE HABITABILIDAD,Menor a 1 SMMLV,Localidad 1 - Historica y del Caribe Norte,URBANO,ADULTEZ (29-59),Pobreza Extrema,CORVIVIENDA,Básica primaria (1.o - 5.o),Mujer,Soltero(a),Ama de Casa/Cuidador,Ninguno,17082000.0
SANEAMIENTO BÁSICO Y CONDICIONES DE HABITABILIDAD,Entre 1 y 2 SMMLV,Localidad 1 - Historica y del Caribe Norte,URBANO,ADULTO MAYOR (60 o más),Ninguno,CORVIVIENDA,Básica secundaria (6.o - 9.o),Hombre,Separado(a) o divorciado(a),Incapacitado permanentemente para trabajar,Ninguno,17082000.0
SANEAMIENTO BÁSICO Y CONDICIONES DE HABITABILIDAD,Menor a 1 SMMLV,Localidad 1 - Historica y del Caribe Norte,URBANO,ADULTO MAYOR (60 o más),Ninguno,CORVIVIENDA,Básica primaria (1.o - 5.o),Hombre,Unión libre,Jubilado o pensionado,Ninguno,17082000.0
SANEAMIENTO BÁSICO Y CONDICIONES DE HABITABILIDAD,Entre 1 y 2 SMMLV,Localidad 1 - Historica y del Caribe Norte,URBANO,ADULTEZ (29-59),Ninguno,CORVIVIENDA,Media (10.o - 13.o),Hombre,Unión libre,Empleado,"Negro(a), mulato(a), afrodescendiente, afrocolombiano(a)",17082000.0
SANEAMIENTO BÁSICO Y CONDICIONES DE HABITABILIDAD,Menor a 1 SMMLV,Localidad 1 - Historica y del Caribe Norte,URBANO,ADULTEZ (29-59),Pobreza Extrema,CORVIVIENDA,Media (10.o - 13.o),Mujer,Unión libre,Ama de Casa/Cuidador,Ninguno,17082000.0
SANEAMIENTO BÁSICO Y CONDICIONES DE HABITABILIDAD,No tiene,Localidad 1 - Historica y del Caribe Norte,URBANO,ADULTO MAYOR (60 o más),Pobreza Extrema,CORVIVIENDA,Ninguno,Mujer,Soltero(a),Sin actividad,"Negro(a), mulato(a), afrodescendiente, afrocolombiano(a)",17082000.0
SANEAMIENTO BÁSICO Y CONDICIONES DE HABITABILIDAD,Menor a 1 SMMLV,Localidad 1 - Historica y del Caribe Norte,URBANO,ADULTO MAYOR (60 o más),Ninguno,CORVIVIENDA,Ninguno,Mujer,Viudo(a),Ama de Casa/Cuidador,Indígena,17082000.0
SANEAMIENTO BÁSICO Y CONDICIONES DE HABITABILIDAD,Menor a 1 SMMLV,Localidad 1 - Historica y del Caribe Norte,URBANO,ADULTO MAYOR (60 o más),Pobreza Extrema,CORVIVIENDA,Básica primaria (1.o - 5.o),Mujer,Unión libre,Ama de Casa/Cuidador,"Negro(a), mulato(a), afrodescendiente, afrocolombiano(a)",17082000.0
SANEAMIENTO BÁSICO Y CONDICIONES DE HABITABILIDAD,Menor a 1 SMMLV,Localidad 1 - Historica y del Caribe Norte,URBANO,ADULTEZ (29-59),Pobreza Extrema,CORVIVIENDA,Básica secundaria (6.o - 9.o),Mujer,Unión libre,Ama de Casa/Cuidador,"Negro(a), mulato(a), afrodescendiente, afrocolombiano(a)",17082000.0
SANEAMIENTO BÁSICO Y CONDICIONES DE HABITABILIDAD,Menor a 1 SMMLV,Localidad 1 - Historica y del Caribe Norte,URBANO,ADULTO MAYOR (60 o más),Pobreza Extrema,CORVIVIENDA,Básica primaria (1.o - 5.o),Mujer,Casado(a),Ama de Casa/Cuidador,Ninguno,17082000.0
SANEAMIENTO BÁSICO Y CONDICIONES DE HABITABILIDAD,Entre 1 y 2 SMMLV,Localidad 2 - Virgen y Turistica,URBANO,ADULTO MAYOR (60 o más),Pobreza Extrema,CORVIVIENDA,Básica primaria (1.o - 5.o),Mujer,Viudo(a),Ama de Casa/Cuidador,Otro,17082000.0
SANEAMIENTO BÁSICO Y CONDICIONES DE HABITABILIDAD,Menor a 1 SMMLV,Localidad 1 - Historica y del Caribe Norte,URBANO,ADULTO MAYOR (60 o más),Ninguno,CORVIVIENDA,Básica primaria (1.o - 5.o),Mujer,Soltero(a),Ama de Casa/Cuidador,"Negro(a), mulato(a), afrodescendiente, afrocolombiano(a)",17082000.0
SANEAMIENTO BÁSICO Y CONDICIONES DE HABITABILIDAD,Entre 1 y 2 SMMLV,Localidad 1 - Historica y del Caribe Norte,URBANO,ADULTO MAYOR (60 o más),Ninguno,CORVIVIENDA,Básica primaria (1.o - 5.o),Hombre,Unión libre,Trabajador Independiente,Ninguno,17082000.0
SANEAMIENTO BÁSICO Y CONDICIONES DE HABITABILIDAD,Menor a 1 SMMLV,Localidad 1 - Historica y del Caribe Norte,URBANO,ADULTO MAYOR (60 o más),Ninguno,CORVIVIENDA,Básica primaria (1.o - 5.o),Hombre,Casado(a),Trabajador Independiente,Ninguno,17082000.0
SANEAMIENTO BÁSICO Y CONDICIONES DE HABITABILIDAD,Menor a 1 SMMLV,Localidad 1 - Historica y del Caribe Norte,URBANO,ADULTO MAYOR (60 o más),Ninguno,CORVIVIENDA,Ninguno,Mujer,Viudo(a),Ama de Casa/Cuidador,Ninguno,17082000.0
SANEAMIENTO BÁSICO Y CONDICIONES DE HABITABILIDAD,Entre 1 y 2 SMMLV,Localidad 1 - Historica y del Caribe Norte,URBANO,ADULTO MAYOR (60 o más),Ninguno,CORVIVIENDA,Básica secundaria (6.o - 9.o),Mujer,Unión libre,Jubilado o pensionado,Ninguno,17082000.0
SANEAMIENTO BÁSICO Y CONDICIONES DE HABITABILIDAD,Entre 1 y 2 SMMLV,Localidad 2 - Virgen y Turistica,URBANO,ADULTEZ (29-59),Pobreza Extrema,CORVIVIENDA,Media (10.o - 13.o),Hombre,Unión libre,Trabajador Independiente,"Negro(a), mulato(a), afrodescendiente, afrocolombiano(a)",17082000.0
SANEAMIENTO BÁSICO Y CONDICIONES DE HABITABILIDAD,Menor a 1 SMMLV,Localidad 1 - Historica y del Caribe Norte,URBANO,ADULTO MAYOR (60 o más),Ninguno,CORVIVIENDA,Básica primaria (1.o - 5.o),Hombre,Unión libre,Trabajador Independiente,"Negro(a), mulato(a), afrodescendiente, afrocolombiano(a)",17082000.0
SANEAMIENTO BÁSICO Y CONDICIONES DE HABITABILIDAD,Menor a 1 SMMLV,Localidad 1 - Historica y del Caribe Norte,URBANO,ADULTO MAYOR (60 o más),Ninguno,CORVIVIENDA,Básica primaria (1.o - 5.o),Mujer,Separado(a) o divorciado(a),Ama de Casa/Cuidador,"Negro(a), mulato(a), afrodescendiente, afrocolombiano(a)",17082000.0
SANEAMIENTO BÁSICO Y CONDICIONES DE HABITABILIDAD,Menor a 1 SMMLV,Localidad 1 - Historica y del Caribe Norte,URBANO,ADULTEZ (29-59),Ninguno,CORVIVIENDA,Básica secundaria (6.o - 9.o),Hombre,Unión libre,Empleado,"Negro(a), mulato(a), afrodescendiente, afrocolombiano(a)",17082000.0
SANEAMIENTO BÁSICO Y CONDICIONES DE HABITABILIDAD,Menor a 1 SMMLV,Localidad 1 - Historica y del Caribe Norte,URBANO,ADULTO MAYOR (60 o más),Ninguno,CORVIVIENDA,Básica primaria (1.o - 5.o),Mujer,Viudo(a),Ama de Casa/Cuidador,"Negro(a), mulato(a), afrodescendiente, afrocolombiano(a)",17082000.0
SANEAMIENTO BÁSICO Y CONDICIONES DE HABITABILIDAD,Menor a 1 SMMLV,Localidad 1 - Historica y del Caribe Norte,URBANO,ADULTO MAYOR (60 o más),Ninguno,CORVIVIENDA,Ninguno,Mujer,Viudo(a),Incapacitado permanentemente para trabajar,"Negro(a), mulato(a), afrodescendiente, afrocolombiano(a)",17082000.0
SANEAMIENTO BÁSICO Y CONDICIONES DE HABITABILIDAD,Menor a 1 SMMLV,Localidad 1 - Historica y del Caribe Norte,URBANO,ADULTO MAYOR (60 o más),Ninguno,CORVIVIENDA,Ninguno,Hombre,Soltero(a),Trabajador Independiente,Ninguno,17082000.0
SANEAMIENTO BÁSICO Y CONDICIONES DE HABITABILIDAD,No tiene,Localidad 1 - Historica y del Caribe Norte,URBANO,ADULTO MAYOR (60 o más),Pobreza Extrema,CORVIVIENDA,Básica secundaria (6.o - 9.o),Mujer,Casado(a),Desempleado,Ninguno,17082000.0
SANEAMIENTO BÁSICO Y CONDICIONES DE HABITABILIDAD,Menor a 1 SMMLV,Localidad 1 - Historica y del Caribe Norte,URBANO,ADULTEZ (29-59),Pobreza Extrema,CORVIVIENDA,Básica secundaria (6.o - 9.o),Mujer,Soltero(a),Ama de Casa/Cuidador,"Negro(a), mulato(a), afrodescendiente, afrocolombiano(a)",17082000.0
SANEAMIENTO BÁSICO Y CONDICIONES DE HABITABILIDAD,Menor a 1 SMMLV,Localidad 1 - Historica y del Caribe Norte,URBANO,ADULTO MAYOR (60 o más),Ninguno,CORVIVIENDA,Básica secundaria (6.o - 9.o),Mujer,Casado(a),Trabajador Independiente,Ninguno,17082000.0
SANEAMIENTO BÁSICO Y CONDICIONES DE HABITABILIDAD,Menor a 1 SMMLV,Localidad 1 - Historica y del Caribe Norte,URBANO,ADULTO MAYOR (60 o más),Ninguno,CORVIVIENDA,Básica secundaria (6.o - 9.o),Hombre,Unión libre,Trabajador Independiente,Ninguno,17082000.0
SANEAMIENTO BÁSICO Y CONDICIONES DE HABITABILIDAD,Menor a 1 SMMLV,Localidad 1 - Historica y del Caribe Norte,URBANO,ADULTO MAYOR (60 o más),Ninguno,CORVIVIENDA,Básica primaria (1.o - 5.o),Hombre,Separado(a) o divorciado(a),Trabajador Independiente,Ninguno,17082000.0
SANEAMIENTO BÁSICO Y CONDICIONES DE HABITABILIDAD,Menor a 1 SMMLV,Localidad 1 - Historica y del Caribe Norte,URBANO,ADULTO MAYOR (60 o más),Pobreza Extrema,CORVIVIENDA,Básica primaria (1.o - 5.o),Mujer,Soltero(a),Ama de Casa/Cuidador,Ninguno,17082000.0
SANEAMIENTO BÁSICO Y CONDICIONES DE HABITABILIDAD,Menor a 1 SMMLV,Localidad 1 - Historica y del Caribe Norte,URBANO,ADULTO MAYOR (60 o más),Ninguno,CORVIVIENDA,Ninguno,Hombre,Unión libre,Sin actividad,"Negro(a), mulato(a), afrodescendiente, afrocolombiano(a)",17082000.0
SANEAMIENTO BÁSICO Y CONDICIONES DE HABITABILIDAD,Entre 1 y 2 SMMLV,Localidad 2 - Virgen y Turistica,URBANO,ADULTO MAYOR (60 o más),Pobreza Extrema,CORVIVIENDA,Básica primaria (1.o - 5.o),Mujer,Soltero(a),Ama de Casa/Cuidador,"Negro(a), mulato(a), afrodescendiente, afrocolombiano(a)",17082000.0
SANEAMIENTO BÁSICO Y CONDICIONES DE HABITABILIDAD,Entre 1 y 2 SMMLV,Localidad 2 - Virgen y Turistica,URBANO,ADULTO MAYOR (60 o más),Pobreza Extrema,CORVIVIENDA,Básica primaria (1.o - 5.o),Mujer,Soltero(a),Trabajador Independiente,Otro,17082000.0
SANEAMIENTO BÁSICO Y CONDICIONES DE HABITABILIDAD,No tiene,Localidad 1 - Historica y del Caribe Norte,URBANO,ADULTO MAYOR (60 o más),Ninguno,CORVIVIENDA,Ninguno,Hombre,Soltero(a),Desempleado,Ninguno,17082000.0
SANEAMIENTO BÁSICO Y CONDICIONES DE HABITABILIDAD,No tiene,Localidad 1 - Historica y del Caribe Norte,URBANO,ADULTO MAYOR (60 o más),Pobreza Extrema,CORVIVIENDA,Básica primaria (1.o - 5.o),Mujer,Soltero(a),Ama de Casa/Cuidador,Ninguno,17082000.0
SANEAMIENTO BÁSICO Y CONDICIONES DE HABITABILIDAD,Menor a 1 SMMLV,Localidad 1 - Historica y del Caribe Norte,URBANO,ADULTO MAYOR (60 o más),Ninguno,CORVIVIENDA,Básica primaria (1.o - 5.o),Hombre,Unión libre,Sin actividad,"Negro(a), mulato(a), afrodescendiente, afrocolombiano(a)",17082000.0
SANEAMIENTO BÁSICO Y CONDICIONES DE HABITABILIDAD,Menor a 1 SMMLV,Localidad 1 - Historica y del Caribe Norte,URBANO,ADULTO MAYOR (60 o más),Ninguno,CORVIVIENDA,Básica primaria (1.o - 5.o),Mujer,Unión libre,Ama de Casa/Cuidador,"Negro(a), mulato(a), afrodescendiente, afrocolombiano(a)",17082000.0
SANEAMIENTO BÁSICO Y CONDICIONES DE HABITABILIDAD,Menor a 1 SMMLV,Localidad 1 - Historica y del Caribe Norte,URBANO,ADULTO MAYOR (60 o más),Damnificados,CORVIVIENDA,Básica primaria (1.o - 5.o),Hombre,Soltero(a),Trabajador Independiente,"Negro(a), mulato(a), afrodescendiente, afrocolombiano(a)",17082000.0
SANEAMIENTO BÁSICO Y CONDICIONES DE HABITABILIDAD,Menor a 1 SMMLV,Localidad 1 - Historica y del Caribe Norte,URBANO,ADULTO MAYOR (60 o más),Ninguno,CORVIVIENDA,Básica primaria (1.o - 5.o),Mujer,Viudo(a),Trabajador Independiente,Ninguno,17082000.0
SANEAMIENTO BÁSICO Y CONDICIONES DE HABITABILIDAD,Menor a 1 SMMLV,Localidad 1 - Historica y del Caribe Norte,URBANO,ADULTO MAYOR (60 o más),Ninguno,CORVIVIENDA,Básica primaria (1.o - 5.o),Mujer,Unión libre,Ama de Casa/Cuidador,"Negro(a), mulato(a), afrodescendiente, afrocolombiano(a)",17082000.0
SANEAMIENTO BÁSICO Y CONDICIONES DE HABITABILIDAD,Menor a 1 SMMLV,Localidad 1 - Historica y del Caribe Norte,URBANO,ADULTO MAYOR (60 o más),Pobreza Extrema,CORVIVIENDA,Ninguno,Mujer,Viudo(a),Ama de Casa/Cuidador,Ninguno,17082000.0
SANEAMIENTO BÁSICO Y CONDICIONES DE HABITABILIDAD,No tiene,Localidad 1 - Historica y del Caribe Norte,URBANO,ADULTO MAYOR (60 o más),Pobreza Extrema,CORVIVIENDA,Preescolar,Mujer,Viudo(a),Sin actividad,Ninguno,17082000.0
SANEAMIENTO BÁSICO Y CONDICIONES DE HABITABILIDAD,Entre 1 y 2 SMMLV,Localidad 2 - Virgen y Turistica,URBANO,ADULTO MAYOR (60 o más),Pobreza Extrema,CORVIVIENDA,Ninguno,Mujer,Viudo(a),Ama de Casa/Cuidador,"Negro(a), mulato(a), afrodescendiente, afrocolombiano(a)",17082000.0
SANEAMIENTO BÁSICO Y CONDICIONES DE HABITABILIDAD,Entre 1 y 2 SMMLV,Localidad 2 - Virgen y Turistica,URBANO,ADULTO MAYOR (60 o más),Pobreza Extrema,CORVIVIENDA,Básica primaria (1.o - 5.o),Hombre,Casado(a),Trabajador Independiente,"Negro(a), mulato(a), afrodescendiente, afrocolombiano(a)",17082000.0
SANEAMIENTO BÁSICO Y CONDICIONES DE HABITABILIDAD,Entre 1 y 2 SMMLV,Localidad 2 - Virgen y Turistica,URBANO,ADULTO MAYOR (60 o más),Pobreza Extrema,CORVIVIENDA,Ninguno,Mujer,Soltero(a),Ama de Casa/Cuidador,Otro,17082000.0
SANEAMIENTO BÁSICO Y CONDICIONES DE HABITABILIDAD,No tiene,Localidad 1 - Historica y del Caribe Norte,URBANO,ADULTO MAYOR (60 o más),Pobreza Extrema,CORVIVIENDA,Ninguno,Mujer,Soltero(a),Ama de Casa/Cuidador,"Negro(a), mulato(a), afrodescendiente, afrocolombiano(a)",17082000.0
SANEAMIENTO BÁSICO Y CONDICIONES DE HABITABILIDAD,Menor a 1 SMMLV,Localidad 1 - Historica y del Caribe Norte,URBANO,ADULTO MAYOR (60 o más),Ninguno,CORVIVIENDA,Básica secundaria (6.o - 9.o),Hombre,Viudo(a),Trabajador Independiente,"Negro(a), mulato(a), afrodescendiente, afrocolombiano(a)",17082000.0
SANEAMIENTO BÁSICO Y CONDICIONES DE HABITABILIDAD,Entre 1 y 2 SMMLV,Localidad 2 - Virgen y Turistica,URBANO,ADULTO MAYOR (60 o más),Pobreza Extrema,CORVIVIENDA,Media (10.o - 13.o),Mujer,Soltero(a),Trabajador Independiente,"Negro(a), mulato(a), afrodescendiente, afrocolombiano(a)",17082000.0
SANEAMIENTO BÁSICO Y CONDICIONES DE HABITABILIDAD,Entre 1 y 2 SMMLV,Localidad 2 - Virgen y Turistica,URBANO,ADULTO MAYOR (60 o más),Pobreza Extrema,CORVIVIENDA,Básica primaria (1.o - 5.o),Hombre,Viudo(a),Jubilado o pensionado,Otro,17082000.0
SANEAMIENTO BÁSICO Y CONDICIONES DE HABITABILIDAD,No tiene,Localidad 1 - Historica y del Caribe Norte,URBANO,ADULTO MAYOR (60 o más),Pobreza Extrema,CORVIVIENDA,Ninguno,Mujer,Unión libre,Ama de Casa/Cuidador,"Negro(a), mulato(a), afrodescendiente, afrocolombiano(a)",17082000.0
SANEAMIENTO BÁSICO Y CONDICIONES DE HABITABILIDAD,Menor a 1 SMMLV,Localidad 1 - Historica y del Caribe Norte,URBANO,ADULTO MAYOR (60 o más),Ninguno,CORVIVIENDA,Básica primaria (1.o - 5.o),Mujer,Unión libre,Ama de Casa/Cuidador,Ninguno,17082000.0
SANEAMIENTO BÁSICO Y CONDICIONES DE HABITABILIDAD,Menor a 1 SMMLV,Localidad 1 - Historica y del Caribe Norte,URBANO,ADULTO MAYOR (60 o más),Pobreza Extrema,CORVIVIENDA,Básica secundaria (6.o - 9.o),Hombre,Casado(a),Trabajador Independiente,Ninguno,17082000.0
SANEAMIENTO BÁSICO Y CONDICIONES DE HABITABILIDAD,No tiene,Localidad 1 - Historica y del Caribe Norte,URBANO,ADULTO MAYOR (60 o más),Pobreza Extrema,CORVIVIENDA,Ninguno,Mujer,Viudo(a),Sin actividad,Ninguno,17082000.0
SANEAMIENTO BÁSICO Y CONDICIONES DE HABITABILIDAD,No tiene,Localidad 1 - Historica y del Caribe Norte,URBANO,ADULTO MAYOR (60 o más),Ninguno,CORVIVIENDA,Ninguno,Mujer,Viudo(a),Ama de Casa/Cuidador,Ninguno,17082000.0
SANEAMIENTO BÁSICO Y CONDICIONES DE HABITABILIDAD,Entre 1 y 2 SMMLV,Localidad 2 - Virgen y Turistica,URBANO,ADULTO MAYOR (60 o más),Pobreza Extrema,CORVIVIENDA,Media (10.o - 13.o),Hombre,Unión libre,Empleado,"Negro(a), mulato(a), afrodescendiente, afrocolombiano(a)",17082000.0
SANEAMIENTO BÁSICO Y CONDICIONES DE HABITABILIDAD,No tiene,Localidad 1 - Historica y del Caribe Norte,URBANO,ADULTO MAYOR (60 o más),Ninguno,CORVIVIENDA,Básica secundaria (6.o - 9.o),Mujer,Soltero(a),Ama de Casa/Cuidador,Ninguno,17082000.0
SANEAMIENTO BÁSICO Y CONDICIONES DE HABITABILIDAD,Menor a 1 SMMLV,Localidad 1 - Historica y del Caribe Norte,URBANO,ADULTEZ (29-59),Ninguno,CORVIVIENDA,Básica primaria (1.o - 5.o),Mujer,Separado(a) o divorciado(a),Trabajador Independiente,"Negro(a), mulato(a), afrodescendiente, afrocolombiano(a)",17082000.0
SANEAMIENTO BÁSICO Y CONDICIONES DE HABITABILIDAD,Menor a 1 SMMLV,Localidad 1 - Historica y del Caribe Norte,URBANO,ADULTO MAYOR (60 o más),Ninguno,CORVIVIENDA,Básica primaria (1.o - 5.o),Hombre,Viudo(a),Desempleado,"Negro(a), mulato(a), afrodescendiente, afrocolombiano(a)",17082000.0
SANEAMIENTO BÁSICO Y CONDICIONES DE HABITABILIDAD,Menor a 1 SMMLV,Localidad 1 - Historica y del Caribe Norte,URBANO,ADULTEZ (29-59),Pobreza Extrema,CORVIVIENDA,Media (10.o - 13.o),Mujer,Soltero(a),Empleado,Ninguno,17082000.0
SANEAMIENTO BÁSICO Y CONDICIONES DE HABITABILIDAD,Menor a 1 SMMLV,Localidad 1 - Historica y del Caribe Norte,URBANO,ADULTEZ (29-59),Pobreza Extrema,CORVIVIENDA,Básica secundaria (6.o - 9.o),Hombre,Soltero(a),Trabajador Independiente,Ninguno,17082000.0
SANEAMIENTO BÁSICO Y CONDICIONES DE HABITABILIDAD,Menor a 1 SMMLV,Localidad 1 - Historica y del Caribe Norte,URBANO,ADULTO MAYOR (60 o más),Ninguno,CORVIVIENDA,Básica primaria (1.o - 5.o),Mujer,Separado(a) o divorciado(a),Trabajador Independiente,"Negro(a), mulato(a), afrodescendiente, afrocolombiano(a)",17082000.0
SANEAMIENTO BÁSICO Y CONDICIONES DE HABITABILIDAD,Menor a 1 SMMLV,Localidad 1 - Historica y del Caribe Norte,URBANO,ADULTEZ (29-59),Pobreza Extrema,CORVIVIENDA,Media (10.o - 13.o),Hombre,Unión libre,Desempleado,Ninguno,17082000.0
SANEAMIENTO BÁSICO Y CONDICIONES DE HABITABILIDAD,Entre 1 y 2 SMMLV,Localidad 2 - Virgen y Turistica,URBANO,JUVENTUD (18-28),Pobreza Extrema,CORVIVIENDA,Media (10.o - 13.o),Hombre,Soltero(a),Empleado,Otro,17082000.0
SANEAMIENTO BÁSICO Y CONDICIONES DE HABITABILIDAD,Menor a 1 SMMLV,Localidad 1 - Historica y del Caribe Norte,URBANO,ADULTO MAYOR (60 o más),Pobreza Extrema,CORVIVIENDA,Básica primaria (1.o - 5.o),Mujer,Soltero(a),Desempleado,Ninguno,17082000.0
SANEAMIENTO BÁSICO Y CONDICIONES DE HABITABILIDAD,Menor a 1 SMMLV,Localidad 1 - Historica y del Caribe Norte,URBANO,ADULTO MAYOR (60 o más),Pobreza Extrema,CORVIVIENDA,Ninguno,Mujer,Unión libre,Ama de Casa/Cuidador,"Negro(a), mulato(a), afrodescendiente, afrocolombiano(a)",17082000.0
SANEAMIENTO BÁSICO Y CONDICIONES DE HABITABILIDAD,Menor a 1 SMMLV,Localidad 1 - Historica y del Caribe Norte,URBANO,ADULTEZ (29-59),Pobreza Extrema,CORVIVIENDA,Básica secundaria (6.o - 9.o),Mujer,Unión libre,Ama de Casa/Cuidador,Ninguno,17082000.0
SANEAMIENTO BÁSICO Y CONDICIONES DE HABITABILIDAD,No tiene,Localidad 1 - Historica y del Caribe Norte,URBANO,ADULTEZ (29-59),Pobreza Extrema,CORVIVIENDA,Media (10.o - 13.o),Mujer,Soltero(a),Ama de Casa/Cuidador,"Negro(a), mulato(a), afrodescendiente, afrocolombiano(a)",17082000.0
SANEAMIENTO BÁSICO Y CONDICIONES DE HABITABILIDAD,Menor a 1 SMMLV,Localidad 1 - Historica y del Caribe Norte,URBANO,ADULTEZ (29-59),Ninguno,CORVIVIENDA,Media (10.o - 13.o),Hombre,Soltero(a),Trabajador Independiente,Ninguno,17082000.0
SANEAMIENTO BÁSICO Y CONDICIONES DE HABITABILIDAD,Menor a 1 SMMLV,Localidad 1 - Historica y del Caribe Norte,URBANO,ADULTEZ (29-59),Pobreza Extrema,CORVIVIENDA,Básica primaria (1.o - 5.o),Hombre,Unión libre,Ama de Casa/Cuidador,Ninguno,17082000.0
SANEAMIENTO BÁSICO Y CONDICIONES DE HABITABILIDAD,Menor a 1 SMMLV,Localidad 1 - Historica y del Caribe Norte,URBANO,ADULTEZ (29-59),Ninguno,CORVIVIENDA,Básica secundaria (6.o - 9.o),Hombre,Unión libre,Desempleado,Ninguno,17082000.0
SANEAMIENTO BÁSICO Y CONDICIONES DE HABITABILIDAD,NO REPORTADO,NO REPORTADO,URBANO,NO DISPONIBLE,Víctima Conflicto Armado por Desplazamiento Forzado,CORVIVIENDA,NO REPORTADO,Mujer,NO REPORTADO,NO REPORTADO,NO REPORTADO,17082000.0
SANEAMIENTO BÁSICO Y CONDICIONES DE HABITABILIDAD,Menor a 1 SMMLV,Localidad 1 - Historica y del Caribe Norte,URBANO,ADULTEZ (29-59),Ninguno,CORVIVIENDA,Media (10.o - 13.o),Mujer,Soltero(a),Ama de Casa/Cuidador,"Negro(a), mulato(a), afrodescendiente, afrocolombiano(a)",17082000.0
SANEAMIENTO BÁSICO Y CONDICIONES DE HABITABILIDAD,Entre 1 y 2 SMMLV,Localidad 1 - Historica y del Caribe Norte,URBANO,ADULTEZ (29-59),Ninguno,CORVIVIENDA,Universitario (1 - 6),Mujer,Unión libre,Trabajador Independiente,"Negro(a), mulato(a), afrodescendiente, afrocolombiano(a)",17082000.0
SANEAMIENTO BÁSICO Y CONDICIONES DE HABITABILIDAD,Entre 1 y 2 SMMLV,Localidad 1 - Historica y del Caribe Norte,URBANO,ADULTEZ (29-59),Ninguno,CORVIVIENDA,Básica secundaria (6.o - 9.o),Hombre,Unión libre,Empleado,Ninguno,17082000.0
SANEAMIENTO BÁSICO Y CONDICIONES DE HABITABILIDAD,Entre 1 y 2 SMMLV,Localidad 2 - Virgen y Turistica,URBANO,ADULTEZ (29-59),Pobreza Extrema,CORVIVIENDA,Técnico o tecnológico (1 - 4),Mujer,Soltero(a),Trabajador Independiente,"Negro(a), mulato(a), afrodescendiente, afrocolombiano(a)",17082000.0
SANEAMIENTO BÁSICO Y CONDICIONES DE HABITABILIDAD,Menor a 1 SMMLV,Localidad 1 - Historica y del Caribe Norte,URBANO,ADULTEZ (29-59),Ninguno,CORVIVIENDA,Básica secundaria (6.o - 9.o),Hombre,Viudo(a),Trabajador Independiente,"Negro(a), mulato(a), afrodescendiente, afrocolombiano(a)",17082000.0
SANEAMIENTO BÁSICO Y CONDICIONES DE HABITABILIDAD,Entre 1 y 2 SMMLV,Localidad 2 - Virgen y Turistica,URBANO,ADULTEZ (29-59),Pobreza Extrema,CORVIVIENDA,Básica primaria (1.o - 5.o),Mujer,Soltero(a),Trabajador Independiente,"Negro(a), mulato(a), afrodescendiente, afrocolombiano(a)",17082000.0
SANEAMIENTO BÁSICO Y CONDICIONES DE HABITABILIDAD,Menor a 1 SMMLV,Localidad 2 - Virgen y Turistica,RURAL,ADULTEZ (29-59),Pobreza Extrema,CORVIVIENDA,Media (10.o - 13.o),Mujer,Unión libre,Empleado,Ninguno,19929000.0
SANEAMIENTO BÁSICO Y CONDICIONES DE HABITABILIDAD,Menor a 1 SMMLV,Localidad 2 - Virgen y Turistica,RURAL,ADULTEZ (29-59),Ninguno,CORVIVIENDA,Básica primaria (1.o - 5.o),Mujer,Separado(a) o divorciado(a),Ama de Casa/Cuidador,"Negro(a), mulato(a), afrodescendiente, afrocolombiano(a)",19929000.0
SANEAMIENTO BÁSICO Y CONDICIONES DE HABITABILIDAD,Menor a 1 SMMLV,Localidad 2 - Virgen y Turistica,RURAL,ADULTEZ (29-59),Ninguno,CORVIVIENDA,Básica secundaria (6.o - 9.o),Hombre,Unión libre,Trabajador Independiente,Ninguno,19929000.0
SANEAMIENTO BÁSICO Y CONDICIONES DE HABITABILIDAD,Menor a 1 SMMLV,Localidad 2 - Virgen y Turistica,RURAL,JUVENTUD (18-28),Ninguno,CORVIVIENDA,Media (10.o - 13.o),Mujer,Soltero(a),Trabajador Independiente,"Negro(a), mulato(a), afrodescendiente, afrocolombiano(a)",19929000.0
SANEAMIENTO BÁSICO Y CONDICIONES DE HABITABILIDAD,Menor a 1 SMMLV,Localidad 2 - Virgen y Turistica,RURAL,ADULTO MAYOR (60 o más),Ninguno,CORVIVIENDA,Ninguno,Mujer,Viudo(a),Sin actividad,Ninguno,19929000.0
SANEAMIENTO BÁSICO Y CONDICIONES DE HABITABILIDAD,No tiene,Localidad 2 - Virgen y Turistica,RURAL,ADULTO MAYOR (60 o más),Ninguno,CORVIVIENDA,Ninguno,Hombre,Viudo(a),Sin actividad,"Negro(a), mulato(a), afrodescendiente, afrocolombiano(a)",19929000.0
SANEAMIENTO BÁSICO Y CONDICIONES DE HABITABILIDAD,Menor a 1 SMMLV,Localidad 2 - Virgen y Turistica,RURAL,ADULTO MAYOR (60 o más),Ninguno,CORVIVIENDA,Ninguno,Mujer,Unión libre,Ama de Casa/Cuidador,Ninguno,19929000.0
SANEAMIENTO BÁSICO Y CONDICIONES DE HABITABILIDAD,No tiene,Localidad 2 - Virgen y Turistica,RURAL,ADULTO MAYOR (60 o más),Pobreza Extrema,CORVIVIENDA,Media (10.o - 13.o),Mujer,Unión libre,Ama de Casa/Cuidador,Ninguno,19929000.0
SANEAMIENTO BÁSICO Y CONDICIONES DE HABITABILIDAD,Menor a 1 SMMLV,Localidad 2 - Virgen y Turistica,RURAL,ADULTEZ (29-59),Pobreza Extrema,CORVIVIENDA,Ninguno,Mujer,Unión libre,Ama de Casa/Cuidador,Ninguno,19929000.0
SANEAMIENTO BÁSICO Y CONDICIONES DE HABITABILIDAD,No tiene,Localidad 2 - Virgen y Turistica,RURAL,ADULTO MAYOR (60 o más),Pobreza Extrema,CORVIVIENDA,Básica primaria (1.o - 5.o),Mujer,Soltero(a),Ama de Casa/Cuidador,"Negro(a), mulato(a), afrodescendiente, afrocolombiano(a)",19929000.0
SANEAMIENTO BÁSICO Y CONDICIONES DE HABITABILIDAD,Menor a 1 SMMLV,Localidad 2 - Virgen y Turistica,RURAL,ADULTO MAYOR (60 o más),Ninguno,CORVIVIENDA,Básica primaria (1.o - 5.o),Mujer,Separado(a) o divorciado(a),Ama de Casa/Cuidador,"Negro(a), mulato(a), afrodescendiente, afrocolombiano(a)",19929000.0
SANEAMIENTO BÁSICO Y CONDICIONES DE HABITABILIDAD,Menor a 1 SMMLV,Localidad 2 - Virgen y Turistica,RURAL,ADULTO MAYOR (60 o más),Pobreza Extrema,CORVIVIENDA,Básica secundaria (6.o - 9.o),Hombre,Unión libre,Trabajador Independiente,"Negro(a), mulato(a), afrodescendiente, afrocolombiano(a)",19929000.0
SANEAMIENTO BÁSICO Y CONDICIONES DE HABITABILIDAD,No tiene,Localidad 2 - Virgen y Turistica,RURAL,ADULTO MAYOR (60 o más),Pobreza Extrema,CORVIVIENDA,Básica primaria (1.o - 5.o),Hombre,Viudo(a),Sin actividad,"Negro(a), mulato(a), afrodescendiente, afrocolombiano(a)",19929000.0
SANEAMIENTO BÁSICO Y CONDICIONES DE HABITABILIDAD,Menor a 1 SMMLV,Localidad 2 - Virgen y Turistica,RURAL,ADULTO MAYOR (60 o más),Pobreza Extrema,CORVIVIENDA,Básica primaria (1.o - 5.o),Mujer,Unión libre,Ama de Casa/Cuidador,"Negro(a), mulato(a), afrodescendiente, afrocolombiano(a)",19929000.0
SANEAMIENTO BÁSICO Y CONDICIONES DE HABITABILIDAD,Menor a 1 SMMLV,Localidad 2 - Virgen y Turistica,RURAL,ADULTEZ (29-59),Ninguno,CORVIVIENDA,Básica primaria (1.o - 5.o),Hombre,Unión libre,Trabajador Independiente,"Negro(a), mulato(a), afrodescendiente, afrocolombiano(a)",19929000.0
SANEAMIENTO BÁSICO Y CONDICIONES DE HABITABILIDAD,No tiene,Localidad 2 - Virgen y Turistica,RURAL,ADULTEZ (29-59),Pobreza Extrema,CORVIVIENDA,Básica primaria (1.o - 5.o),Mujer,Soltero(a),Ama de Casa/Cuidador,"Negro(a), mulato(a), afrodescendiente, afrocolombiano(a)",19929000.0
SANEAMIENTO BÁSICO Y CONDICIONES DE HABITABILIDAD,No tiene,Localidad 2 - Virgen y Turistica,RURAL,ADULTEZ (29-59),Ninguno,CORVIVIENDA,Básica secundaria (6.o - 9.o),Mujer,Soltero(a),Ama de Casa/Cuidador,"Negro(a), mulato(a), afrodescendiente, afrocolombiano(a)",19929000.0
SANEAMIENTO BÁSICO Y CONDICIONES DE HABITABILIDAD,Menor a 1 SMMLV,Localidad 2 - Virgen y Turistica,RURAL,ADULTEZ (29-59),Ninguno,CORVIVIENDA,Básica primaria (1.o - 5.o),Mujer,Unión libre,Ama de Casa/Cuidador,Ninguno,19929000.0
SANEAMIENTO BÁSICO Y CONDICIONES DE HABITABILIDAD,Menor a 1 SMMLV,Localidad 2 - Virgen y Turistica,RURAL,ADULTEZ (29-59),Ninguno,CORVIVIENDA,Básica primaria (1.o - 5.o),Mujer,Soltero(a),Ama de Casa/Cuidador,"Negro(a), mulato(a), afrodescendiente, afrocolombiano(a)",19929000.0
SANEAMIENTO BÁSICO Y CONDICIONES DE HABITABILIDAD,Entre 1 y 2 SMMLV,Localidad 2 - Virgen y Turistica,RURAL,ADULTEZ (29-59),Ninguno,CORVIVIENDA,Técnico o tecnológico (1 - 4),Mujer,Unión libre,Ama de Casa/Cuidador,"Negro(a), mulato(a), afrodescendiente, afrocolombiano(a)",19929000.0
SANEAMIENTO BÁSICO Y CONDICIONES DE HABITABILIDAD,No tiene,Localidad 2 - Virgen y Turistica,RURAL,ADULTO MAYOR (60 o más),Ninguno,CORVIVIENDA,Básica secundaria (6.o - 9.o),Mujer,Separado(a) o divorciado(a),Ama de Casa/Cuidador,"Negro(a), mulato(a), afrodescendiente, afrocolombiano(a)",19929000.0
SANEAMIENTO BÁSICO Y CONDICIONES DE HABITABILIDAD,Menor a 1 SMMLV,Localidad 2 - Virgen y Turistica,RURAL,ADULTEZ (29-59),Ninguno,CORVIVIENDA,Básica secundaria (6.o - 9.o),Mujer,Viudo(a),Trabajador Independiente,Ninguno,19929000.0
SANEAMIENTO BÁSICO Y CONDICIONES DE HABITABILIDAD,Menor a 1 SMMLV,Localidad 2 - Virgen y Turistica,RURAL,ADULTEZ (29-59),Ninguno,CORVIVIENDA,Media (10.o - 13.o),Mujer,Casado(a),Trabajador Independiente,Ninguno,19929000.0
SANEAMIENTO BÁSICO Y CONDICIONES DE HABITABILIDAD,Entre 1 y 2 SMMLV,Localidad 2 - Virgen y Turistica,RURAL,ADULTEZ (29-59),Pobreza Extrema,CORVIVIENDA,Básica secundaria (6.o - 9.o),Hombre,Unión libre,Trabajador Independiente,"Negro(a), mulato(a), afrodescendiente, afrocolombiano(a)",19929000.0
SANEAMIENTO BÁSICO Y CONDICIONES DE HABITABILIDAD,Menor a 1 SMMLV,Localidad 2 - Virgen y Turistica,RURAL,ADULTEZ (29-59),Pobreza Extrema,CORVIVIENDA,Básica primaria (1.o - 5.o),Mujer,Unión libre,Ama de Casa/Cuidador,Ninguno,19929000.0
SANEAMIENTO BÁSICO Y CONDICIONES DE HABITABILIDAD,Menor a 1 SMMLV,Localidad 2 - Virgen y Turistica,RURAL,ADULTO MAYOR (60 o más),Ninguno,CORVIVIENDA,Básica primaria (1.o - 5.o),Mujer,Soltero(a),Ama de Casa/Cuidador,"Negro(a), mulato(a), afrodescendiente, afrocolombiano(a)",19929000.0
SANEAMIENTO BÁSICO Y CONDICIONES DE HABITABILIDAD,No tiene,Localidad 2 - Virgen y Turistica,RURAL,ADULTEZ (29-59),Ninguno,CORVIVIENDA,Media (10.o - 13.o),Mujer,Unión libre,Ama de Casa/Cuidador,"Negro(a), mulato(a), afrodescendiente, afrocolombiano(a)",19929000.0
SANEAMIENTO BÁSICO Y CONDICIONES DE HABITABILIDAD,Menor a 1 SMMLV,Localidad 2 - Virgen y Turistica,RURAL,JUVENTUD (18-28),Ninguno,CORVIVIENDA,Básica secundaria (6.o - 9.o),Hombre,Soltero(a),Trabajador Independiente,"Negro(a), mulato(a), afrodescendiente, afrocolombiano(a)",19929000.0
SANEAMIENTO BÁSICO Y CONDICIONES DE HABITABILIDAD,No tiene,Localidad 2 - Virgen y Turistica,RURAL,JUVENTUD (18-28),Ninguno,CORVIVIENDA,Técnico o tecnológico (1 - 4),Mujer,Soltero(a),Estudiante,"Negro(a), mulato(a), afrodescendiente, afrocolombiano(a)",19929000.0
SANEAMIENTO BÁSICO Y CONDICIONES DE HABITABILIDAD,Menor a 1 SMMLV,Localidad 2 - Virgen y Turistica,RURAL,JUVENTUD (18-28),Pobreza Extrema,CORVIVIENDA,Técnico o tecnológico (1 - 4),Mujer,Unión libre,Ama de Casa/Cuidador,Ninguno,19929000.0
SANEAMIENTO BÁSICO Y CONDICIONES DE HABITABILIDAD,Menor a 1 SMMLV,Localidad 2 - Virgen y Turistica,RURAL,ADULTEZ (29-59),Ninguno,CORVIVIENDA,Media (10.o - 13.o),Mujer,Unión libre,Ama de Casa/Cuidador,Ninguno,19929000.0
SANEAMIENTO BÁSICO Y CONDICIONES DE HABITABILIDAD,Menor a 1 SMMLV,Localidad 2 - Virgen y Turistica,RURAL,ADULTEZ (29-59),Ninguno,CORVIVIENDA,Técnico o tecnológico (1 - 4),Hombre,Unión libre,Trabajador Independiente,"Negro(a), mulato(a), afrodescendiente, afrocolombiano(a)",19929000.0
SANEAMIENTO BÁSICO Y CONDICIONES DE HABITABILIDAD,Menor a 1 SMMLV,Localidad 2 - Virgen y Turistica,RURAL,ADULTEZ (29-59),Pobreza Extrema,CORVIVIENDA,Básica secundaria (6.o - 9.o),Mujer,Unión libre,Ama de Casa/Cuidador,Ninguno,19929000.0
SANEAMIENTO BÁSICO Y CONDICIONES DE HABITABILIDAD,No tiene,Localidad 2 - Virgen y Turistica,RURAL,ADULTEZ (29-59),Ninguno,CORVIVIENDA,Básica secundaria (6.o - 9.o),Mujer,Soltero(a),Desempleado,"Negro(a), mulato(a), afrodescendiente, afrocolombiano(a)",19929000.0
SANEAMIENTO BÁSICO Y CONDICIONES DE HABITABILIDAD,No tiene,Localidad 2 - Virgen y Turistica,RURAL,ADULTO MAYOR (60 o más),Pobreza Extrema,CORVIVIENDA,Básica primaria (1.o - 5.o),Mujer,Unión libre,Ama de Casa/Cuidador,Ninguno,19929000.0
SANEAMIENTO BÁSICO Y CONDICIONES DE HABITABILIDAD,Menor a 1 SMMLV,Localidad 2 - Virgen y Turistica,RURAL,ADULTEZ (29-59),Ninguno,CORVIVIENDA,Básica secundaria (6.o - 9.o),Mujer,Separado(a) o divorciado(a),Ama de Casa/Cuidador,"Negro(a), mulato(a), afrodescendiente, afrocolombiano(a)",19929000.0
SANEAMIENTO BÁSICO Y CONDICIONES DE HABITABILIDAD,No tiene,Localidad 2 - Virgen y Turistica,RURAL,ADULTO MAYOR (60 o más),Ninguno,CORVIVIENDA,Básica secundaria (6.o - 9.o),Mujer,Soltero(a),Ama de Casa/Cuidador,Otro,19929000.0
SANEAMIENTO BÁSICO Y CONDICIONES DE HABITABILIDAD,No tiene,Localidad 2 - Virgen y Turistica,RURAL,ADULTEZ (29-59),Pobreza Extrema,CORVIVIENDA,Ninguno,Mujer,Soltero(a),Ama de Casa/Cuidador,"Negro(a), mulato(a), afrodescendiente, afrocolombiano(a)",19929000.0
SANEAMIENTO BÁSICO Y CONDICIONES DE HABITABILIDAD,No tiene,Localidad 2 - Virgen y Turistica,RURAL,ADULTO MAYOR (60 o más),Pobreza Extrema,CORVIVIENDA,Básica primaria (1.o - 5.o),Mujer,Casado(a),Ama de Casa/Cuidador,Otro,19929000.0
SANEAMIENTO BÁSICO Y CONDICIONES DE HABITABILIDAD,No tiene,Localidad 2 - Virgen y Turistica,RURAL,ADULTO MAYOR (60 o más),Pobreza Extrema,CORVIVIENDA,Básica primaria (1.o - 5.o),Mujer,Viudo(a),Ama de Casa/Cuidador,"Negro(a), mulato(a), afrodescendiente, afrocolombiano(a)",19929000.0
SANEAMIENTO BÁSICO Y CONDICIONES DE HABITABILIDAD,Menor a 1 SMMLV,Localidad 2 - Virgen y Turistica,RURAL,ADULTO MAYOR (60 o más),Ninguno,CORVIVIENDA,Básica primaria (1.o - 5.o),Hombre,Soltero(a),Trabajador Independiente,"Negro(a), mulato(a), afrodescendiente, afrocolombiano(a)",19929000.0
SANEAMIENTO BÁSICO Y CONDICIONES DE HABITABILIDAD,Menor a 1 SMMLV,Localidad 2 - Virgen y Turistica,RURAL,ADULTO MAYOR (60 o más),Ninguno,CORVIVIENDA,Básica primaria (1.o - 5.o),Mujer,Separado(a) o divorciado(a),Trabajador Independiente,"Negro(a), mulato(a), afrodescendiente, afrocolombiano(a)",19929000.0
SANEAMIENTO BÁSICO Y CONDICIONES DE HABITABILIDAD,Menor a 1 SMMLV,Localidad 2 - Virgen y Turistica,RURAL,ADULTO MAYOR (60 o más),Ninguno,CORVIVIENDA,Ninguno,Mujer,Soltero(a),Ama de Casa/Cuidador,Ninguno,19929000.0
SANEAMIENTO BÁSICO Y CONDICIONES DE HABITABILIDAD,Menor a 1 SMMLV,Localidad 2 - Virgen y Turistica,RURAL,ADULTO MAYOR (60 o más),Ninguno,CORVIVIENDA,Ninguno,Hombre,Soltero(a),Sin actividad,Otro,19929000.0
SANEAMIENTO BÁSICO Y CONDICIONES DE HABITABILIDAD,Menor a 1 SMMLV,Localidad 2 - Virgen y Turistica,RURAL,ADULTO MAYOR (60 o más),Ninguno,CORVIVIENDA,Preescolar,Mujer,Soltero(a),Ama de Casa/Cuidador,Ninguno,19929000.0
SANEAMIENTO BÁSICO Y CONDICIONES DE HABITABILIDAD,Entre 1 y 2 SMMLV,Localidad 2 - Virgen y Turistica,RURAL,ADULTEZ (29-59),Ninguno,CORVIVIENDA,Básica secundaria (6.o - 9.o),Mujer,Casado(a),Empleado,"Negro(a), mulato(a), afrodescendiente, afrocolombiano(a)",19929000.0
SANEAMIENTO BÁSICO Y CONDICIONES DE HABITABILIDAD,Menor a 1 SMMLV,Localidad 2 - Virgen y Turistica,RURAL,ADULTO MAYOR (60 o más),Ninguno,CORVIVIENDA,Media (10.o - 13.o),Mujer,Separado(a) o divorciado(a),Desempleado,Ninguno,19929000.0
LOCATIVO,Entre 1 y 2 SMMLV,Localidad 1 - Historica y del Caribe Norte,INSULAR,ADULTEZ (29-59),Ninguno,CORVIVIENDA,Media (10.o - 13.o),Mujer,Unión libre,Ama de Casa/Cuidador,"Negro(a), mulato(a), afrodescendiente, afrocolombiano(a)",21352500.0
LOCATIVO,Menor a 1 SMMLV,Localidad 1 - Historica y del Caribe Norte,INSULAR,ADULTEZ (29-59),Ninguno,CORVIVIENDA,Media (10.o - 13.o),Mujer,Unión libre,Ama de Casa/Cuidador,"Negro(a), mulato(a), afrodescendiente, afrocolombiano(a)",21352500.0
LOCATIVO,Entre 1 y 2 SMMLV,Localidad 1 - Historica y del Caribe Norte,INSULAR,JUVENTUD (18-28),Ninguno,CORVIVIENDA,Media (10.o - 13.o),Mujer,Unión libre,Ama de Casa/Cuidador,"Negro(a), mulato(a), afrodescendiente, afrocolombiano(a)",21352500.0
LOCATIVO,Menor a 1 SMMLV,Localidad 1 - Historica y del Caribe Norte,INSULAR,ADULTEZ (29-59),Ninguno,CORVIVIENDA,Media (10.o - 13.o),Mujer,Soltero(a),Ama de Casa/Cuidador,"Negro(a), mulato(a), afrodescendiente, afrocolombiano(a)",21352500.0
LOCATIVO,Menor a 1 SMMLV,Localidad 1 - Historica y del Caribe Norte,INSULAR,ADULTEZ (29-59),Ninguno,CORVIVIENDA,Técnico o tecnológico (1 - 4),Mujer,Unión libre,Ama de Casa/Cuidador,"Negro(a), mulato(a), afrodescendiente, afrocolombiano(a)",21352500.0
LOCATIVO,Menor a 1 SMMLV,Localidad 1 - Historica y del Caribe Norte,INSULAR,ADULTO MAYOR (60 o más),Ninguno,CORVIVIENDA,Básica primaria (1.o - 5.o),Mujer,Unión libre,Ama de Casa/Cuidador,"Negro(a), mulato(a), afrodescendiente, afrocolombiano(a)",21352500.0
LOCATIVO,Menor a 1 SMMLV,Localidad 1 - Historica y del Caribe Norte,INSULAR,ADULTO MAYOR (60 o más),Ninguno,CORVIVIENDA,Básica primaria (1.o - 5.o),Hombre,Unión libre,Ama de Casa/Cuidador,"Negro(a), mulato(a), afrodescendiente, afrocolombiano(a)",21352500.0
LOCATIVO,Menor a 1 SMMLV,Localidad 1 - Historica y del Caribe Norte,INSULAR,ADULTEZ (29-59),Ninguno,CORVIVIENDA,Básica primaria (1.o - 5.o),Mujer,Soltero(a),Trabajador Independiente,"Negro(a), mulato(a), afrodescendiente, afrocolombiano(a)",21352500.0
LOCATIVO,Menor a 1 SMMLV,Localidad 1 - Historica y del Caribe Norte,INSULAR,ADULTO MAYOR (60 o más),Ninguno,CORVIVIENDA,Básica primaria (1.o - 5.o),Mujer,Casado(a),Trabajador Independiente,"Negro(a), mulato(a), afrodescendiente, afrocolombiano(a)",21352500.0
LOCATIVO,Menor a 1 SMMLV,Localidad 1 - Historica y del Caribe Norte,INSULAR,ADULTO MAYOR (60 o más),Ninguno,CORVIVIENDA,Básica primaria (1.o - 5.o),Mujer,Casado(a),Ama de Casa/Cuidador,"Negro(a), mulato(a), afrodescendiente, afrocolombiano(a)",21352500.0
LOCATIVO,Menor a 1 SMMLV,Localidad 1 - Historica y del Caribe Norte,INSULAR,ADULTO MAYOR (60 o más),Ninguno,CORVIVIENDA,Básica primaria (1.o - 5.o),Mujer,Soltero(a),Ama de Casa/Cuidador,"Negro(a), mulato(a), afrodescendiente, afrocolombiano(a)",21352500.0
LOCATIVO,Menor a 1 SMMLV,Localidad 1 - Historica y del Caribe Norte,INSULAR,ADULTO MAYOR (60 o más),Ninguno,CORVIVIENDA,Ninguno,Mujer,Unión libre,Ama de Casa/Cuidador,"Negro(a), mulato(a), afrodescendiente, afrocolombiano(a)",21352500.0
LOCATIVO,Menor a 1 SMMLV,Localidad 1 - Historica y del Caribe Norte,INSULAR,ADULTO MAYOR (60 o más),Ninguno,CORVIVIENDA,Media (10.o - 13.o),Hombre,Soltero(a),Jubilado o pensionado,"Negro(a), mulato(a), afrodescendiente, afrocolombiano(a)",21352500.0
LOCATIVO,Menor a 1 SMMLV,Localidad 1 - Historica y del Caribe Norte,INSULAR,ADULTO MAYOR (60 o más),Ninguno,CORVIVIENDA,Ninguno,Hombre,Unión libre,Sin actividad,"Negro(a), mulato(a), afrodescendiente, afrocolombiano(a)",21352500.0
LOCATIVO,Entre 1 y 2 SMMLV,Localidad 1 - Historica y del Caribe Norte,INSULAR,ADULTEZ (29-59),Ninguno,CORVIVIENDA,Media (10.o - 13.o),Hombre,Unión libre,Empleado,"Negro(a), mulato(a), afrodescendiente, afrocolombiano(a)",21352500.0
LOCATIVO,Menor a 1 SMMLV,Localidad 1 - Historica y del Caribe Norte,INSULAR,ADULTEZ (29-59),Ninguno,CORVIVIENDA,Básica secundaria (6.o - 9.o),Mujer,Unión libre,Ama de Casa/Cuidador,"Negro(a), mulato(a), afrodescendiente, afrocolombiano(a)",21352500.0
LOCATIVO,Menor a 1 SMMLV,Localidad 1 - Historica y del Caribe Norte,INSULAR,ADULTEZ (29-59),Ninguno,CORVIVIENDA,Básica secundaria (6.o - 9.o),Mujer,Soltero(a),Ama de Casa/Cuidador,"Negro(a), mulato(a), afrodescendiente, afrocolombiano(a)",21352500.0
LOCATIVO,Menor a 1 SMMLV,Localidad 1 - Historica y del Caribe Norte,INSULAR,ADULTEZ (29-59),Ninguno,CORVIVIENDA,Media (10.o - 13.o),Hombre,Soltero(a),Sin actividad,"Negro(a), mulato(a), afrodescendiente, afrocolombiano(a)",21352500.0
LOCATIVO,Menor a 1 SMMLV,Localidad 1 - Historica y del Caribe Norte,INSULAR,ADULTO MAYOR (60 o más),Damnificados,CORVIVIENDA,Básica secundaria (6.o - 9.o),Mujer,Unión libre,Ama de Casa/Cuidador,"Negro(a), mulato(a), afrodescendiente, afrocolombiano(a)",21352500.0
LOCATIVO,Menor a 1 SMMLV,Localidad 1 - Historica y del Caribe Norte,INSULAR,ADULTEZ (29-59),Ninguno,CORVIVIENDA,Universitario (1 - 6),Mujer,Unión libre,Ama de Casa/Cuidador,"Negro(a), mulato(a), afrodescendiente, afrocolombiano(a)",21352500.0
LOCATIVO,Menor a 1 SMMLV,Localidad 1 - Historica y del Caribe Norte,INSULAR,ADULTEZ (29-59),Ninguno,CORVIVIENDA,Media (10.o - 13.o),Hombre,Soltero(a),Trabajador Independiente,"Negro(a), mulato(a), afrodescendiente, afrocolombiano(a)",21352500.0
LOCATIVO,Entre 1 y 2 SMMLV,Localidad 1 - Historica y del Caribe Norte,INSULAR,ADULTEZ (29-59),Ninguno,CORVIVIENDA,Básica secundaria (6.o - 9.o),Hombre,Unión libre,Trabajador Independiente,"Negro(a), mulato(a), afrodescendiente, afrocolombiano(a)",21352500.0
LOCATIVO,No tiene,Localidad 1 - Historica y del Caribe Norte,INSULAR,JUVENTUD (18-28),Ninguno,CORVIVIENDA,Básica secundaria (6.o - 9.o),Mujer,Soltero(a),Ama de Casa/Cuidador,"Negro(a), mulato(a), afrodescendiente, afrocolombiano(a)",21352500.0
LOCATIVO,Menor a 1 SMMLV,Localidad 1 - Historica y del Caribe Norte,INSULAR,ADULTEZ (29-59),Ninguno,CORVIVIENDA,Básica primaria (1.o - 5.o),Mujer,Soltero(a),Ama de Casa/Cuidador,"Negro(a), mulato(a), afrodescendiente, afrocolombiano(a)",21352500.0
LOCATIVO,Entre 1 y 2 SMMLV,Localidad 1 - Historica y del Caribe Norte,INSULAR,ADULTEZ (29-59),Ninguno,CORVIVIENDA,Básica primaria (1.o - 5.o),Hombre,Unión libre,Ama de Casa/Cuidador,"Negro(a), mulato(a), afrodescendiente, afrocolombiano(a)",21352500.0
LOCATIVO,Entre 1 y 2 SMMLV,Localidad 1 - Historica y del Caribe Norte,INSULAR,ADULTEZ (29-59),Ninguno,CORVIVIENDA,Básica primaria (1.o - 5.o),Mujer,Soltero(a),Ama de Casa/Cuidador,"Negro(a), mulato(a), afrodescendiente, afrocolombiano(a)",21352500.0
LOCATIVO,Menor a 1 SMMLV,Localidad 1 - Historica y del Caribe Norte,INSULAR,ADULTEZ (29-59),Ninguno,CORVIVIENDA,Media (10.o - 13.o),Mujer,Soltero(a),Trabajador Independiente,"Negro(a), mulato(a), afrodescendiente, afrocolombiano(a)",21352500.0
LOCATIVO,Entre 1 y 2 SMMLV,Localidad 1 - Historica y del Caribe Norte,INSULAR,ADULTEZ (29-59),Ninguno,CORVIVIENDA,Básica primaria (1.o - 5.o),Hombre,Unión libre,Trabajador Independiente,"Negro(a), mulato(a), afrodescendiente, afrocolombiano(a)",21352500.0
LOCATIVO,Menor a 1 SMMLV,Localidad 1 - Historica y del Caribe Norte,INSULAR,ADULTEZ (29-59),Ninguno,CORVIVIENDA,Básica primaria (1.o - 5.o),Mujer,Unión libre,Ama de Casa/Cuidador,"Negro(a), mulato(a), afrodescendiente, afrocolombiano(a)",21352500.0
LOCATIVO,Menor a 1 SMMLV,Localidad 1 - Historica y del Caribe Norte,INSULAR,ADULTEZ (29-59),Ninguno,CORVIVIENDA,Media (10.o - 13.o),Hombre,Unión libre,Trabajador Independiente,"Negro(a), mulato(a), afrodescendiente, afrocolombiano(a)",21352500.0
SANEAMIENTO LOCATIVO,Menor a 1 SMMLV,Localidad 2 - Virgen y Turistica,URBANO,ADULTO MAYOR (60 o más),Víctima Conflicto Armado por Desplazamiento Forzado,CORVIVIENDA,Técnico o tecnológico (1 - 4),Hombre,Soltero(a),Trabajador Independiente,"Negro(a), mulato(a), afrodescendiente, afrocolombiano(a)",17082000.0
SANEAMIENTO LOCATIVO,Menor a 1 SMMLV,Localidad 2 - Virgen y Turistica,URBANO,ADULTO MAYOR (60 o más),Víctima Conflicto Armado por Desplazamiento Forzado,CORVIVIENDA,Básica primaria (1.o - 5.o),Hombre,Viudo(a),Trabajador Independiente,Ninguno,17082000.0
SANEAMIENTO LOCATIVO,No tiene,Localidad 2 - Virgen y Turistica,URBANO,ADULTO MAYOR (60 o más),Víctima Conflicto Armado por Desplazamiento Forzado,CORVIVIENDA,Básica primaria (1.o - 5.o),Mujer,Soltero(a),Ama de Casa/Cuidador,"Negro(a), mulato(a), afrodescendiente, afrocolombiano(a)",17082000.0
SANEAMIENTO LOCATIVO,Menor a 1 SMMLV,Localidad 2 - Virgen y Turistica,URBANO,ADULTO MAYOR (60 o más),Víctima Conflicto Armado por Desplazamiento Forzado,CORVIVIENDA,Básica primaria (1.o - 5.o),Mujer,Soltero(a),Ama de Casa/Cuidador,"Negro(a), mulato(a), afrodescendiente, afrocolombiano(a)",17082000.0
SANEAMIENTO LOCATIVO,Menor a 1 SMMLV,Localidad 2 - Virgen y Turistica,URBANO,ADULTEZ (29-59),Víctima Conflicto Armado por Desplazamiento Forzado,CORVIVIENDA,Básica primaria (1.o - 5.o),Hombre,Unión libre,Desempleado,Ninguno,17082000.0
SANEAMIENTO LOCATIVO,Menor a 1 SMMLV,Localidad 2 - Virgen y Turistica,URBANO,ADULTEZ (29-59),Víctima Conflicto Armado por Desplazamiento Forzado,CORVIVIENDA,Básica primaria (1.o - 5.o),Mujer,Soltero(a),Trabajador Independiente,Indígena,17082000.0
SANEAMIENTO LOCATIVO,No tiene,Localidad 2 - Virgen y Turistica,URBANO,ADULTO MAYOR (60 o más),Víctima Conflicto Armado por Desplazamiento Forzado,CORVIVIENDA,Básica primaria (1.o - 5.o),Mujer,Casado(a),Ama de Casa/Cuidador,"Negro(a), mulato(a), afrodescendiente, afrocolombiano(a)",17082000.0
SANEAMIENTO LOCATIVO,Menor a 1 SMMLV,Localidad 2 - Virgen y Turistica,URBANO,ADULTEZ (29-59),Víctima Conflicto Armado por Desplazamiento Forzado,CORVIVIENDA,Básica secundaria (6.o - 9.o),Hombre,Casado(a),Trabajador Independiente,Indígena,17082000.0
SANEAMIENTO LOCATIVO,Menor a 1 SMMLV,Localidad 2 - Virgen y Turistica,URBANO,ADULTO MAYOR (60 o más),Víctima Conflicto Armado por Desplazamiento Forzado,CORVIVIENDA,Básica primaria (1.o - 5.o),Mujer,Soltero(a),Ama de Casa/Cuidador,Ninguno,17082000.0
SANEAMIENTO LOCATIVO,Menor a 1 SMMLV,Localidad 2 - Virgen y Turistica,URBANO,ADULTEZ (29-59),Víctima Conflicto Armado por Desplazamiento Forzado,CORVIVIENDA,Ninguno,Hombre,Unión libre,Trabajador Independiente,"Negro(a), mulato(a), afrodescendiente, afrocolombiano(a)",17082000.0
SANEAMIENTO LOCATIVO,No tiene,Localidad 2 - Virgen y Turistica,URBANO,ADULTEZ (29-59),Víctima Conflicto Armado por Desplazamiento Forzado,CORVIVIENDA,Básica primaria (1.o - 5.o),Mujer,Separado(a) o divorciado(a),Sin actividad,"Negro(a), mulato(a), afrodescendiente, afrocolombiano(a)",17082000.0
SANEAMIENTO LOCATIVO,Menor a 1 SMMLV,Localidad 2 - Virgen y Turistica,URBANO,ADULTEZ (29-59),Víctima Conflicto Armado por Desplazamiento Forzado,CORVIVIENDA,Media (10.o - 13.o),Mujer,Casado(a),Trabajador Independiente,"Negro(a), mulato(a), afrodescendiente, afrocolombiano(a)",17082000.0
SANEAMIENTO LOCATIVO,Menor a 1 SMMLV,Localidad 2 - Virgen y Turistica,URBANO,ADULTEZ (29-59),Víctima Conflicto Armado por Desplazamiento Forzado,CORVIVIENDA,Básica secundaria (6.o - 9.o),Mujer,Soltero(a),Ama de Casa/Cuidador,Ninguno,17082000.0
SANEAMIENTO LOCATIVO,Entre 1 y 2 SMMLV,Localidad 2 - Virgen y Turistica,URBANO,ADULTEZ (29-59),Víctima Conflicto Armado por Desplazamiento Forzado,CORVIVIENDA,Técnico o tecnológico (1 - 4),Mujer,Unión libre,Ama de Casa/Cuidador,Indígena,17082000.0
SANEAMIENTO LOCATIVO,Menor a 1 SMMLV,Localidad 2 - Virgen y Turistica,URBANO,ADULTEZ (29-59),Víctima Conflicto Armado por Desplazamiento Forzado,CORVIVIENDA,Básica primaria (1.o - 5.o),Mujer,Separado(a) o divorciado(a),Trabajador Independiente,Ninguno,17082000.0
SANEAMIENTO LOCATIVO,Menor a 1 SMMLV,Localidad 2 - Virgen y Turistica,URBANO,ADULTEZ (29-59),Víctima Conflicto Armado por Desplazamiento Forzado,CORVIVIENDA,Media (10.o - 13.o),Hombre,Soltero(a),Trabajador Independiente,"Negro(a), mulato(a), afrodescendiente, afrocolombiano(a)",17082000.0
SANEAMIENTO LOCATIVO,Menor a 1 SMMLV,Localidad 2 - Virgen y Turistica,URBANO,ADULTEZ (29-59),Víctima Conflicto Armado por Desplazamiento Forzado,CORVIVIENDA,Básica secundaria (6.o - 9.o),Mujer,Soltero(a),Trabajador Independiente,Ninguno,17082000.0
SANEAMIENTO LOCATIVO,Menor a 1 SMMLV,Localidad 2 - Virgen y Turistica,URBANO,ADULTO MAYOR (60 o más),Víctima Conflicto Armado por Desplazamiento Forzado,CORVIVIENDA,Básica primaria (1.o - 5.o),Mujer,Unión libre,Ama de Casa/Cuidador,"Negro(a), mulato(a), afrodescendiente, afrocolombiano(a)",17082000.0
SANEAMIENTO LOCATIVO,Menor a 1 SMMLV,Localidad 2 - Virgen y Turistica,URBANO,ADULTO MAYOR (60 o más),Víctima Conflicto Armado por Desplazamiento Forzado,CORVIVIENDA,Básica primaria (1.o - 5.o),Mujer,Unión libre,Ama de Casa/Cuidador,Ninguno,17082000.0
SANEAMIENTO LOCATIVO,Menor a 1 SMMLV,Localidad 2 - Virgen y Turistica,URBANO,ADULTEZ (29-59),Víctima Conflicto Armado por Desplazamiento Forzado,CORVIVIENDA,Media (10.o - 13.o),Mujer,Unión libre,Empleado,"Negro(a), mulato(a), afrodescendiente, afrocolombiano(a)",17082000.0
SANEAMIENTO LOCATIVO,No tiene,Localidad 2 - Virgen y Turistica,URBANO,ADULTEZ (29-59),Víctima Conflicto Armado por Desplazamiento Forzado,CORVIVIENDA,Básica primaria (1.o - 5.o),Mujer,Unión libre,Ama de Casa/Cuidador,Ninguno,17082000.0
SANEAMIENTO LOCATIVO,Menor a 1 SMMLV,Localidad 2 - Virgen y Turistica,URBANO,ADULTEZ (29-59),Víctima Conflicto Armado por Desplazamiento Forzado,CORVIVIENDA,Básica secundaria (6.o - 9.o),Hombre,Unión libre,Empleado,Ninguno,17082000.0
SANEAMIENTO LOCATIVO,Entre 1 y 2 SMMLV,Localidad 2 - Virgen y Turistica,URBANO,ADULTO MAYOR (60 o más),Víctima Conflicto Armado por Desplazamiento Forzado,CORVIVIENDA,Básica primaria (1.o - 5.o),Mujer,Casado(a),Ama de Casa/Cuidador,"Negro(a), mulato(a), afrodescendiente, afrocolombiano(a)",17082000.0
SANEAMIENTO LOCATIVO,No tiene,Localidad 2 - Virgen y Turistica,URBANO,ADULTO MAYOR (60 o más),Víctima Conflicto Armado por Desplazamiento Forzado,CORVIVIENDA,Ninguno,Mujer,Soltero(a),Ama de Casa/Cuidador,Ninguno,17082000.0
SANEAMIENTO LOCATIVO,Menor a 1 SMMLV,Localidad 2 - Virgen y Turistica,URBANO,ADULTO MAYOR (60 o más),Víctima Conflicto Armado por Desplazamiento Forzado,CORVIVIENDA,Básica primaria (1.o - 5.o),Hombre,Viudo(a),Trabajador Independiente,Ninguno,17082000.0
SANEAMIENTO LOCATIVO,No tiene,Localidad 2 - Virgen y Turistica,URBANO,ADULTEZ (29-59),Víctima Conflicto Armado por Desplazamiento Forzado,CORVIVIENDA,Media (10.o - 13.o),Hombre,Soltero(a),Desempleado,"Negro(a), mulato(a), afrodescendiente, afrocolombiano(a)",17082000.0
SANEAMIENTO LOCATIVO,Menor a 1 SMMLV,Localidad 2 - Virgen y Turistica,URBANO,ADULTO MAYOR (60 o más),Víctima Conflicto Armado por Desplazamiento Forzado,CORVIVIENDA,Ninguno,Hombre,Unión libre,Trabajador Independiente,Ninguno,17082000.0
SANEAMIENTO LOCATIVO,No tiene,Localidad 2 - Virgen y Turistica,URBANO,ADULTEZ (29-59),Víctima Conflicto Armado por Desplazamiento Forzado,CORVIVIENDA,Media (10.o - 13.o),Mujer,Casado(a),Ama de Casa/Cuidador,Ninguno,17082000.0
SANEAMIENTO LOCATIVO,Menor a 1 SMMLV,Localidad 2 - Virgen y Turistica,URBANO,ADULTEZ (29-59),Víctima Conflicto Armado por Desplazamiento Forzado,CORVIVIENDA,Media (10.o - 13.o),Mujer,Soltero(a),Trabajador Independiente,"Negro(a), mulato(a), afrodescendiente, afrocolombiano(a)",17082000.0
SANEAMIENTO LOCATIVO,No tiene,Localidad 2 - Virgen y Turistica,URBANO,ADULTO MAYOR (60 o más),Víctima Conflicto Armado por Desplazamiento Forzado,CORVIVIENDA,Ninguno,Mujer,Unión libre,Ama de Casa/Cuidador,"Negro(a), mulato(a), afrodescendiente, afrocolombiano(a)",17082000.0
SANEAMIENTO LOCATIVO,Menor a 1 SMMLV,Localidad 2 - Virgen y Turistica,URBANO,ADULTEZ (29-59),Víctima Conflicto Armado por Desplazamiento Forzado,CORVIVIENDA,Básica secundaria (6.o - 9.o),Mujer,Soltero(a),Ama de Casa/Cuidador,Ninguno,17082000.0
SANEAMIENTO LOCATIVO,Menor a 1 SMMLV,Localidad 2 - Virgen y Turistica,URBANO,ADULTEZ (29-59),Víctima Conflicto Armado por Desplazamiento Forzado,CORVIVIENDA,Ninguno,Mujer,Soltero(a),Desempleado,Ninguno,17082000.0
SANEAMIENTO LOCATIVO,No tiene,Localidad 2 - Virgen y Turistica,RURAL,ADULTO MAYOR (60 o más),Víctima Conflicto Armado por Desplazamiento Forzado,CORVIVIENDA,Básica primaria (1.o - 5.o),Mujer,Viudo(a),Ama de Casa/Cuidador,Ninguno,19929000.0
SANEAMIENTO LOCATIVO,Entre 1 y 2 SMMLV,Localidad 2 - Virgen y Turistica,RURAL,ADULTO MAYOR (60 o más),Víctima Conflicto Armado por Desplazamiento Forzado,CORVIVIENDA,Básica secundaria (6.o - 9.o),Mujer,Soltero(a),Jubilado o pensionado,"Negro(a), mulato(a), afrodescendiente, afrocolombiano(a)",19929000.0
SANEAMIENTO LOCATIVO,Menor a 1 SMMLV,Localidad 2 - Virgen y Turistica,RURAL,ADULTEZ (29-59),Víctima Conflicto Armado por Desplazamiento Forzado,CORVIVIENDA,Media (10.o - 13.o),Hombre,Unión libre,Trabajador Independiente,Ninguno,19929000.0
SANEAMIENTO LOCATIVO,Entre 1 y 2 SMMLV,Localidad 2 - Virgen y Turistica,RURAL,ADULTEZ (29-59),Víctima Conflicto Armado por Desplazamiento Forzado,CORVIVIENDA,Básica secundaria (6.o - 9.o),Hombre,Soltero(a),Empleado,"Negro(a), mulato(a), afrodescendiente, afrocolombiano(a)",19929000.0
SANEAMIENTO LOCATIVO,Menor a 1 SMMLV,Localidad 2 - Virgen y Turistica,RURAL,ADULTO MAYOR (60 o más),Víctima Conflicto Armado por Desplazamiento Forzado,CORVIVIENDA,Básica secundaria (6.o - 9.o),Hombre,Viudo(a),Trabajador Independiente,Ninguno,19929000.0
SANEAMIENTO LOCATIVO,Entre 1 y 2 SMMLV,Localidad 2 - Virgen y Turistica,RURAL,ADULTEZ (29-59),Víctima Conflicto Armado por Desplazamiento Forzado,CORVIVIENDA,Básica primaria (1.o - 5.o),Hombre,Unión libre,Empleado,"Negro(a), mulato(a), afrodescendiente, afrocolombiano(a)",19929000.0
SANEAMIENTO LOCATIVO,Entre 1 y 2 SMMLV,Localidad 2 - Virgen y Turistica,RURAL,ADULTEZ (29-59),Víctima Conflicto Armado por Desplazamiento Forzado,CORVIVIENDA,Básica primaria (1.o - 5.o),Hombre,Viudo(a),Empleado,Ninguno,19929000.0
SANEAMIENTO LOCATIVO,Menor a 1 SMMLV,Localidad 2 - Virgen y Turistica,RURAL,ADULTEZ (29-59),Víctima Conflicto Armado por Desplazamiento Forzado,CORVIVIENDA,Media (10.o - 13.o),Mujer,Soltero(a),Trabajador Independiente,"Negro(a), mulato(a), afrodescendiente, afrocolombiano(a)",19929000.0
SANEAMIENTO LOCATIVO,Entre 1 y 2 SMMLV,Localidad 2 - Virgen y Turistica,RURAL,ADULTEZ (29-59),Víctima Conflicto Armado por Desplazamiento Forzado,CORVIVIENDA,Técnico o tecnológico (1 - 4),Hombre,Unión libre,Trabajador Independiente,"Negro(a), mulato(a), afrodescendiente, afrocolombiano(a)",19929000.0
SANEAMIENTO LOCATIVO,Menor a 1 SMMLV,Localidad 2 - Virgen y Turistica,RURAL,ADULTEZ (29-59),Víctima Conflicto Armado por Desplazamiento Forzado,CORVIVIENDA,Ninguno,Mujer,Casado(a),Empleado,Ninguno,19929000.0
SANEAMIENTO LOCATIVO,No tiene,Localidad 2 - Virgen y Turistica,RURAL,ADULTEZ (29-59),Víctima Conflicto Armado por Desplazamiento Forzado,CORVIVIENDA,Básica secundaria (6.o - 9.o),Mujer,Unión libre,Ama de Casa/Cuidador,Ninguno,19929000.0
SANEAMIENTO LOCATIVO,Menor a 1 SMMLV,Localidad 2 - Virgen y Turistica,RURAL,ADULTEZ (29-59),Víctima Conflicto Armado por Desplazamiento Forzado,CORVIVIENDA,Básica secundaria (6.o - 9.o),Hombre,Unión libre,Trabajador Independiente,Ninguno,19929000.0
SANEAMIENTO LOCATIVO,Menor a 1 SMMLV,Localidad 2 - Virgen y Turistica,RURAL,ADULTEZ (29-59),Víctima Conflicto Armado por Desplazamiento Forzado,CORVIVIENDA,Media (10.o - 13.o),Mujer,Viudo(a),Trabajador Independiente,Ninguno,19929000.0
SANEAMIENTO LOCATIVO,No tiene,Localidad 2 - Virgen y Turistica,RURAL,ADULTEZ (29-59),Pobreza Extrema,CORVIVIENDA,Media (10.o - 13.o),Mujer,Unión libre,Ama de Casa/Cuidador,"Negro(a), mulato(a), afrodescendiente, afrocolombiano(a)",19929000.0
SANEAMIENTO LOCATIVO,Entre 1 y 2 SMMLV,Localidad 2 - Virgen y Turistica,RURAL,ADULTO MAYOR (60 o más),Pobreza Extrema,CORVIVIENDA,Básica primaria (1.o - 5.o),Mujer,Unión libre,Ama de Casa/Cuidador,"Negro(a), mulato(a), afrodescendiente, afrocolombiano(a)",19929000.0
SANEAMIENTO LOCATIVO,Menor a 1 SMMLV,Localidad 2 - Virgen y Turistica,RURAL,ADULTO MAYOR (60 o más),Víctima Conflicto Armado por Desplazamiento Forzado,CORVIVIENDA,Básica primaria (1.o - 5.o),Mujer,Unión libre,Ama de Casa/Cuidador,"Negro(a), mulato(a), afrodescendiente, afrocolombiano(a)",19929000.0
SANEAMIENTO LOCATIVO,Menor a 1 SMMLV,Localidad 2 - Virgen y Turistica,URBANO,ADULTEZ (29-59),Víctima Conflicto Armado por Desplazamiento Forzado,CORVIVIENDA,Básica primaria (1.o - 5.o),Mujer,Soltero(a),Ama de Casa/Cuidador,Otro,17082000.0
SANEAMIENTO LOCATIVO,Menor a 1 SMMLV,Localidad 2 - Virgen y Turistica,URBANO,ADULTO MAYOR (60 o más),Víctima Conflicto Armado por Desplazamiento Forzado,CORVIVIENDA,Básica primaria (1.o - 5.o),Hombre,Casado(a),Trabajador Independiente,"Negro(a), mulato(a), afrodescendiente, afrocolombiano(a)",17082000.0
SANEAMIENTO LOCATIVO,Entre 1 y 2 SMMLV,Localidad 2 - Virgen y Turistica,URBANO,ADULTEZ (29-59),Víctima Conflicto Armado por Desplazamiento Forzado,CORVIVIENDA,Básica primaria (1.o - 5.o),Mujer,Unión libre,Ama de Casa/Cuidador,"Negro(a), mulato(a), afrodescendiente, afrocolombiano(a)",17082000.0
SANEAMIENTO LOCATIVO,No tiene,Localidad 2 - Virgen y Turistica,URBANO,ADULTEZ (29-59),Víctima Conflicto Armado por Desplazamiento Forzado,CORVIVIENDA,Básica secundaria (6.o - 9.o),Mujer,Soltero(a),Desempleado,"Negro(a), mulato(a), afrodescendiente, afrocolombiano(a)",17082000.0
SANEAMIENTO LOCATIVO,Entre 1 y 2 SMMLV,Localidad 2 - Virgen y Turistica,URBANO,ADULTEZ (29-59),Víctima Conflicto Armado por Desplazamiento Forzado,CORVIVIENDA,Media (10.o - 13.o),Mujer,Casado(a),Ama de Casa/Cuidador,"Negro(a), mulato(a), afrodescendiente, afrocolombiano(a)",17082000.0
SANEAMIENTO LOCATIVO,Entre 1 y 2 SMMLV,Localidad 2 - Virgen y Turistica,URBANO,ADULTEZ (29-59),Víctima Conflicto Armado por Desplazamiento Forzado,CORVIVIENDA,Técnico o tecnológico (1 - 4),Mujer,Casado(a),Trabajador Independiente,"Negro(a), mulato(a), afrodescendiente, afrocolombiano(a)",17082000.0
SANEAMIENTO LOCATIVO,Menor a 1 SMMLV,Localidad 2 - Virgen y Turistica,URBANO,ADULTEZ (29-59),Víctima Conflicto Armado por Desplazamiento Forzado,CORVIVIENDA,Básica primaria (1.o - 5.o),Mujer,Soltero(a),Ama de Casa/Cuidador,Ninguno,17082000.0
SANEAMIENTO LOCATIVO,Entre 1 y 2 SMMLV,Localidad 2 - Virgen y Turistica,URBANO,ADULTEZ (29-59),Víctima Conflicto Armado por Desplazamiento Forzado,CORVIVIENDA,Básica primaria (1.o - 5.o),Mujer,Unión libre,Trabajador Independiente,Ninguno,17082000.0
SANEAMIENTO LOCATIVO,Menor a 1 SMMLV,Localidad 2 - Virgen y Turistica,URBANO,JUVENTUD (18-28),Víctima Conflicto Armado por Desplazamiento Forzado,CORVIVIENDA,Básica secundaria (6.o - 9.o),Mujer,Soltero(a),Ama de Casa/Cuidador,Ninguno,17082000.0
SANEAMIENTO LOCATIVO,Menor a 1 SMMLV,Localidad 2 - Virgen y Turistica,URBANO,ADULTO MAYOR (60 o más),Víctima Conflicto Armado por Desplazamiento Forzado,CORVIVIENDA,Básica primaria (1.o - 5.o),Mujer,Unión libre,Ama de Casa/Cuidador,Ninguno,17082000.0
SANEAMIENTO LOCATIVO,Menor a 1 SMMLV,Localidad 2 - Virgen y Turistica,URBANO,ADULTEZ (29-59),Víctima Conflicto Armado por Desplazamiento Forzado,CORVIVIENDA,Básica primaria (1.o - 5.o),Mujer,Unión libre,Ama de Casa/Cuidador,Ninguno,17082000.0
SANEAMIENTO LOCATIVO,Menor a 1 SMMLV,Localidad 2 - Virgen y Turistica,URBANO,ADULTO MAYOR (60 o más),Víctima Conflicto Armado por Desplazamiento Forzado,CORVIVIENDA,Básica primaria (1.o - 5.o),Mujer,Separado(a) o divorciado(a),Ama de Casa/Cuidador,"Negro(a), mulato(a), afrodescendiente, afrocolombiano(a)",17082000.0
SANEAMIENTO LOCATIVO,No tiene,Localidad 2 - Virgen y Turistica,URBANO,ADULTEZ (29-59),Víctima Conflicto Armado por Desplazamiento Forzado,CORVIVIENDA,Media (10.o - 13.o),Mujer,Soltero(a),Ama de Casa/Cuidador,"Negro(a), mulato(a), afrodescendiente, afrocolombiano(a)",17082000.0
SANEAMIENTO LOCATIVO,Menor a 1 SMMLV,Localidad 2 - Virgen y Turistica,URBANO,ADULTO MAYOR (60 o más),Víctima Conflicto Armado por Desplazamiento Forzado,CORVIVIENDA,Básica primaria (1.o - 5.o),Mujer,Unión libre,Ama de Casa/Cuidador,Ninguno,17082000.0
SANEAMIENTO LOCATIVO,Menor a 1 SMMLV,Localidad 2 - Virgen y Turistica,URBANO,ADULTEZ (29-59),Víctima Conflicto Armado por Desplazamiento Forzado,CORVIVIENDA,Media (10.o - 13.o),Mujer,Soltero(a),Trabajador Independiente,"Negro(a), mulato(a), afrodescendiente, afrocolombiano(a)",17082000.0
SANEAMIENTO LOCATIVO,No tiene,Localidad 2 - Virgen y Turistica,URBANO,ADULTEZ (29-59),Víctima Conflicto Armado por Desplazamiento Forzado,CORVIVIENDA,Básica primaria (1.o - 5.o),Mujer,Soltero(a),Ama de Casa/Cuidador,"Negro(a), mulato(a), afrodescendiente, afrocolombiano(a)",17082000.0
SANEAMIENTO LOCATIVO,No tiene,Localidad 2 - Virgen y Turistica,URBANO,ADULTEZ (29-59),Víctima Conflicto Armado por Desplazamiento Forzado,CORVIVIENDA,Básica primaria (1.o - 5.o),Mujer,Unión libre,Ama de Casa/Cuidador,"Negro(a), mulato(a), afrodescendiente, afrocolombiano(a)",17082000.0
SANEAMIENTO LOCATIVO,Menor a 1 SMMLV,Localidad 2 - Virgen y Turistica,URBANO,ADULTEZ (29-59),Víctima Conflicto Armado por Desplazamiento Forzado,CORVIVIENDA,Básica primaria (1.o - 5.o),Mujer,Soltero(a),Trabajador Independiente,"Negro(a), mulato(a), afrodescendiente, afrocolombiano(a)",17082000.0
SANEAMIENTO LOCATIVO,Entre 1 y 2 SMMLV,Localidad 2 - Virgen y Turistica,URBANO,ADULTEZ (29-59),Víctima Conflicto Armado por Desplazamiento Forzado,CORVIVIENDA,Básica secundaria (6.o - 9.o),Hombre,Soltero(a),Trabajador Independiente,Ninguno,17082000.0
SANEAMIENTO LOCATIVO,Menor a 1 SMMLV,Localidad 2 - Virgen y Turistica,URBANO,ADULTEZ (29-59),Víctima Conflicto Armado por Desplazamiento Forzado,CORVIVIENDA,Básica primaria (1.o - 5.o),Mujer,Unión libre,Ama de Casa/Cuidador,Ninguno,17082000.0
SANEAMIENTO LOCATIVO,Menor a 1 SMMLV,Localidad 2 - Virgen y Turistica,URBANO,ADULTEZ (29-59),Víctima Conflicto Armado por Desplazamiento Forzado,CORVIVIENDA,Básica secundaria (6.o - 9.o),Mujer,Separado(a) o divorciado(a),Trabajador Independiente,Indígena,17082000.0
SANEAMIENTO LOCATIVO,Menor a 1 SMMLV,Localidad 2 - Virgen y Turistica,URBANO,ADULTEZ (29-59),Víctima Conflicto Armado por Desplazamiento Forzado,CORVIVIENDA,Básica secundaria (6.o - 9.o),Mujer,Soltero(a),Ama de Casa/Cuidador,"Negro(a), mulato(a), afrodescendiente, afrocolombiano(a)",17082000.0
SANEAMIENTO LOCATIVO,No tiene,Localidad 2 - Virgen y Turistica,URBANO,ADULTO MAYOR (60 o más),Víctima Conflicto Armado por Desplazamiento Forzado,CORVIVIENDA,Preescolar,Mujer,Separado(a) o divorciado(a),Ama de Casa/Cuidador,Otro,17082000.0
SANEAMIENTO LOCATIVO,Menor a 1 SMMLV,Localidad 2 - Virgen y Turistica,URBANO,ADULTEZ (29-59),Víctima Conflicto Armado por Desplazamiento Forzado,CORVIVIENDA,Básica primaria (1.o - 5.o),Mujer,Separado(a) o divorciado(a),Ama de Casa/Cuidador,Ninguno,17082000.0
SANEAMIENTO LOCATIVO,Menor a 1 SMMLV,Localidad 2 - Virgen y Turistica,URBANO,ADULTO MAYOR (60 o más),Víctima Conflicto Armado por Desplazamiento Forzado,CORVIVIENDA,Básica primaria (1.o - 5.o),Mujer,Soltero(a),Ama de Casa/Cuidador,"Negro(a), mulato(a), afrodescendiente, afrocolombiano(a)",17082000.0
SANEAMIENTO LOCATIVO,Menor a 1 SMMLV,Localidad 2 - Virgen y Turistica,URBANO,ADULTEZ (29-59),Víctima Conflicto Armado por Desplazamiento Forzado,CORVIVIENDA,Media (10.o - 13.o),Mujer,Separado(a) o divorciado(a),Trabajador Independiente,Otro,17082000.0
SANEAMIENTO LOCATIVO,Entre 1 y 2 SMMLV,Localidad 2 - Virgen y Turistica,URBANO,ADULTEZ (29-59),Víctima Conflicto Armado por Desplazamiento Forzado,CORVIVIENDA,Básica secundaria (6.o - 9.o),Mujer,Unión libre,Ama de Casa/Cuidador,Indígena,17082000.0
SANEAMIENTO LOCATIVO,Menor a 1 SMMLV,Localidad 2 - Virgen y Turistica,URBANO,ADULTO MAYOR (60 o más),Víctima Conflicto Armado por Desplazamiento Forzado,CORVIVIENDA,Ninguno,Mujer,Unión libre,Ama de Casa/Cuidador,Ninguno,17082000.0
SANEAMIENTO LOCATIVO,No tiene,Localidad 2 - Virgen y Turistica,URBANO,ADULTEZ (29-59),Víctima Conflicto Armado por Desplazamiento Forzado,CORVIVIENDA,Básica primaria (1.o - 5.o),Mujer,Casado(a),Ama de Casa/Cuidador,"Negro(a), mulato(a), afrodescendiente, afrocolombiano(a)",17082000.0
SANEAMIENTO LOCATIVO,No tiene,Localidad 2 - Virgen y Turistica,URBANO,ADULTEZ (29-59),Víctima Conflicto Armado por Desplazamiento Forzado,CORVIVIENDA,Básica secundaria (6.o - 9.o),Mujer,Unión libre,Desempleado,"Negro(a), mulato(a), afrodescendiente, afrocolombiano(a)",17082000.0
SANEAMIENTO LOCATIVO,Menor a 1 SMMLV,Localidad 2 - Virgen y Turistica,URBANO,ADULTEZ (29-59),Víctima Conflicto Armado por Desplazamiento Forzado,CORVIVIENDA,Básica primaria (1.o - 5.o),Mujer,Soltero(a),Trabajador Independiente,"Negro(a), mulato(a), afrodescendiente, afrocolombiano(a)",17082000.0
SANEAMIENTO LOCATIVO,Menor a 1 SMMLV,Localidad 2 - Virgen y Turistica,URBANO,ADULTEZ (29-59),Víctima Conflicto Armado por Desplazamiento Forzado,CORVIVIENDA,Básica primaria (1.o - 5.o),Mujer,Unión libre,Trabajador Independiente,Ninguno,17082000.0
SANEAMIENTO LOCATIVO,No tiene,Localidad 2 - Virgen y Turistica,URBANO,ADULTO MAYOR (60 o más),Víctima Conflicto Armado por Desplazamiento Forzado,CORVIVIENDA,Básica primaria (1.o - 5.o),Mujer,Soltero(a),Ama de Casa/Cuidador,"Negro(a), mulato(a), afrodescendiente, afrocolombiano(a)",17082000.0
SANEAMIENTO LOCATIVO,Menor a 1 SMMLV,Localidad 2 - Virgen y Turistica,URBANO,ADULTEZ (29-59),Víctima Conflicto Armado por Desplazamiento Forzado,CORVIVIENDA,Básica primaria (1.o - 5.o),Hombre,Unión libre,Trabajador Independiente,Ninguno,17082000.0
SANEAMIENTO LOCATIVO,Menor a 1 SMMLV,Localidad 2 - Virgen y Turistica,URBANO,ADULTEZ (29-59),Víctima Conflicto Armado por Desplazamiento Forzado,CORVIVIENDA,Básica secundaria (6.o - 9.o),Mujer,Soltero(a),Trabajador Independiente,Ninguno,17082000.0
SANEAMIENTO LOCATIVO,Menor a 1 SMMLV,Localidad 2 - Virgen y Turistica,URBANO,ADULTEZ (29-59),Víctima Conflicto Armado por Desplazamiento Forzado,CORVIVIENDA,Básica primaria (1.o - 5.o),Mujer,Soltero(a),Ama de Casa/Cuidador,Ninguno,17082000.0
SANEAMIENTO LOCATIVO,Menor a 1 SMMLV,Localidad 2 - Virgen y Turistica,URBANO,ADULTEZ (29-59),Víctima Conflicto Armado por Desplazamiento Forzado,CORVIVIENDA,Media (10.o - 13.o),Mujer,Unión libre,Trabajador Independiente,"Negro(a), mulato(a), afrodescendiente, afrocolombiano(a)",17082000.0
SANEAMIENTO LOCATIVO,Menor a 1 SMMLV,Localidad 2 - Virgen y Turistica,URBANO,ADULTO MAYOR (60 o más),Víctima Conflicto Armado por Desplazamiento Forzado,CORVIVIENDA,Media (10.o - 13.o),Mujer,Soltero(a),Trabajador Independiente,"Negro(a), mulato(a), afrodescendiente, afrocolombiano(a)",17082000.0
SANEAMIENTO LOCATIVO,Menor a 1 SMMLV,Localidad 2 - Virgen y Turistica,URBANO,ADULTEZ (29-59),Víctima Conflicto Armado por Desplazamiento Forzado,CORVIVIENDA,Técnico o tecnológico (1 - 4),Mujer,Soltero(a),Trabajador Independiente,"Negro(a), mulato(a), afrodescendiente, afrocolombiano(a)",17082000.0
SANEAMIENTO LOCATIVO,Menor a 1 SMMLV,Localidad 2 - Virgen y Turistica,URBANO,ADULTO MAYOR (60 o más),Víctima Conflicto Armado por Desplazamiento Forzado,CORVIVIENDA,Ninguno,Mujer,Soltero(a),Trabajador Independiente,"Negro(a), mulato(a), afrodescendiente, afrocolombiano(a)",17082000.0
SANEAMIENTO LOCATIVO,No tiene,Localidad 3 - Industrial y de la Bahía,URBANO,ADULTEZ (29-59),Víctima Conflicto Armado por Desplazamiento Forzado,CORVIVIENDA,Media (10.o - 13.o),Mujer,Unión libre,Ama de Casa/Cuidador,Ninguno,17082000.0
SANEAMIENTO LOCATIVO,Menor a 1 SMMLV,Localidad 3 - Industrial y de la Bahía,URBANO,ADULTEZ (29-59),Víctima Conflicto Armado por Desplazamiento Forzado,CORVIVIENDA,Universitario (1 - 6),Mujer,Unión libre,Desempleado,"Negro(a), mulato(a), afrodescendiente, afrocolombiano(a)",17082000.0
SANEAMIENTO LOCATIVO,Entre 1 y 2 SMMLV,Localidad 3 - Industrial y de la Bahía,URBANO,ADULTEZ (29-59),Víctima Conflicto Armado por Desplazamiento Forzado,CORVIVIENDA,Técnico o tecnológico (1 - 4),Mujer,Soltero(a),Trabajador Independiente,Ninguno,17082000.0
SANEAMIENTO LOCATIVO,Entre 1 y 2 SMMLV,Localidad 3 - Industrial y de la Bahía,URBANO,ADULTEZ (29-59),Víctima Conflicto Armado por Desplazamiento Forzado,CORVIVIENDA,Técnico o tecnológico (1 - 4),Mujer,Separado(a) o divorciado(a),Empleado,Ninguno,17082000.0
SANEAMIENTO LOCATIVO,Entre 1 y 2 SMMLV,Localidad 3 - Industrial y de la Bahía,URBANO,ADULTO MAYOR (60 o más),Víctima Conflicto Armado por Desplazamiento Forzado,CORVIVIENDA,Básica primaria (1.o - 5.o),Hombre,Unión libre,Jubilado o pensionado,Ninguno,17082000.0
SANEAMIENTO LOCATIVO,No tiene,Localidad 3 - Industrial y de la Bahía,URBANO,ADULTO MAYOR (60 o más),Víctima Conflicto Armado por Desplazamiento Forzado,CORVIVIENDA,Media (10.o - 13.o),Mujer,Viudo(a),Ama de Casa/Cuidador,"Negro(a), mulato(a), afrodescendiente, afrocolombiano(a)",17082000.0
SANEAMIENTO LOCATIVO,No tiene,Localidad 3 - Industrial y de la Bahía,URBANO,ADULTEZ (29-59),Víctima Conflicto Armado por Desplazamiento Forzado,CORVIVIENDA,Básica primaria (1.o - 5.o),Mujer,Soltero(a),Desempleado,"Negro(a), mulato(a), afrodescendiente, afrocolombiano(a)",17082000.0
SANEAMIENTO LOCATIVO,Menor a 1 SMMLV,Localidad 3 - Industrial y de la Bahía,URBANO,ADULTO MAYOR (60 o más),Víctima Conflicto Armado por Desplazamiento Forzado,CORVIVIENDA,Básica primaria (1.o - 5.o),Mujer,Unión libre,Trabajador Independiente,"Negro(a), mulato(a), afrodescendiente, afrocolombiano(a)",17082000.0
SANEAMIENTO LOCATIVO,Menor a 1 SMMLV,Localidad 3 - Industrial y de la Bahía,URBANO,ADULTEZ (29-59),Víctima Conflicto Armado por Desplazamiento Forzado,CORVIVIENDA,Básica primaria (1.o - 5.o),Hombre,Unión libre,Trabajador Independiente,Ninguno,17082000.0
SANEAMIENTO LOCATIVO,Entre 1 y 2 SMMLV,Localidad 3 - Industrial y de la Bahía,URBANO,ADULTEZ (29-59),Víctima Conflicto Armado por Desplazamiento Forzado,CORVIVIENDA,Ninguno,Mujer,Casado(a),Ama de Casa/Cuidador,Ninguno,17082000.0
SANEAMIENTO LOCATIVO,Menor a 1 SMMLV,Localidad 3 - Industrial y de la Bahía,URBANO,ADULTEZ (29-59),Víctima Conflicto Armado por Desplazamiento Forzado,CORVIVIENDA,Técnico o tecnológico (1 - 4),Mujer,Soltero(a),Trabajador Independiente,"Negro(a), mulato(a), afrodescendiente, afrocolombiano(a)",17082000.0
SANEAMIENTO LOCATIVO,No tiene,Localidad 3 - Industrial y de la Bahía,URBANO,ADULTO MAYOR (60 o más),Víctima Conflicto Armado por Desplazamiento Forzado,CORVIVIENDA,Ninguno,Mujer,Soltero(a),Ama de Casa/Cuidador,"Negro(a), mulato(a), afrodescendiente, afrocolombiano(a)",17082000.0
SANEAMIENTO LOCATIVO,Menor a 1 SMMLV,Localidad 3 - Industrial y de la Bahía,URBANO,ADULTEZ (29-59),Víctima Conflicto Armado por Desplazamiento Forzado,CORVIVIENDA,Básica secundaria (6.o - 9.o),Mujer,Separado(a) o divorciado(a),Trabajador Independiente,Indígena,17082000.0
SANEAMIENTO LOCATIVO,Menor a 1 SMMLV,Localidad 3 - Industrial y de la Bahía,URBANO,ADULTEZ (29-59),Víctima Conflicto Armado por Desplazamiento Forzado,CORVIVIENDA,Básica secundaria (6.o - 9.o),Hombre,Unión libre,Trabajador Independiente,"Negro(a), mulato(a), afrodescendiente, afrocolombiano(a)",17082000.0
SANEAMIENTO LOCATIVO,No tiene,Localidad 3 - Industrial y de la Bahía,URBANO,ADULTEZ (29-59),Víctima Conflicto Armado por Desplazamiento Forzado,CORVIVIENDA,Media (10.o - 13.o),Mujer,Soltero(a),Ama de Casa/Cuidador,"Negro(a), mulato(a), afrodescendiente, afrocolombiano(a)",17082000.0
SANEAMIENTO LOCATIVO,No tiene,Localidad 3 - Industrial y de la Bahía,URBANO,ADULTO MAYOR (60 o más),Víctima Conflicto Armado por Desplazamiento Forzado,CORVIVIENDA,Media (10.o - 13.o),Mujer,Soltero(a),Ama de Casa/Cuidador,"Negro(a), mulato(a), afrodescendiente, afrocolombiano(a)",17082000.0
SANEAMIENTO LOCATIVO,Menor a 1 SMMLV,Localidad 3 - Industrial y de la Bahía,URBANO,ADULTO MAYOR (60 o más),Víctima Conflicto Armado por Desplazamiento Forzado,CORVIVIENDA,Básica primaria (1.o - 5.o),Mujer,Unión libre,Jubilado o pensionado,"Negro(a), mulato(a), afrodescendiente, afrocolombiano(a)",17082000.0
SANEAMIENTO LOCATIVO,Entre 1 y 2 SMMLV,Localidad 3 - Industrial y de la Bahía,URBANO,ADULTEZ (29-59),Víctima Conflicto Armado por Desplazamiento Forzado,CORVIVIENDA,Básica primaria (1.o - 5.o),Mujer,Soltero(a),Trabajador Independiente,"Negro(a), mulato(a), afrodescendiente, afrocolombiano(a)",17082000.0
SANEAMIENTO LOCATIVO,Menor a 1 SMMLV,Localidad 3 - Industrial y de la Bahía,URBANO,ADULTEZ (29-59),Víctima Conflicto Armado por Desplazamiento Forzado,CORVIVIENDA,Media (10.o - 13.o),Hombre,Unión libre,Trabajador Independiente,Indígena,17082000.0
SANEAMIENTO LOCATIVO,Menor a 1 SMMLV,Localidad 3 - Industrial y de la Bahía,URBANO,JUVENTUD (18-28),Víctima Conflicto Armado por Desplazamiento Forzado,CORVIVIENDA,Media (10.o - 13.o),Mujer,Soltero(a),Ama de Casa/Cuidador,Ninguno,17082000.0
SANEAMIENTO LOCATIVO,Menor a 1 SMMLV,Localidad 2 - Virgen y Turistica,RURAL,ADULTEZ (29-59),Pobreza Extrema,CORVIVIENDA,Básica primaria (1.o - 5.o),Hombre,Unión libre,Trabajador Independiente,Indígena,19929000.0
SANEAMIENTO LOCATIVO,Entre 1 y 2 SMMLV,Localidad 2 - Virgen y Turistica,RURAL,ADULTEZ (29-59),Pobreza Extrema,CORVIVIENDA,Básica secundaria (6.o - 9.o),Mujer,Unión libre,Ama de Casa/Cuidador,Indígena,19929000.0
SANEAMIENTO LOCATIVO,Menor a 1 SMMLV,Localidad 2 - Virgen y Turistica,RURAL,ADULTEZ (29-59),Pobreza Extrema,CORVIVIENDA,Ninguno,Mujer,Unión libre,Ama de Casa/Cuidador,Indígena,19929000.0
SANEAMIENTO LOCATIVO,Entre 1 y 2 SMMLV,Localidad 2 - Virgen y Turistica,RURAL,ADULTEZ (29-59),Pobreza Extrema,CORVIVIENDA,Ninguno,Mujer,Unión libre,Sin actividad,Indígena,19929000.0
SANEAMIENTO LOCATIVO,Menor a 1 SMMLV,Localidad 2 - Virgen y Turistica,RURAL,ADULTEZ (29-59),Pobreza Extrema,CORVIVIENDA,Media (10.o - 13.o),Mujer,Unión libre,Ama de Casa/Cuidador,Indígena,19929000.0
SANEAMIENTO LOCATIVO,Menor a 1 SMMLV,Localidad 2 - Virgen y Turistica,RURAL,ADULTO MAYOR (60 o más),Ninguno,CORVIVIENDA,Media (10.o - 13.o),Mujer,Unión libre,Ama de Casa/Cuidador,Indígena,19929000.0
SANEAMIENTO LOCATIVO,Entre 1 y 2 SMMLV,Localidad 2 - Virgen y Turistica,RURAL,ADULTEZ (29-59),Pobreza Extrema,CORVIVIENDA,Ninguno,Mujer,Unión libre,Ama de Casa/Cuidador,Indígena,19929000.0
SANEAMIENTO LOCATIVO,Menor a 1 SMMLV,Localidad 2 - Virgen y Turistica,RURAL,ADULTEZ (29-59),Pobreza Extrema,CORVIVIENDA,Media (10.o - 13.o),Mujer,Unión libre,Ama de Casa/Cuidador,Indígena,19929000.0
SANEAMIENTO LOCATIVO,Menor a 1 SMMLV,Localidad 2 - Virgen y Turistica,RURAL,ADULTEZ (29-59),Pobreza Extrema,CORVIVIENDA,Ninguno,Mujer,Unión libre,Ama de Casa/Cuidador,Indígena,19929000.0
SANEAMIENTO LOCATIVO,Menor a 1 SMMLV,Localidad 2 - Virgen y Turistica,RURAL,JUVENTUD (18-28),Pobreza Extrema,CORVIVIENDA,Técnico o tecnológico (1 - 4),Mujer,Unión libre,Ama de Casa/Cuidador,Indígena,19929000.0
SANEAMIENTO LOCATIVO,Entre 1 y 2 SMMLV,Localidad 2 - Virgen y Turistica,RURAL,ADULTEZ (29-59),Pobreza Extrema,CORVIVIENDA,Básica primaria (1.o - 5.o),Mujer,Unión libre,Ama de Casa/Cuidador,Indígena,19929000.0
SANEAMIENTO LOCATIVO,Menor a 1 SMMLV,Localidad 2 - Virgen y Turistica,RURAL,ADULTEZ (29-59),Pobreza Extrema,CORVIVIENDA,Básica primaria (1.o - 5.o),Mujer,Unión libre,Ama de Casa/Cuidador,Indígena,19929000.0
SANEAMIENTO LOCATIVO,Menor a 1 SMMLV,Localidad 2 - Virgen y Turistica,RURAL,ADULTO MAYOR (60 o más),Pobreza Extrema,CORVIVIENDA,Ninguno,Hombre,Unión libre,Trabajador Independiente,Indígena,19929000.0
SANEAMIENTO LOCATIVO,Entre 1 y 2 SMMLV,Localidad 2 - Virgen y Turistica,RURAL,ADULTEZ (29-59),Ninguno,CORVIVIENDA,Técnico o tecnológico (1 - 4),Hombre,Casado(a),Trabajador Independiente,Indígena,19929000.0
SANEAMIENTO LOCATIVO,Menor a 1 SMMLV,Localidad 2 - Virgen y Turistica,RURAL,ADULTEZ (29-59),Pobreza Extrema,CORVIVIENDA,Básica secundaria (6.o - 9.o),Mujer,Unión libre,Ama de Casa/Cuidador,Indígena,19929000.0
SANEAMIENTO LOCATIVO,Menor a 1 SMMLV,Localidad 2 - Virgen y Turistica,RURAL,ADULTEZ (29-59),Ninguno,CORVIVIENDA,Media (10.o - 13.o),Mujer,Soltero(a),Ama de Casa/Cuidador,Indígena,19929000.0
SANEAMIENTO LOCATIVO,Entre 1 y 2 SMMLV,Localidad 2 - Virgen y Turistica,RURAL,ADULTEZ (29-59),Pobreza Extrema,CORVIVIENDA,Ninguno,Mujer,Casado(a),Ama de Casa/Cuidador,Indígena,19929000.0
SANEAMIENTO LOCATIVO,No tiene,Localidad 2 - Virgen y Turistica,RURAL,ADULTO MAYOR (60 o más),Pobreza Extrema,CORVIVIENDA,Ninguno,Mujer,Unión libre,Sin actividad,Indígena,19929000.0
SANEAMIENTO LOCATIVO,Menor a 1 SMMLV,Localidad 2 - Virgen y Turistica,RURAL,ADULTO MAYOR (60 o más),Pobreza Extrema,CORVIVIENDA,Ninguno,Mujer,Soltero(a),Ama de Casa/Cuidador,Indígena,19929000.0
SANEAMIENTO LOCATIVO,Menor a 1 SMMLV,Localidad 2 - Virgen y Turistica,RURAL,ADULTEZ (29-59),Ninguno,CORVIVIENDA,Media (10.o - 13.o),Mujer,Unión libre,Ama de Casa/Cuidador,Indígena,19929000.0
SANEAMIENTO LOCATIVO,Menor a 1 SMMLV,Localidad 2 - Virgen y Turistica,RURAL,ADULTEZ (29-59),Pobreza Extrema,CORVIVIENDA,Media (10.o - 13.o),Hombre,Unión libre,Trabajador Independiente,Indígena,19929000.0
SANEAMIENTO LOCATIVO,Menor a 1 SMMLV,Localidad 2 - Virgen y Turistica,RURAL,ADULTEZ (29-59),Pobreza Extrema,CORVIVIENDA,Básica primaria (1.o - 5.o),Mujer,Unión libre,Ama de Casa/Cuidador,Indígena,19929000.0
SANEAMIENTO LOCATIVO,Menor a 1 SMMLV,Localidad 2 - Virgen y Turistica,RURAL,ADULTEZ (29-59),Pobreza Extrema,CORVIVIENDA,Básica secundaria (6.o - 9.o),Mujer,Unión libre,Ama de Casa/Cuidador,Indígena,19929000.0
SANEAMIENTO LOCATIVO,Menor a 1 SMMLV,Localidad 2 - Virgen y Turistica,RURAL,ADULTO MAYOR (60 o más),Pobreza Extrema,CORVIVIENDA,Ninguno,Mujer,Viudo(a),Ama de Casa/Cuidador,Indígena,19929000.0
SANEAMIENTO LOCATIVO,Menor a 1 SMMLV,Localidad 2 - Virgen y Turistica,RURAL,ADULTEZ (29-59),Ninguno,CORVIVIENDA,Ninguno,Mujer,Casado(a),Ama de Casa/Cuidador,Indígena,19929000.0
SANEAMIENTO LOCATIVO,Menor a 1 SMMLV,Localidad 2 - Virgen y Turistica,RURAL,ADULTO MAYOR (60 o más),Pobreza Extrema,CORVIVIENDA,Ninguno,Hombre,Unión libre,Trabajador Independiente,Indígena,19929000.0
SANEAMIENTO LOCATIVO,Menor a 1 SMMLV,Localidad 2 - Virgen y Turistica,RURAL,ADULTEZ (29-59),Pobreza Extrema,CORVIVIENDA,Universitario (1 - 6),Mujer,Unión libre,Ama de Casa/Cuidador,Indígena,19929000.0
SANEAMIENTO LOCATIVO,No tiene,Localidad 2 - Virgen y Turistica,RURAL,ADULTEZ (29-59),Pobreza Extrema,CORVIVIENDA,Ninguno,Mujer,Unión libre,Ama de Casa/Cuidador,Indígena,19929000.0
SANEAMIENTO LOCATIVO,Menor a 1 SMMLV,Localidad 2 - Virgen y Turistica,RURAL,ADULTEZ (29-59),Ninguno,CORVIVIENDA,Básica primaria (1.o - 5.o),Mujer,Unión libre,Ama de Casa/Cuidador,Indígena,19929000.0
SANEAMIENTO LOCATIVO,Menor a 1 SMMLV,Localidad 2 - Virgen y Turistica,RURAL,ADULTEZ (29-59),Pobreza Extrema,CORVIVIENDA,Técnico o tecnológico (1 - 4),Mujer,Unión libre,Trabajador Independiente,Indígena,19929000.0
SANEAMIENTO LOCATIVO,Menor a 1 SMMLV,Localidad 2 - Virgen y Turistica,RURAL,ADULTEZ (29-59),Ninguno,CORVIVIENDA,Ninguno,Hombre,Unión libre,Trabajador Independiente,Indígena,19929000.0
SANEAMIENTO LOCATIVO,Menor a 1 SMMLV,Localidad 2 - Virgen y Turistica,RURAL,ADULTEZ (29-59),Pobreza Extrema,CORVIVIENDA,Media (10.o - 13.o),Hombre,Casado(a),Trabajador Independiente,Indígena,19929000.0
SANEAMIENTO LOCATIVO,Menor a 1 SMMLV,Localidad 2 - Virgen y Turistica,RURAL,ADULTEZ (29-59),Ninguno,CORVIVIENDA,Media (10.o - 13.o),Hombre,Soltero(a),Trabajador Independiente,Indígena,19929000.0
SANEAMIENTO LOCATIVO,Menor a 1 SMMLV,Localidad 2 - Virgen y Turistica,RURAL,ADULTO MAYOR (60 o más),Damnificados,CORVIVIENDA,Media (10.o - 13.o),Hombre,Casado(a),Trabajador Independiente,Indígena,19929000.0
SANEAMIENTO LOCATIVO,Menor a 1 SMMLV,Localidad 2 - Virgen y Turistica,RURAL,ADULTO MAYOR (60 o más),Pobreza Extrema,CORVIVIENDA,Ninguno,Hombre,Casado(a),Trabajador Independiente,Indígena,19929000.0
SANEAMIENTO LOCATIVO,Menor a 1 SMMLV,Localidad 2 - Virgen y Turistica,RURAL,ADULTO MAYOR (60 o más),Pobreza Extrema,CORVIVIENDA,Básica primaria (1.o - 5.o),Mujer,Soltero(a),Trabajador Independiente,Indígena,19929000.0
SANEAMIENTO LOCATIVO,Menor a 1 SMMLV,Localidad 2 - Virgen y Turistica,RURAL,JUVENTUD (18-28),Pobreza Extrema,CORVIVIENDA,Universitario (1 - 6),Hombre,Unión libre,Trabajador Independiente,Indígena,19929000.0
SANEAMIENTO LOCATIVO,Entre 1 y 2 SMMLV,Localidad 2 - Virgen y Turistica,RURAL,ADULTEZ (29-59),Ninguno,CORVIVIENDA,Técnico o tecnológico (1 - 4),Mujer,Unión libre,Empleado,Indígena,19929000.0
SANEAMIENTO LOCATIVO,Menor a 1 SMMLV,Localidad 2 - Virgen y Turistica,RURAL,ADULTEZ (29-59),Pobreza Extrema,CORVIVIENDA,Básica primaria (1.o - 5.o),Mujer,Unión libre,Ama de Casa/Cuidador,Indígena,19929000.0
SANEAMIENTO LOCATIVO,Menor a 1 SMMLV,Localidad 2 - Virgen y Turistica,RURAL,ADULTEZ (29-59),Pobreza Extrema,CORVIVIENDA,Media (10.o - 13.o),Mujer,Unión libre,Ama de Casa/Cuidador,Indígena,19929000.0
SANEAMIENTO LOCATIVO,Menor a 1 SMMLV,Localidad 2 - Virgen y Turistica,RURAL,ADULTEZ (29-59),Pobreza Extrema,CORVIVIENDA,Básica secundaria (6.o - 9.o),Hombre,Unión libre,Trabajador Independiente,Indígena,19929000.0
SANEAMIENTO LOCATIVO,Menor a 1 SMMLV,Localidad 3 - Industrial y de la Bahía,URBANO,ADULTO MAYOR (60 o más),Ninguno,CORVIVIENDA,Básica primaria (1.o - 5.o),Mujer,Unión libre,Trabajador Independiente,Indígena,17082000.0
SANEAMIENTO LOCATIVO,Menor a 1 SMMLV,Localidad 3 - Industrial y de la Bahía,RURAL,ADULTEZ (29-59),Ninguno,CORVIVIENDA,Técnico o tecnológico (1 - 4),Mujer,Unión libre,Trabajador Independiente,Indígena,19929000.0
SANEAMIENTO LOCATIVO,Menor a 1 SMMLV,Localidad 3 - Industrial y de la Bahía,RURAL,ADULTEZ (29-59),Pobreza Extrema,CORVIVIENDA,Básica primaria (1.o - 5.o),Mujer,Soltero(a),Ama de Casa/Cuidador,Indígena,17082000.0
SANEAMIENTO LOCATIVO,Menor a 1 SMMLV,Localidad 3 - Industrial y de la Bahía,RURAL,ADULTEZ (29-59),Pobreza Extrema,CORVIVIENDA,Ninguno,Hombre,Casado(a),Ama de Casa/Cuidador,Indígena,19929000.0
SANEAMIENTO LOCATIVO,Menor a 1 SMMLV,Localidad 3 - Industrial y de la Bahía,RURAL,ADULTEZ (29-59),Pobreza Extrema,CORVIVIENDA,Ninguno,Hombre,Unión libre,Trabajador Independiente,Indígena,19929000.0
SANEAMIENTO LOCATIVO,Menor a 1 SMMLV,Localidad 3 - Industrial y de la Bahía,RURAL,ADULTEZ (29-59),Pobreza Extrema,CORVIVIENDA,Técnico o tecnológico (1 - 4),Mujer,Soltero(a),Ama de Casa/Cuidador,Indígena,19929000.0
SANEAMIENTO LOCATIVO,Menor a 1 SMMLV,Localidad 3 - Industrial y de la Bahía,RURAL,ADULTO MAYOR (60 o más),Pobreza Extrema,CORVIVIENDA,Básica primaria (1.o - 5.o),Mujer,Separado(a) o divorciado(a),Ama de Casa/Cuidador,Indígena,19929000.0
SANEAMIENTO LOCATIVO,Entre 1 y 2 SMMLV,Localidad 3 - Industrial y de la Bahía,RURAL,ADULTEZ (29-59),Pobreza Extrema,CORVIVIENDA,Técnico o tecnológico (1 - 4),Mujer,Unión libre,Ama de Casa/Cuidador,Indígena,19929000.0
SANEAMIENTO LOCATIVO,Menor a 1 SMMLV,Localidad 3 - Industrial y de la Bahía,RURAL,ADULTEZ (29-59),Pobreza Extrema,CORVIVIENDA,Media (10.o - 13.o),Hombre,Unión libre,Trabajador Independiente,Indígena,19929000.0
SANEAMIENTO LOCATIVO,Entre 1 y 2 SMMLV,Localidad 3 - Industrial y de la Bahía,RURAL,ADULTEZ (29-59),Pobreza Extrema,CORVIVIENDA,Básica primaria (1.o - 5.o),Hombre,Unión libre,Ama de Casa/Cuidador,Indígena,19929000.0
SANEAMIENTO LOCATIVO,Menor a 1 SMMLV,Localidad 3 - Industrial y de la Bahía,RURAL,ADULTEZ (29-59),Pobreza Extrema,CORVIVIENDA,Media (10.o - 13.o),Mujer,Unión libre,Ama de Casa/Cuidador,Indígena,19929000.0
SANEAMIENTO LOCATIVO,Entre 1 y 2 SMMLV,Localidad 3 - Industrial y de la Bahía,RURAL,JUVENTUD (18-28),Pobreza Extrema,CORVIVIENDA,Básica primaria (1.o - 5.o),Mujer,Unión libre,Ama de Casa/Cuidador,Indígena,19929000.0
SANEAMIENTO LOCATIVO,Entre 1 y 2 SMMLV,Localidad 3 - Industrial y de la Bahía,RURAL,ADULTEZ (29-59),Pobreza Extrema,CORVIVIENDA,Técnico o tecnológico (1 - 4),Mujer,Casado(a),Trabajador Independiente,Indígena,19929000.0
SANEAMIENTO LOCATIVO,Menor a 1 SMMLV,Localidad 3 - Industrial y de la Bahía,RURAL,ADULTO MAYOR (60 o más),Pobreza Extrema,CORVIVIENDA,Básica secundaria (6.o - 9.o),Mujer,Soltero(a),Ama de Casa/Cuidador,Indígena,19929000.0
SANEAMIENTO LOCATIVO,Entre 1 y 2 SMMLV,Localidad 3 - Industrial y de la Bahía,RURAL,ADULTEZ (29-59),Pobreza Extrema,CORVIVIENDA,Media (10.o - 13.o),Hombre,Casado(a),Trabajador Independiente,Indígena,19929000.0
SANEAMIENTO LOCATIVO,Menor a 1 SMMLV,Localidad 3 - Industrial y de la Bahía,RURAL,ADULTEZ (29-59),Ninguno,CORVIVIENDA,Ninguno,Mujer,Soltero(a),Trabajador Independiente,Indígena,19929000.0
SANEAMIENTO LOCATIVO,Menor a 1 SMMLV,Localidad 3 - Industrial y de la Bahía,RURAL,ADULTO MAYOR (60 o más),Ninguno,CORVIVIENDA,Básica primaria (1.o - 5.o),Mujer,Unión libre,Trabajador Independiente,Indígena,19929000.0
SANEAMIENTO LOCATIVO,Menor a 1 SMMLV,Localidad 2 - Virgen y Turistica,URBANO,ADULTO MAYOR (60 o más),Pobreza Extrema,CORVIVIENDA,Ninguno,Mujer,Viudo(a),Ama de Casa/Cuidador,Indígena,17082000.0
SANEAMIENTO LOCATIVO,Menor a 1 SMMLV,Localidad 2 - Virgen y Turistica,URBANO,ADULTEZ (29-59),Pobreza Extrema,CORVIVIENDA,Media (10.o - 13.o),Hombre,Soltero(a),Trabajador Independiente,Indígena,17082000.0
SANEAMIENTO LOCATIVO,Menor a 1 SMMLV,Localidad 2 - Virgen y Turistica,URBANO,ADULTEZ (29-59),Pobreza Extrema,CORVIVIENDA,Media (10.o - 13.o),Hombre,Unión libre,Trabajador Independiente,Indígena,17082000.0
SANEAMIENTO LOCATIVO,Menor a 1 SMMLV,Localidad 2 - Virgen y Turistica,URBANO,ADULTEZ (29-59),Pobreza Extrema,CORVIVIENDA,Básica primaria (1.o - 5.o),Hombre,Unión libre,Trabajador Independiente,Indígena,17082000.0
SANEAMIENTO LOCATIVO,Entre 1 y 2 SMMLV,Localidad 2 - Virgen y Turistica,URBANO,ADULTEZ (29-59),Ninguno,CORVIVIENDA,Media (10.o - 13.o),Mujer,Soltero(a),Empleado,Indígena,17082000.0
SANEAMIENTO LOCATIVO,Menor a 1 SMMLV,Localidad 2 - Virgen y Turistica,URBANO,ADULTEZ (29-59),Ninguno,CORVIVIENDA,Media (10.o - 13.o),Hombre,Unión libre,Trabajador Independiente,Indígena,17082000.0
SANEAMIENTO LOCATIVO,Menor a 1 SMMLV,Localidad 3 - Industrial y de la Bahía,URBANO,ADULTEZ (29-59),Pobreza Extrema,CORVIVIENDA,Media (10.o - 13.o),Mujer,Unión libre,Ama de Casa/Cuidador,Indígena,17082000.0
SANEAMIENTO LOCATIVO,Menor a 1 SMMLV,Localidad 3 - Industrial y de la Bahía,URBANO,JUVENTUD (18-28),Pobreza Extrema,CORVIVIENDA,Media (10.o - 13.o),Hombre,Unión libre,Trabajador Independiente,Indígena,17082000.0
SANEAMIENTO LOCATIVO,Menor a 1 SMMLV,Localidad 3 - Industrial y de la Bahía,URBANO,JUVENTUD (18-28),Pobreza Extrema,CORVIVIENDA,Media (10.o - 13.o),Mujer,Soltero(a),Ama de Casa/Cuidador,Indígena,17082000.0
SANEAMIENTO LOCATIVO,Menor a 1 SMMLV,Localidad 3 - Industrial y de la Bahía,URBANO,ADULTEZ (29-59),Ninguno,CORVIVIENDA,Básica primaria (1.o - 5.o),Mujer,Unión libre,Trabajador Independiente,Indígena,17082000.0
SANEAMIENTO LOCATIVO,Menor a 1 SMMLV,Localidad 3 - Industrial y de la Bahía,URBANO,ADULTEZ (29-59),Pobreza Extrema,CORVIVIENDA,Media (10.o - 13.o),Hombre,Unión libre,Trabajador Independiente,Indígena,17082000.0
SANEAMIENTO LOCATIVO,Menor a 1 SMMLV,Localidad 3 - Industrial y de la Bahía,URBANO,ADULTO MAYOR (60 o más),Pobreza Extrema,CORVIVIENDA,Ninguno,Mujer,Viudo(a),Ama de Casa/Cuidador,Indígena,17082000.0
SANEAMIENTO LOCATIVO,Menor a 1 SMMLV,Localidad 2 - Virgen y Turistica,URBANO,ADULTEZ (29-59),Ninguno,CORVIVIENDA,Básica primaria (1.o - 5.o),Mujer,Unión libre,Trabajador Independiente,Indígena,17082000.0
SANEAMIENTO LOCATIVO,Menor a 1 SMMLV,Localidad 2 - Virgen y Turistica,URBANO,ADULTO MAYOR (60 o más),Ninguno,CORVIVIENDA,Básica primaria (1.o - 5.o),Hombre,Unión libre,Trabajador Independiente,Indígena,17082000.0
SANEAMIENTO LOCATIVO,Menor a 1 SMMLV,Localidad 2 - Virgen y Turistica,URBANO,ADULTEZ (29-59),Pobreza Extrema,CORVIVIENDA,Media (10.o - 13.o),Hombre,Unión libre,Trabajador Independiente,Indígena,17082000.0
SANEAMIENTO LOCATIVO,Menor a 1 SMMLV,Localidad 2 - Virgen y Turistica,URBANO,ADULTO MAYOR (60 o más),Pobreza Extrema,CORVIVIENDA,Ninguno,Mujer,Unión libre,Ama de Casa/Cuidador,Indígena,17082000.0
SANEAMIENTO LOCATIVO,Menor a 1 SMMLV,Localidad 3 - Industrial y de la Bahía,URBANO,ADULTO MAYOR (60 o más),Pobreza Extrema,CORVIVIENDA,Básica primaria (1.o - 5.o),Mujer,Unión libre,Ama de Casa/Cuidador,Indígena,17082000.0
SANEAMIENTO LOCATIVO,Menor a 1 SMMLV,Localidad 3 - Industrial y de la Bahía,URBANO,ADULTEZ (29-59),Pobreza Extrema,CORVIVIENDA,Media (10.o - 13.o),Hombre,Unión libre,Empleado,Indígena,17082000.0
SANEAMIENTO LOCATIVO,Entre 1 y 2 SMMLV,Localidad 2 - Virgen y Turistica,URBANO,ADULTEZ (29-59),Pobreza Extrema,CORVIVIENDA,Técnico o tecnológico (1 - 4),Mujer,Unión libre,Ama de Casa/Cuidador,Indígena,17082000.0
SANEAMIENTO LOCATIVO,Menor a 1 SMMLV,Localidad 2 - Virgen y Turistica,URBANO,ADULTO MAYOR (60 o más),Ninguno,CORVIVIENDA,Básica primaria (1.o - 5.o),Hombre,Unión libre,Trabajador Independiente,Indígena,17082000.0
SANEAMIENTO LOCATIVO,Menor a 1 SMMLV,Localidad 2 - Virgen y Turistica,URBANO,ADULTO MAYOR (60 o más),Pobreza Extrema,CORVIVIENDA,Básica secundaria (6.o - 9.o),Mujer,Casado(a),Ama de Casa/Cuidador,Indígena,17082000.0
SANEAMIENTO LOCATIVO,Menor a 1 SMMLV,Localidad 3 - Industrial y de la Bahía,URBANO,ADULTO MAYOR (60 o más),Pobreza Extrema,CORVIVIENDA,Básica primaria (1.o - 5.o),Mujer,Unión libre,Ama de Casa/Cuidador,Indígena,17082000.0
SANEAMIENTO LOCATIVO,Menor a 1 SMMLV,Localidad 3 - Industrial y de la Bahía,URBANO,ADULTEZ (29-59),Pobreza Extrema,CORVIVIENDA,Básica primaria (1.o - 5.o),Hombre,Unión libre,Trabajador Independiente,Indígena,17082000.0
SANEAMIENTO LOCATIVO,No tiene,Localidad 2 - Virgen y Turistica,URBANO,ADULTEZ (29-59),Víctima Conflicto Armado por Desplazamiento Forzado,CORVIVIENDA,Preescolar,Mujer,Soltero(a),Ama de Casa/Cuidador,Ninguno,17082000.0
SANEAMIENTO LOCATIVO,Menor a 1 SMMLV,Localidad 1 - Historica y del Caribe Norte,URBANO,ADULTEZ (29-59),Pobreza Extrema,CORVIVIENDA,Básica primaria (1.o - 5.o),Mujer,Soltero(a),Trabajador Independiente,"Negro(a), mulato(a), afrodescendiente, afrocolombiano(a)",17082000.0
SANEAMIENTO LOCATIVO,Menor a 1 SMMLV,Localidad 2 - Virgen y Turistica,URBANO,ADULTEZ (29-59),Víctima Conflicto Armado por Desplazamiento Forzado,CORVIVIENDA,Básica primaria (1.o - 5.o),Mujer,Soltero(a),Trabajador Independiente,"Negro(a), mulato(a), afrodescendiente, afrocolombiano(a)",17082000.0
SANEAMIENTO LOCATIVO,No tiene,Localidad 2 - Virgen y Turistica,URBANO,ADULTO MAYOR (60 o más),Víctima Conflicto Armado por Desplazamiento Forzado,CORVIVIENDA,Básica secundaria (6.o - 9.o),Mujer,Unión libre,Ama de Casa/Cuidador,Ninguno,17082000.0
SANEAMIENTO LOCATIVO,Menor a 1 SMMLV,Localidad 2 - Virgen y Turistica,URBANO,ADULTO MAYOR (60 o más),Víctima Conflicto Armado por Desplazamiento Forzado,CORVIVIENDA,Media (10.o - 13.o),Hombre,Soltero(a),Trabajador Independiente,Ninguno,17082000.0
SANEAMIENTO LOCATIVO,Menor a 1 SMMLV,Localidad 2 - Virgen y Turistica,URBANO,ADULTEZ (29-59),Víctima Conflicto Armado por Desplazamiento Forzado,CORVIVIENDA,Básica primaria (1.o - 5.o),Hombre,Unión libre,Trabajador Independiente,Ninguno,17082000.0
SANEAMIENTO LOCATIVO,Menor a 1 SMMLV,Localidad 2 - Virgen y Turistica,URBANO,ADULTEZ (29-59),Víctima Conflicto Armado por Desplazamiento Forzado,CORVIVIENDA,Básica secundaria (6.o - 9.o),Mujer,Soltero(a),Ama de Casa/Cuidador,Ninguno,17082000.0
SANEAMIENTO LOCATIVO,Menor a 1 SMMLV,Localidad 2 - Virgen y Turistica,URBANO,ADULTEZ (29-59),Víctima Conflicto Armado por Desplazamiento Forzado,CORVIVIENDA,Básica primaria (1.o - 5.o),Mujer,Casado(a),Trabajador Independiente,Otro,17082000.0
SANEAMIENTO LOCATIVO,Menor a 1 SMMLV,Localidad 2 - Virgen y Turistica,URBANO,ADULTEZ (29-59),Víctima Conflicto Armado por Desplazamiento Forzado,CORVIVIENDA,Técnico o tecnológico (1 - 4),Hombre,Unión libre,Trabajador Independiente,Indígena,17082000.0
SANEAMIENTO LOCATIVO,No tiene,Localidad 2 - Virgen y Turistica,URBANO,ADULTO MAYOR (60 o más),Víctima Conflicto Armado por Desplazamiento Forzado,CORVIVIENDA,Ninguno,Mujer,Unión libre,Ama de Casa/Cuidador,Ninguno,17082000.0
SANEAMIENTO LOCATIVO,Menor a 1 SMMLV,Localidad 2 - Virgen y Turistica,URBANO,ADULTEZ (29-59),Víctima Conflicto Armado por Desplazamiento Forzado,CORVIVIENDA,Media (10.o - 13.o),Hombre,Unión libre,Trabajador Independiente,Ninguno,17082000.0
SANEAMIENTO LOCATIVO,No tiene,Localidad 2 - Virgen y Turistica,URBANO,ADULTEZ (29-59),Víctima Conflicto Armado por Desplazamiento Forzado,CORVIVIENDA,Básica secundaria (6.o - 9.o),Hombre,Separado(a) o divorciado(a),Desempleado,Ninguno,17082000.0
SANEAMIENTO LOCATIVO,Menor a 1 SMMLV,Localidad 2 - Virgen y Turistica,URBANO,ADULTEZ (29-59),Víctima Conflicto Armado por Desplazamiento Forzado,CORVIVIENDA,Básica primaria (1.o - 5.o),Mujer,Soltero(a),Ama de Casa/Cuidador,Ninguno,17082000.0
SANEAMIENTO LOCATIVO,Menor a 1 SMMLV,Localidad 2 - Virgen y Turistica,URBANO,ADULTO MAYOR (60 o más),Víctima Conflicto Armado por Desplazamiento Forzado,CORVIVIENDA,Ninguno,Mujer,Soltero(a),Incapacitado permanentemente para trabajar,Ninguno,17082000.0
SANEAMIENTO LOCATIVO,Menor a 1 SMMLV,Localidad 3 - Industrial y de la Bahía,URBANO,ADULTEZ (29-59),Víctima Conflicto Armado por Desplazamiento Forzado,CORVIVIENDA,Básica secundaria (6.o - 9.o),Mujer,Separado(a) o divorciado(a),Trabajador Independiente,"Negro(a), mulato(a), afrodescendiente, afrocolombiano(a)",17082000.0
SANEAMIENTO LOCATIVO,Menor a 1 SMMLV,Localidad 2 - Virgen y Turistica,URBANO,ADULTEZ (29-59),Víctima Conflicto Armado por Desplazamiento Forzado,CORVIVIENDA,Básica secundaria (6.o - 9.o),Mujer,Soltero(a),Trabajador Independiente,"Negro(a), mulato(a), afrodescendiente, afrocolombiano(a)",17082000.0
SANEAMIENTO LOCATIVO,Menor a 1 SMMLV,Localidad 2 - Virgen y Turistica,URBANO,ADULTEZ (29-59),Víctima Conflicto Armado por Desplazamiento Forzado,CORVIVIENDA,Básica secundaria (6.o - 9.o),Mujer,Unión libre,Ama de Casa/Cuidador,Ninguno,17082000.0
SANEAMIENTO LOCATIVO,Menor a 1 SMMLV,Localidad 2 - Virgen y Turistica,URBANO,ADULTEZ (29-59),Víctima Conflicto Armado por Desplazamiento Forzado,CORVIVIENDA,Básica primaria (1.o - 5.o),Mujer,Unión libre,Ama de Casa/Cuidador,Ninguno,17082000.0
SANEAMIENTO LOCATIVO,Menor a 1 SMMLV,Localidad 2 - Virgen y Turistica,URBANO,ADULTEZ (29-59),Víctima Conflicto Armado por Desplazamiento Forzado,CORVIVIENDA,Básica secundaria (6.o - 9.o),Mujer,Soltero(a),Trabajador Independiente,"Negro(a), mulato(a), afrodescendiente, afrocolombiano(a)",17082000.0
SANEAMIENTO LOCATIVO,Menor a 1 SMMLV,Localidad 2 - Virgen y Turistica,URBANO,ADULTEZ (29-59),Pobreza Extrema,CORVIVIENDA,Básica secundaria (6.o - 9.o),Mujer,Unión libre,Ama de Casa/Cuidador,Ninguno,17082000.0
SANEAMIENTO LOCATIVO,Menor a 1 SMMLV,Localidad 2 - Virgen y Turistica,URBANO,ADULTO MAYOR (60 o más),Víctima Conflicto Armado por Desplazamiento Forzado,CORVIVIENDA,Universitario (1 - 6),Hombre,Separado(a) o divorciado(a),Desempleado,Ninguno,17082000.0
SANEAMIENTO LOCATIVO,Menor a 1 SMMLV,Localidad 2 - Virgen y Turistica,URBANO,ADULTEZ (29-59),Víctima Conflicto Armado por Desplazamiento Forzado,CORVIVIENDA,Básica primaria (1.o - 5.o),Mujer,Soltero(a),Sin actividad,"Negro(a), mulato(a), afrodescendiente, afrocolombiano(a)",17082000.0
SANEAMIENTO LOCATIVO,No tiene,Localidad 2 - Virgen y Turistica,URBANO,ADULTO MAYOR (60 o más),Víctima Conflicto Armado por Desplazamiento Forzado,CORVIVIENDA,Ninguno,Hombre,Viudo(a),Sin actividad,"Negro(a), mulato(a), afrodescendiente, afrocolombiano(a)",17082000.0
SANEAMIENTO LOCATIVO,No tiene,Localidad 2 - Virgen y Turistica,URBANO,ADULTO MAYOR (60 o más),Pobreza Extrema,CORVIVIENDA,Básica primaria (1.o - 5.o),Mujer,Viudo(a),Ama de Casa/Cuidador,"Negro(a), mulato(a), afrodescendiente, afrocolombiano(a)",17082000.0
SANEAMIENTO LOCATIVO,Menor a 1 SMMLV,Localidad 3 - Industrial y de la Bahía,URBANO,JUVENTUD (18-28),Víctima Conflicto Armado por Desplazamiento Forzado,CORVIVIENDA,Técnico o tecnológico (1 - 4),Mujer,Soltero(a),Trabajador Independiente,Ninguno,17082000.0
SANEAMIENTO LOCATIVO,Menor a 1 SMMLV,Localidad 2 - Virgen y Turistica,URBANO,ADULTEZ (29-59),Damnificados,CORVIVIENDA,Básica secundaria (6.o - 9.o),Mujer,Soltero(a),Trabajador Independiente,"Negro(a), mulato(a), afrodescendiente, afrocolombiano(a)",17082000.0
SANEAMIENTO LOCATIVO,Menor a 1 SMMLV,Localidad 2 - Virgen y Turistica,URBANO,ADULTEZ (29-59),Víctima Conflicto Armado por Desplazamiento Forzado,CORVIVIENDA,Básica primaria (1.o - 5.o),Mujer,Soltero(a),Trabajador Independiente,"Negro(a), mulato(a), afrodescendiente, afrocolombiano(a)",17082000.0
SANEAMIENTO LOCATIVO,No tiene,Localidad 2 - Virgen y Turistica,URBANO,ADULTEZ (29-59),Víctima Conflicto Armado por Desplazamiento Forzado,CORVIVIENDA,Básica secundaria (6.o - 9.o),Mujer,Soltero(a),Ama de Casa/Cuidador,Ninguno,17082000.0
SANEAMIENTO LOCATIVO,No tiene,Localidad 2 - Virgen y Turistica,URBANO,ADULTEZ (29-59),Víctima Conflicto Armado por Desplazamiento Forzado,CORVIVIENDA,Básica secundaria (6.o - 9.o),Mujer,Unión libre,Ama de Casa/Cuidador,Ninguno,17082000.0
SANEAMIENTO LOCATIVO,Menor a 1 SMMLV,Localidad 2 - Virgen y Turistica,URBANO,ADULTO MAYOR (60 o más),Víctima Conflicto Armado por Desplazamiento Forzado,CORVIVIENDA,Media (10.o - 13.o),Hombre,Soltero(a),Trabajador Independiente,Ninguno,17082000.0
SANEAMIENTO LOCATIVO,Menor a 1 SMMLV,Localidad 2 - Virgen y Turistica,URBANO,ADULTEZ (29-59),Víctima Conflicto Armado por Desplazamiento Forzado,CORVIVIENDA,Media (10.o - 13.o),Mujer,Soltero(a),Trabajador Independiente,Ninguno,17082000.0
SANEAMIENTO LOCATIVO,No tiene,Localidad 2 - Virgen y Turistica,URBANO,JUVENTUD (18-28),Víctima Conflicto Armado por Desplazamiento Forzado,CORVIVIENDA,Básica secundaria (6.o - 9.o),Mujer,Unión libre,Ama de Casa/Cuidador,Ninguno,17082000.0
SANEAMIENTO LOCATIVO,Menor a 1 SMMLV,Localidad 2 - Virgen y Turistica,URBANO,ADULTEZ (29-59),Víctima Conflicto Armado por Desplazamiento Forzado,CORVIVIENDA,Básica secundaria (6.o - 9.o),Mujer,Unión libre,Trabajador Independiente,Ninguno,17082000.0
SANEAMIENTO LOCATIVO,Menor a 1 SMMLV,Localidad 2 - Virgen y Turistica,URBANO,ADULTEZ (29-59),Víctima Conflicto Armado por Desplazamiento Forzado,CORVIVIENDA,Básica secundaria (6.o - 9.o),Mujer,Unión libre,Ama de Casa/Cuidador,Ninguno,17082000.0
SANEAMIENTO LOCATIVO,Menor a 1 SMMLV,Localidad 2 - Virgen y Turistica,URBANO,ADULTO MAYOR (60 o más),Víctima Conflicto Armado por Desplazamiento Forzado,CORVIVIENDA,Básica secundaria (6.o - 9.o),Mujer,Unión libre,Ama de Casa/Cuidador,Ninguno,17082000.0
SANEAMIENTO LOCATIVO,Menor a 1 SMMLV,Localidad 2 - Virgen y Turistica,URBANO,ADULTEZ (29-59),Víctima Conflicto Armado por Desplazamiento Forzado,CORVIVIENDA,Básica secundaria (6.o - 9.o),Mujer,Unión libre,Trabajador Independiente,"Negro(a), mulato(a), afrodescendiente, afrocolombiano(a)",17082000.0
SANEAMIENTO LOCATIVO,Menor a 1 SMMLV,Localidad 3 - Industrial y de la Bahía,URBANO,ADULTEZ (29-59),Víctima Conflicto Armado por Desplazamiento Forzado,CORVIVIENDA,Básica primaria (1.o - 5.o),Hombre,Casado(a),Trabajador Independiente,Ninguno,17082000.0
SANEAMIENTO LOCATIVO,No tiene,Localidad 2 - Virgen y Turistica,URBANO,ADULTO MAYOR (60 o más),Víctima Conflicto Armado por Desplazamiento Forzado,CORVIVIENDA,Básica primaria (1.o - 5.o),Hombre,Casado(a),Trabajador Independiente,"Negro(a), mulato(a), afrodescendiente, afrocolombiano(a)",17082000.0
SANEAMIENTO LOCATIVO,Menor a 1 SMMLV,Localidad 2 - Virgen y Turistica,URBANO,ADULTO MAYOR (60 o más),Víctima Conflicto Armado por Desplazamiento Forzado,CORVIVIENDA,Básica primaria (1.o - 5.o),Mujer,Unión libre,Ama de Casa/Cuidador,Otro,17082000.0
SANEAMIENTO LOCATIVO,NO REPORTADO,NO REPORTADO,NO REPORTADO,NO DISPONIBLE,NO REGISTRADO,CORVIVIENDA,NO REPORTADO,Mujer,NO REPORTADO,NO REPORTADO,NO REPORTADO,31516290.0
NO REPORTADO,NO REPORTADO,NO REPORTADO,NO REPORTADO,NO DISPONIBLE,NO REGISTRADO,CORVIVIENDA,NO REPORTADO,Hombre,NO REPORTADO,NO REPORTADO,NO REPORTADO,42021720.0
